student_id,exam_type,grade,sub_segment,vle_total_clicks,avg_focus_duration_mins,phone_distraction_10min_count,parent_report_open_rate,assessment_avg_score,late_submission_ratio,anxiety_survey_score,night_study_ratio,churn_90d
STU_10000,LGS,8,Başlayamayan,87,10.8,1,0.36,54.9,0.73,8.3,0.58,0
STU_10001,YKS_TYT_AYT,11,Başlayamayan,190,6.3,3,0.44,43.9,0.66,7.6,0.33,1
STU_10002,YKS_TYT_AYT,12,Telefonla Dağılan,480,24.1,8,0.44,69.8,0.63,6.5,0.41,0
STU_10003,YKS_TYT_AYT,11,Başlayamayan,93,13.4,2,0.22,44.4,0.73,5.5,0.18,1
STU_10004,LGS,8,Başlayamayan,121,16.8,0,0.1,49.7,0.43,4.5,0.35,1
STU_10005,LGS,8,Kaygıyla Erteleyen,171,34.7,2,0.91,81.7,0.72,10.0,0.18,0
STU_10006,LGS,8,Kaygıyla Erteleyen,368,26.1,1,0.63,77.1,0.93,8.5,0.4,1
STU_10007,YKS_TYT_AYT,11,Geceye Kayan,460,28.2,4,0.68,60.6,0.51,9.3,0.93,0
STU_10008,YKS_TYT_AYT,12,Kaygıyla Erteleyen,305,23.2,3,0.82,51.3,0.72,10.0,0.54,0
STU_10009,YKS_TYT_AYT,Mezun,Telefonla Dağılan,476,27.5,4,0.63,65.4,0.49,4.5,0.48,1
STU_10010,LGS,8,Başlayamayan,95,13.9,1,0.24,54.3,0.46,4.3,0.09,0
STU_10011,YKS_TYT_AYT,12,Kaygıyla Erteleyen,295,37.5,3,0.77,60.3,0.57,9.6,0.28,1
STU_10012,YKS_TYT_AYT,12,Kaygıyla Erteleyen,295,18.3,1,0.75,58.0,0.55,8.4,0.77,1
STU_10013,LGS,8,Kaygıyla Erteleyen,311,30.2,1,0.45,55.2,0.74,8.0,0.43,0
STU_10014,LGS,8,Telefonla Dağılan,628,23.9,2,0.74,61.6,0.2,2.7,0.32,0
STU_10015,LGS,8,Yarıda Bırakan,207,13.3,1,0.57,36.9,0.21,1.6,0.08,0
STU_10016,LGS,8,Kaygıyla Erteleyen,498,20.3,2,0.83,72.8,0.53,9.6,0.57,1
STU_10017,YKS_TYT_AYT,12,Telefonla Dağılan,432,21.1,8,0.44,62.4,0.45,5.2,0.15,0
STU_10018,YKS_TYT_AYT,12,Geceye Kayan,805,38.4,3,0.71,61.5,0.37,5.3,0.46,0
STU_10019,LGS,8,Başlayamayan,177,16.9,1,0.4,47.5,0.85,8.1,0.19,1
STU_10020,YKS_TYT_AYT,12,Yarıda Bırakan,240,15.9,5,0.42,57.8,0.55,5.9,0.34,1
STU_10021,LGS,8,Başlayamayan,115,11.8,3,0.06,41.5,0.72,4.8,0.36,0
STU_10022,LGS,8,Kaygıyla Erteleyen,383,23.3,2,0.87,64.5,0.56,9.6,0.26,1
STU_10023,LGS,8,Başlayamayan,118,14.7,1,0.44,44.9,0.6,9.8,0.51,1
STU_10024,YKS_TYT_AYT,Mezun,Başlayamayan,138,14.4,1,0.1,56.9,0.65,6.2,0.07,1
STU_10025,YKS_TYT_AYT,Mezun,Geceye Kayan,477,31.5,4,0.67,78.1,0.1,3.2,0.78,0
STU_10026,LGS,8,Başlayamayan,107,7.6,2,0.04,52.7,0.42,3.2,0.19,1
STU_10027,YKS_TYT_AYT,12,Kaygıyla Erteleyen,379,24.3,1,0.92,78.3,0.52,9.6,0.25,0
STU_10028,YKS_TYT_AYT,12,Yarıda Bırakan,240,29.1,5,0.32,56.3,0.51,4.7,0.17,0
STU_10029,LGS,8,Kaygıyla Erteleyen,317,33.9,1,0.97,54.4,0.8,8.6,0.39,0
STU_10030,YKS_TYT_AYT,12,Telefonla Dağılan,613,26.3,10,0.48,45.4,0.29,6.9,0.64,0
STU_10031,LGS,8,Geceye Kayan,569,41.4,5,0.64,69.1,0.67,6.9,0.81,0
STU_10032,LGS,8,Geceye Kayan,423,34.5,7,0.61,81.5,0.23,3.9,0.91,1
STU_10033,YKS_TYT_AYT,Mezun,Başlayamayan,147,9.4,0,0.15,51.9,0.82,7.7,0.2,0
STU_10034,YKS_TYT_AYT,12,Başlayamayan,57,12.6,3,0.44,45.5,0.87,5.3,0.34,0
STU_10035,YKS_TYT_AYT,11,Yarıda Bırakan,227,12.5,4,0.47,44.0,0.48,5.8,0.27,0
STU_10036,LGS,8,Telefonla Dağılan,437,30.0,4,0.75,66.7,0.6,4.4,0.32,0
STU_10037,LGS,8,Geceye Kayan,509,50.2,2,0.4,63.5,0.45,7.1,0.79,0
STU_10038,YKS_TYT_AYT,Mezun,Yarıda Bırakan,251,16.7,1,0.42,40.6,0.57,5.6,0.41,1
STU_10039,YKS_TYT_AYT,11,Telefonla Dağılan,545,21.2,6,0.57,67.2,0.18,4.0,0.56,0
STU_10040,LGS,8,Başlayamayan,161,16.9,1,0.32,44.5,0.66,3.1,0.26,0
STU_10041,YKS_TYT_AYT,Mezun,Kaygıyla Erteleyen,472,23.1,2,0.73,65.2,0.96,8.4,0.1,0
STU_10042,LGS,8,Geceye Kayan,628,44.2,1,0.51,69.5,0.68,3.1,0.92,0
STU_10043,YKS_TYT_AYT,12,Yarıda Bırakan,314,11.8,3,0.2,66.5,0.53,4.1,0.26,0
STU_10044,LGS,8,Telefonla Dağılan,419,28.8,4,0.38,71.2,0.42,5.5,0.87,1
STU_10045,YKS_TYT_AYT,11,Başlayamayan,84,16.5,3,0.63,58.4,0.59,7.8,0.34,0
STU_10046,LGS,8,Telefonla Dağılan,297,23.8,5,0.57,69.1,0.16,6.8,0.73,1
STU_10047,YKS_TYT_AYT,11,Telefonla Dağılan,670,30.6,7,0.63,38.9,0.51,4.9,0.26,0
STU_10048,YKS_TYT_AYT,12,Başlayamayan,90,9.0,3,0.53,23.5,0.73,7.4,0.15,0
STU_10049,LGS,8,Yarıda Bırakan,189,12.1,0,0.38,56.9,0.68,4.4,0.15,0
STU_10050,YKS_TYT_AYT,12,Yarıda Bırakan,320,21.3,1,0.58,47.9,0.22,3.1,0.59,1
STU_10051,YKS_TYT_AYT,Mezun,Telefonla Dağılan,616,29.6,4,0.48,63.0,0.35,4.2,0.39,0
STU_10052,YKS_TYT_AYT,12,Telefonla Dağılan,578,15.8,7,0.9,62.5,0.44,4.1,0.46,1
STU_10053,YKS_TYT_AYT,12,Başlayamayan,207,9.0,3,0.59,64.7,0.67,5.2,0.62,1
STU_10054,YKS_TYT_AYT,11,Kaygıyla Erteleyen,246,12.9,3,0.75,77.5,0.8,7.9,0.07,0
STU_10055,YKS_TYT_AYT,12,Telefonla Dağılan,483,18.1,6,0.63,65.1,0.61,5.2,0.33,1
STU_10056,LGS,8,Yarıda Bırakan,223,20.2,1,0.24,54.5,0.39,5.2,0.43,1
STU_10057,LGS,8,Başlayamayan,111,9.0,1,0.37,60.6,0.87,6.1,0.2,1
STU_10058,LGS,8,Kaygıyla Erteleyen,235,38.0,2,0.85,90.5,0.84,8.5,0.35,1
STU_10059,LGS,8,Geceye Kayan,539,47.8,2,0.68,71.9,0.54,6.7,0.67,0
STU_10060,LGS,8,Yarıda Bırakan,141,11.6,3,0.72,47.7,0.76,6.5,0.3,1
STU_10061,LGS,8,Yarıda Bırakan,201,8.5,5,0.67,54.4,0.46,4.7,0.59,0
STU_10062,YKS_TYT_AYT,12,Başlayamayan,70,17.0,0,0.17,56.0,0.54,7.9,0.15,1
STU_10063,LGS,8,Telefonla Dağılan,304,23.4,6,0.66,58.2,0.79,3.9,0.33,1
STU_10064,LGS,8,Başlayamayan,93,13.7,2,0.15,39.3,0.8,8.1,0.1,0
STU_10065,YKS_TYT_AYT,12,Yarıda Bırakan,270,7.0,4,0.16,64.9,0.62,4.7,0.52,1
STU_10066,LGS,8,Telefonla Dağılan,625,19.1,4,0.65,68.2,0.44,6.3,0.7,1
STU_10067,YKS_TYT_AYT,11,Telefonla Dağılan,796,17.4,9,0.47,59.5,0.4,2.3,0.88,0
STU_10068,LGS,8,Yarıda Bırakan,240,13.0,5,0.29,64.3,0.62,6.3,0.05,1
STU_10069,YKS_TYT_AYT,12,Yarıda Bırakan,258,14.9,3,0.64,49.5,0.84,4.4,0.28,1
STU_10070,YKS_TYT_AYT,12,Telefonla Dağılan,478,19.0,6,0.35,51.1,0.53,2.8,0.4,1
STU_10071,LGS,8,Başlayamayan,101,19.0,1,0.64,56.1,0.66,8.5,0.55,0
STU_10072,LGS,8,Başlayamayan,46,12.3,2,0.07,48.4,0.6,4.1,0.58,1
STU_10073,YKS_TYT_AYT,12,Geceye Kayan,658,36.0,7,0.72,87.8,0.5,5.1,0.67,1
STU_10074,YKS_TYT_AYT,12,Başlayamayan,79,12.4,1,0.05,45.3,0.87,7.3,0.29,0
STU_10075,YKS_TYT_AYT,12,Telefonla Dağılan,439,32.4,2,0.59,70.2,0.24,5.0,0.93,0
STU_10076,YKS_TYT_AYT,Mezun,Geceye Kayan,687,35.4,8,0.56,81.5,0.19,2.6,0.99,1
STU_10077,LGS,8,Yarıda Bırakan,251,14.0,5,0.8,59.5,0.66,5.9,0.25,0
STU_10078,LGS,8,Yarıda Bırakan,196,12.0,2,0.3,51.0,0.29,6.1,0.36,0
STU_10079,LGS,8,Telefonla Dağılan,533,25.3,5,0.21,46.4,0.28,3.6,0.59,0
STU_10080,YKS_TYT_AYT,12,Geceye Kayan,569,38.0,2,0.53,84.8,0.51,5.4,0.86,1
STU_10081,YKS_TYT_AYT,12,Geceye Kayan,619,46.5,3,0.6,89.8,0.04,5.7,0.84,0
STU_10082,LGS,8,Telefonla Dağılan,666,21.1,8,0.65,76.5,0.5,5.3,0.59,1
STU_10083,LGS,8,Başlayamayan,175,11.2,1,0.17,62.3,0.94,3.9,0.55,0
STU_10084,LGS,8,Telefonla Dağılan,558,20.1,5,0.58,55.7,0.53,3.6,0.61,0
STU_10085,LGS,8,Yarıda Bırakan,247,13.3,1,0.22,68.9,0.4,4.9,0.14,1
STU_10086,YKS_TYT_AYT,Mezun,Telefonla Dağılan,448,22.9,5,0.42,68.4,0.39,4.3,0.67,0
STU_10087,YKS_TYT_AYT,12,Başlayamayan,105,16.0,2,0.65,57.5,0.63,8.0,0.45,1
STU_10088,YKS_TYT_AYT,12,Başlayamayan,161,20.0,0,0.25,31.1,0.5,7.6,0.31,0
STU_10089,YKS_TYT_AYT,12,Kaygıyla Erteleyen,269,33.0,2,0.76,77.7,0.77,10.0,0.36,0
STU_10090,LGS,8,Yarıda Bırakan,181,13.4,3,0.3,48.4,0.39,3.3,0.35,1
STU_10091,YKS_TYT_AYT,12,Yarıda Bırakan,153,30.7,1,0.65,65.1,0.4,5.7,0.3,0
STU_10092,YKS_TYT_AYT,12,Yarıda Bırakan,345,20.3,2,0.45,57.4,0.76,4.9,0.37,1
STU_10093,YKS_TYT_AYT,11,Kaygıyla Erteleyen,217,25.1,1,0.77,73.7,0.97,8.3,0.47,1
STU_10094,YKS_TYT_AYT,12,Telefonla Dağılan,613,16.0,4,0.42,82.0,0.77,2.6,0.39,0
STU_10095,YKS_TYT_AYT,12,Yarıda Bırakan,246,15.7,2,0.54,71.8,0.41,6.7,0.38,1
STU_10096,YKS_TYT_AYT,12,Başlayamayan,136,5.8,2,0.56,52.8,0.51,7.1,0.55,1
STU_10097,YKS_TYT_AYT,11,Yarıda Bırakan,231,19.5,0,0.59,50.4,0.2,4.1,0.53,0
STU_10098,LGS,8,Geceye Kayan,552,44.8,2,0.48,75.5,0.14,6.5,0.84,1
STU_10099,LGS,8,Telefonla Dağılan,396,27.6,3,0.69,71.0,0.61,4.9,0.59,0
STU_10100,LGS,8,Telefonla Dağılan,519,27.3,3,0.58,71.5,0.51,3.9,0.32,0
STU_10101,YKS_TYT_AYT,12,Telefonla Dağılan,656,27.8,11,0.8,62.5,0.11,3.4,0.44,1
STU_10102,LGS,8,Yarıda Bırakan,249,18.3,4,0.52,73.0,0.18,6.4,0.18,0
STU_10103,YKS_TYT_AYT,12,Kaygıyla Erteleyen,285,31.3,1,0.65,53.5,0.86,8.9,0.51,0
STU_10104,YKS_TYT_AYT,11,Telefonla Dağılan,479,21.8,8,0.74,70.3,0.64,6.4,0.32,0
STU_10105,LGS,8,Başlayamayan,170,9.3,0,0.27,49.3,0.48,7.7,0.31,0
STU_10106,LGS,8,Başlayamayan,82,19.5,3,0.07,44.9,0.89,5.4,0.33,1
STU_10107,YKS_TYT_AYT,12,Telefonla Dağılan,421,17.8,4,0.56,68.2,0.43,3.6,0.4,1
STU_10108,LGS,8,Geceye Kayan,533,42.1,3,0.83,75.9,0.42,4.6,0.89,0
STU_10109,LGS,8,Yarıda Bırakan,404,13.2,3,0.36,51.9,0.29,4.5,0.22,1
STU_10110,LGS,8,Kaygıyla Erteleyen,334,27.5,3,0.88,77.2,0.93,8.5,0.28,0
STU_10111,LGS,8,Kaygıyla Erteleyen,282,30.3,3,0.68,56.8,0.93,8.6,0.36,0
STU_10112,YKS_TYT_AYT,12,Yarıda Bırakan,214,18.2,3,0.23,49.1,0.27,2.0,0.49,0
STU_10113,YKS_TYT_AYT,12,Başlayamayan,173,9.4,3,0.19,38.9,0.28,4.6,0.11,1
STU_10114,YKS_TYT_AYT,Mezun,Başlayamayan,160,16.3,1,0.16,70.6,0.73,6.5,0.58,0
STU_10115,YKS_TYT_AYT,12,Telefonla Dağılan,509,12.5,11,0.61,51.1,0.43,6.0,0.58,0
STU_10116,YKS_TYT_AYT,12,Başlayamayan,62,18.5,1,0.21,49.8,0.87,7.5,0.27,0
STU_10117,LGS,8,Yarıda Bırakan,208,21.0,3,0.37,42.2,0.3,5.2,0.5,0
STU_10118,YKS_TYT_AYT,11,Telefonla Dağılan,540,20.5,4,0.87,79.3,0.25,4.2,0.62,0
STU_10119,YKS_TYT_AYT,12,Telefonla Dağılan,377,14.4,4,0.66,64.4,0.35,5.8,0.37,0
STU_10120,YKS_TYT_AYT,11,Başlayamayan,105,19.6,1,0.38,43.1,0.95,7.4,0.36,0
STU_10121,YKS_TYT_AYT,12,Yarıda Bırakan,354,17.3,3,0.23,43.7,0.63,5.3,0.1,0
STU_10122,LGS,8,Telefonla Dağılan,423,19.4,7,0.75,54.1,0.41,7.6,0.67,1
STU_10123,LGS,8,Telefonla Dağılan,433,9.1,8,0.72,61.1,0.29,3.7,0.44,1
STU_10124,LGS,8,Kaygıyla Erteleyen,605,31.4,2,0.65,41.0,0.8,9.8,0.21,0
STU_10125,YKS_TYT_AYT,12,Başlayamayan,94,9.8,0,0.32,43.9,0.55,7.9,0.2,0
STU_10126,YKS_TYT_AYT,12,Kaygıyla Erteleyen,185,23.1,0,0.72,84.5,0.57,8.9,0.26,0
STU_10127,YKS_TYT_AYT,11,Telefonla Dağılan,407,30.9,8,0.57,50.0,0.43,6.2,0.24,0
STU_10128,LGS,8,Telefonla Dağılan,615,36.9,5,0.78,49.6,0.37,3.6,0.19,1
STU_10129,YKS_TYT_AYT,12,Telefonla Dağılan,504,12.2,5,0.84,46.7,0.34,4.5,0.43,1
STU_10130,LGS,8,Yarıda Bırakan,178,13.7,2,0.42,47.2,0.6,5.8,0.5,1
STU_10131,LGS,8,Başlayamayan,60,13.6,1,0.45,33.5,0.91,4.6,0.28,1
STU_10132,LGS,8,Telefonla Dağılan,471,29.0,7,0.51,60.9,0.49,6.0,0.52,0
STU_10133,LGS,8,Telefonla Dağılan,634,12.7,5,0.7,72.1,0.75,2.5,0.2,1
STU_10134,YKS_TYT_AYT,11,Telefonla Dağılan,554,20.4,2,0.73,59.6,0.27,3.9,0.8,1
STU_10135,LGS,8,Yarıda Bırakan,243,21.8,4,0.07,49.0,0.15,5.2,0.64,1
STU_10136,YKS_TYT_AYT,11,Geceye Kayan,406,28.2,5,0.5,81.1,0.28,2.6,0.89,0
STU_10137,YKS_TYT_AYT,12,Telefonla Dağılan,493,18.6,7,0.62,67.6,0.34,3.6,0.5,0
STU_10138,LGS,8,Başlayamayan,40,7.6,1,0.4,43.7,0.7,4.3,0.2,0
STU_10139,YKS_TYT_AYT,12,Yarıda Bırakan,224,13.3,3,0.44,76.6,0.18,6.5,0.52,1
STU_10140,YKS_TYT_AYT,12,Kaygıyla Erteleyen,524,19.3,1,0.43,48.0,0.85,8.5,0.53,0
STU_10141,LGS,8,Kaygıyla Erteleyen,426,28.3,2,0.71,58.7,0.92,7.8,0.19,0
STU_10142,YKS_TYT_AYT,Mezun,Telefonla Dağılan,491,21.7,4,0.8,73.4,0.66,3.8,0.37,0
STU_10143,LGS,8,Geceye Kayan,604,32.0,3,0.39,79.1,0.32,5.9,0.77,1
STU_10144,LGS,8,Yarıda Bırakan,290,18.9,4,0.18,35.5,0.49,5.2,0.36,0
STU_10145,LGS,8,Yarıda Bırakan,196,25.1,1,0.49,51.3,0.74,7.6,0.35,1
STU_10146,YKS_TYT_AYT,Mezun,Geceye Kayan,488,16.0,4,0.5,82.4,0.47,4.0,0.55,1
STU_10147,YKS_TYT_AYT,Mezun,Geceye Kayan,341,15.1,2,0.53,81.9,0.63,6.9,0.8,0
STU_10148,LGS,8,Telefonla Dağılan,524,36.6,4,0.37,70.3,0.5,3.2,0.59,0
STU_10149,LGS,8,Kaygıyla Erteleyen,274,25.2,1,0.79,82.0,0.71,8.2,0.49,1
STU_10150,YKS_TYT_AYT,11,Başlayamayan,168,16.4,2,0.38,47.1,0.87,6.8,0.06,0
STU_10151,LGS,8,Kaygıyla Erteleyen,231,28.7,2,0.74,59.1,0.72,8.1,0.51,0
STU_10152,LGS,8,Yarıda Bırakan,331,15.1,5,0.35,58.1,0.65,4.3,0.7,1
STU_10153,YKS_TYT_AYT,12,Başlayamayan,162,10.7,1,0.71,52.5,0.73,4.9,0.7,0
STU_10154,YKS_TYT_AYT,12,Yarıda Bırakan,345,17.8,4,0.21,58.7,0.39,4.1,0.47,1
STU_10155,LGS,8,Yarıda Bırakan,418,16.5,8,0.19,60.5,0.17,6.4,0.06,1
STU_10156,YKS_TYT_AYT,Mezun,Yarıda Bırakan,172,25.4,2,0.16,42.8,0.21,3.6,0.24,1
STU_10157,YKS_TYT_AYT,Mezun,Yarıda Bırakan,338,3.0,1,0.5,61.6,0.43,5.4,0.24,1
STU_10158,LGS,8,Başlayamayan,112,12.5,4,0.15,57.1,0.95,9.2,0.06,0
STU_10159,YKS_TYT_AYT,11,Yarıda Bırakan,278,15.1,8,0.56,54.2,0.23,5.3,0.53,1
STU_10160,LGS,8,Telefonla Dağılan,436,27.9,7,0.73,64.4,0.42,3.5,0.68,0
STU_10161,YKS_TYT_AYT,11,Yarıda Bırakan,229,8.3,1,0.61,57.8,0.7,7.4,0.14,1
STU_10162,YKS_TYT_AYT,11,Yarıda Bırakan,295,20.9,2,0.6,49.8,0.49,3.4,0.59,1
STU_10163,YKS_TYT_AYT,12,Telefonla Dağılan,675,35.0,4,0.61,64.4,0.72,3.9,0.65,1
STU_10164,LGS,8,Geceye Kayan,381,32.4,8,0.62,74.7,0.35,7.7,0.78,1
STU_10165,YKS_TYT_AYT,12,Kaygıyla Erteleyen,303,32.7,4,0.85,66.9,0.71,10.0,0.39,0
STU_10166,LGS,8,Yarıda Bırakan,281,24.3,5,0.29,46.4,0.34,3.9,0.07,1
STU_10167,LGS,8,Telefonla Dağılan,474,30.1,8,0.7,53.9,0.46,4.1,0.58,0
STU_10168,LGS,8,Başlayamayan,122,3.0,1,0.17,42.6,0.73,7.4,0.39,1
STU_10169,YKS_TYT_AYT,11,Başlayamayan,97,3.9,1,0.43,55.2,0.79,6.0,0.49,1
STU_10170,YKS_TYT_AYT,12,Yarıda Bırakan,221,19.7,5,0.63,60.3,0.32,3.0,0.42,0
STU_10171,LGS,8,Kaygıyla Erteleyen,460,33.8,2,0.91,64.6,0.81,10.0,0.14,0
STU_10172,YKS_TYT_AYT,12,Yarıda Bırakan,202,22.6,1,0.16,46.9,0.65,8.4,0.31,0
STU_10173,LGS,8,Başlayamayan,127,14.0,2,0.18,63.7,0.73,7.7,0.21,1
STU_10174,YKS_TYT_AYT,Mezun,Başlayamayan,86,13.3,2,0.33,66.7,0.56,7.3,0.26,1
STU_10175,LGS,8,Kaygıyla Erteleyen,184,33.0,2,0.49,51.8,0.91,10.0,0.19,0
STU_10176,YKS_TYT_AYT,12,Telefonla Dağılan,586,22.5,7,0.35,48.3,0.16,6.2,0.77,1
STU_10177,LGS,8,Yarıda Bırakan,200,17.4,3,0.78,58.1,0.38,8.1,0.21,0
STU_10178,YKS_TYT_AYT,Mezun,Telefonla Dağılan,465,29.4,5,0.8,63.0,0.51,4.7,0.62,0
STU_10179,LGS,8,Telefonla Dağılan,707,6.2,7,0.55,61.1,0.36,5.9,0.31,0
STU_10180,LGS,8,Telefonla Dağılan,530,19.5,7,0.23,54.0,0.09,4.6,0.29,0
STU_10181,LGS,8,Yarıda Bırakan,218,26.8,2,0.69,38.4,0.58,6.0,0.51,0
STU_10182,YKS_TYT_AYT,12,Kaygıyla Erteleyen,258,33.5,1,0.38,63.0,0.51,9.5,0.19,0
STU_10183,YKS_TYT_AYT,12,Yarıda Bırakan,241,22.8,2,0.54,44.3,0.35,5.7,0.23,0
STU_10184,LGS,8,Telefonla Dağılan,544,32.8,11,0.46,55.9,0.32,5.1,0.29,1
STU_10185,YKS_TYT_AYT,12,Başlayamayan,100,9.6,0,0.11,29.4,0.79,7.0,0.6,1
STU_10186,YKS_TYT_AYT,11,Yarıda Bırakan,164,17.8,3,0.23,63.9,0.79,5.5,0.3,0
STU_10187,YKS_TYT_AYT,12,Yarıda Bırakan,246,9.6,1,0.71,54.8,0.54,6.4,0.55,1
STU_10188,YKS_TYT_AYT,Mezun,Telefonla Dağılan,455,25.2,8,0.71,76.9,0.57,3.0,0.65,0
STU_10189,LGS,8,Başlayamayan,203,11.2,1,0.23,35.9,0.81,6.6,0.21,1
STU_10190,LGS,8,Kaygıyla Erteleyen,266,42.2,0,0.66,76.9,0.41,7.1,0.68,0
STU_10191,YKS_TYT_AYT,12,Başlayamayan,139,12.7,1,0.3,54.9,0.47,9.4,0.63,1
STU_10192,YKS_TYT_AYT,11,Telefonla Dağılan,675,23.4,3,0.75,54.9,0.59,3.7,0.73,1
STU_10193,YKS_TYT_AYT,Mezun,Kaygıyla Erteleyen,263,14.5,1,0.79,56.3,0.92,10.0,0.18,0
STU_10194,LGS,8,Telefonla Dağılan,462,24.0,5,0.72,64.2,0.63,5.6,0.44,1
STU_10195,LGS,8,Telefonla Dağılan,607,22.6,5,0.6,51.6,0.5,1.7,0.43,0
STU_10196,YKS_TYT_AYT,Mezun,Telefonla Dağılan,539,27.1,3,0.42,54.0,0.57,4.8,0.84,0
STU_10197,YKS_TYT_AYT,12,Yarıda Bırakan,287,10.0,3,0.55,54.0,0.94,5.4,0.3,0
STU_10198,YKS_TYT_AYT,12,Kaygıyla Erteleyen,267,17.1,2,0.85,75.0,0.84,9.3,0.58,0
STU_10199,YKS_TYT_AYT,11,Yarıda Bırakan,272,24.3,0,0.55,54.4,0.35,4.6,0.42,1
STU_10200,YKS_TYT_AYT,12,Telefonla Dağılan,397,27.1,5,0.75,74.2,0.27,3.7,0.43,1
STU_10201,LGS,8,Telefonla Dağılan,577,16.8,8,0.64,77.5,0.23,4.4,0.67,0
STU_10202,LGS,8,Yarıda Bırakan,192,23.4,1,0.72,43.9,0.74,4.2,0.26,0
STU_10203,YKS_TYT_AYT,12,Yarıda Bırakan,160,17.6,3,0.52,36.7,0.57,3.3,0.11,1
STU_10204,YKS_TYT_AYT,Mezun,Yarıda Bırakan,281,23.4,1,0.35,57.0,0.67,5.6,0.36,1
STU_10205,LGS,8,Kaygıyla Erteleyen,404,20.4,2,0.71,68.7,0.76,9.3,0.13,1
STU_10206,LGS,8,Geceye Kayan,618,36.8,1,0.86,80.0,0.22,5.0,0.56,0
STU_10207,YKS_TYT_AYT,12,Telefonla Dağılan,458,21.4,4,0.56,61.6,0.47,3.8,0.39,1
STU_10208,LGS,8,Telefonla Dağılan,399,19.4,7,0.62,47.7,0.39,3.7,0.39,0
STU_10209,LGS,8,Geceye Kayan,694,45.2,5,0.38,81.2,0.32,6.1,0.88,0
STU_10210,YKS_TYT_AYT,12,Başlayamayan,174,11.0,1,0.33,37.4,0.92,6.7,0.15,1
STU_10211,YKS_TYT_AYT,11,Yarıda Bırakan,260,20.4,2,0.2,48.4,0.28,3.8,0.39,0
STU_10212,YKS_TYT_AYT,12,Telefonla Dağılan,494,20.6,7,0.57,65.2,0.35,7.1,0.82,0
STU_10213,LGS,8,Kaygıyla Erteleyen,194,27.7,1,0.7,86.7,0.71,8.1,0.15,0
STU_10214,YKS_TYT_AYT,11,Kaygıyla Erteleyen,309,11.5,2,0.74,76.6,0.7,8.6,0.47,1
STU_10215,LGS,8,Yarıda Bırakan,198,15.0,3,0.51,61.6,0.49,4.2,0.72,1
STU_10216,LGS,8,Başlayamayan,121,11.6,1,0.29,47.8,0.88,9.8,0.27,0
STU_10217,YKS_TYT_AYT,12,Yarıda Bırakan,394,12.8,1,0.42,45.6,0.36,4.8,0.5,0
STU_10218,YKS_TYT_AYT,Mezun,Yarıda Bırakan,263,22.7,3,0.55,42.2,0.59,3.8,0.25,0
STU_10219,YKS_TYT_AYT,11,Yarıda Bırakan,142,20.8,4,0.27,55.0,0.34,4.1,0.08,1
STU_10220,YKS_TYT_AYT,11,Kaygıyla Erteleyen,399,28.0,2,0.8,58.9,0.82,8.0,0.36,0
STU_10221,YKS_TYT_AYT,12,Başlayamayan,140,5.6,1,0.23,43.2,0.81,6.2,0.34,1
STU_10222,LGS,8,Kaygıyla Erteleyen,343,25.6,1,0.5,63.3,0.65,8.4,0.83,0
STU_10223,LGS,8,Yarıda Bırakan,152,20.5,4,0.34,67.5,0.42,3.8,0.28,0
STU_10224,LGS,8,Telefonla Dağılan,644,19.0,5,0.59,56.7,0.44,2.5,0.1,1
STU_10225,LGS,8,Başlayamayan,121,12.1,0,0.5,37.8,0.94,6.2,0.62,0
STU_10226,YKS_TYT_AYT,Mezun,Yarıda Bırakan,163,24.9,4,0.57,68.4,0.7,6.5,0.25,1
STU_10227,LGS,8,Başlayamayan,87,11.7,0,0.27,41.4,0.9,7.0,0.24,0
STU_10228,YKS_TYT_AYT,12,Geceye Kayan,662,22.4,6,0.53,83.8,0.33,3.9,0.72,0
STU_10229,YKS_TYT_AYT,12,Kaygıyla Erteleyen,239,33.3,4,0.56,66.3,0.84,8.7,0.09,0
STU_10230,YKS_TYT_AYT,11,Yarıda Bırakan,148,20.9,1,0.65,41.9,0.17,5.0,0.23,0
STU_10231,YKS_TYT_AYT,12,Yarıda Bırakan,152,29.0,3,0.16,63.1,0.71,5.7,0.55,0
STU_10232,YKS_TYT_AYT,12,Geceye Kayan,630,40.8,4,0.17,74.6,0.17,5.9,0.91,0
STU_10233,YKS_TYT_AYT,Mezun,Yarıda Bırakan,347,18.0,2,0.87,43.7,0.45,4.7,0.31,0
STU_10234,LGS,8,Başlayamayan,185,12.4,2,0.33,55.7,0.78,4.4,0.48,1
STU_10235,YKS_TYT_AYT,12,Telefonla Dağılan,678,27.2,8,0.35,46.3,0.36,5.4,0.65,0
STU_10236,LGS,8,Geceye Kayan,498,33.5,1,0.44,77.6,0.34,2.4,0.74,0
STU_10237,LGS,8,Başlayamayan,143,7.9,0,0.26,48.1,0.35,7.5,0.25,1
STU_10238,YKS_TYT_AYT,11,Yarıda Bırakan,204,15.5,1,0.62,42.9,0.3,3.6,0.63,1
STU_10239,LGS,8,Geceye Kayan,464,35.8,5,0.52,70.9,0.41,6.1,0.89,1
STU_10240,YKS_TYT_AYT,11,Başlayamayan,180,7.4,2,0.31,55.4,0.93,5.1,0.65,1
STU_10241,YKS_TYT_AYT,12,Başlayamayan,99,11.3,1,0.49,57.8,0.88,4.6,0.39,1
STU_10242,YKS_TYT_AYT,Mezun,Telefonla Dağılan,396,22.5,5,0.46,63.0,0.27,3.4,0.5,0
STU_10243,LGS,8,Kaygıyla Erteleyen,352,15.8,1,0.55,54.4,0.63,8.2,0.31,0
STU_10244,LGS,8,Telefonla Dağılan,546,28.2,7,0.53,58.7,0.24,3.3,0.67,0
STU_10245,YKS_TYT_AYT,11,Geceye Kayan,548,38.7,0,0.7,86.1,0.23,4.0,0.66,0
STU_10246,YKS_TYT_AYT,Mezun,Telefonla Dağılan,575,35.5,7,0.42,56.8,0.76,6.4,0.47,0
STU_10247,YKS_TYT_AYT,Mezun,Başlayamayan,85,3.5,1,0.55,57.8,0.73,6.0,0.25,0
STU_10248,YKS_TYT_AYT,11,Geceye Kayan,500,33.0,2,0.82,65.5,0.08,6.1,0.9,1
STU_10249,YKS_TYT_AYT,12,Yarıda Bırakan,216,18.2,1,0.73,61.6,0.57,3.0,0.27,1
STU_10250,LGS,8,Yarıda Bırakan,243,16.2,2,0.75,45.3,0.58,4.3,0.14,0
STU_10251,LGS,8,Telefonla Dağılan,707,27.0,8,0.39,70.7,0.52,6.4,0.58,0
STU_10252,YKS_TYT_AYT,Mezun,Yarıda Bırakan,275,24.3,4,0.28,53.8,0.43,7.3,0.47,1
STU_10253,LGS,8,Başlayamayan,59,16.5,4,0.31,58.0,0.93,10.0,0.2,1
STU_10254,LGS,8,Başlayamayan,116,11.1,0,0.12,52.5,0.73,6.8,0.26,1
STU_10255,YKS_TYT_AYT,12,Yarıda Bırakan,269,15.4,2,0.48,47.4,0.67,6.4,0.33,1
STU_10256,YKS_TYT_AYT,Mezun,Kaygıyla Erteleyen,264,31.8,4,0.77,69.0,0.94,6.8,0.19,0
STU_10257,YKS_TYT_AYT,12,Telefonla Dağılan,640,24.4,4,0.63,70.4,0.7,3.5,0.46,0
STU_10258,YKS_TYT_AYT,Mezun,Geceye Kayan,585,30.2,2,0.53,72.2,0.84,4.5,0.66,0
STU_10259,LGS,8,Yarıda Bırakan,237,17.5,1,0.58,55.4,0.66,4.6,0.3,1
STU_10260,YKS_TYT_AYT,12,Yarıda Bırakan,253,17.4,8,0.65,61.2,0.57,3.8,0.42,0
STU_10261,YKS_TYT_AYT,11,Başlayamayan,93,8.1,2,0.12,39.0,0.67,7.0,0.23,0
STU_10262,LGS,8,Başlayamayan,104,8.4,1,0.49,60.5,0.63,3.6,0.12,1
STU_10263,YKS_TYT_AYT,Mezun,Yarıda Bırakan,243,10.5,2,0.43,63.6,0.34,4.0,0.3,1
STU_10264,YKS_TYT_AYT,Mezun,Kaygıyla Erteleyen,359,29.8,4,0.96,82.1,0.79,8.7,0.3,1
STU_10265,YKS_TYT_AYT,Mezun,Geceye Kayan,683,36.1,5,0.55,73.4,0.23,5.8,0.74,0
STU_10266,YKS_TYT_AYT,11,Geceye Kayan,756,38.0,3,0.11,65.9,0.38,6.3,0.42,0
STU_10267,YKS_TYT_AYT,12,Yarıda Bırakan,290,24.0,2,0.53,54.9,0.26,3.7,0.35,0
STU_10268,LGS,8,Geceye Kayan,858,23.0,0,0.81,64.7,0.1,4.9,0.59,0
STU_10269,LGS,8,Yarıda Bırakan,189,13.4,4,0.25,84.0,0.53,4.2,0.48,0
STU_10270,YKS_TYT_AYT,11,Başlayamayan,112,17.5,1,0.2,56.7,0.63,6.6,0.18,1
STU_10271,YKS_TYT_AYT,12,Kaygıyla Erteleyen,202,15.1,2,0.55,78.3,0.91,8.2,0.24,0
STU_10272,YKS_TYT_AYT,12,Telefonla Dağılan,327,26.6,5,0.19,39.5,0.66,3.7,0.35,0
STU_10273,YKS_TYT_AYT,11,Başlayamayan,174,9.2,0,0.22,28.5,0.51,10.0,0.55,1
STU_10274,YKS_TYT_AYT,11,Yarıda Bırakan,165,9.5,4,0.37,65.9,0.73,6.2,0.45,1
STU_10275,YKS_TYT_AYT,11,Yarıda Bırakan,307,21.3,4,0.41,48.8,0.7,6.1,0.77,0
STU_10276,YKS_TYT_AYT,Mezun,Telefonla Dağılan,516,27.4,10,0.53,74.3,0.27,3.2,0.85,0
STU_10277,YKS_TYT_AYT,12,Yarıda Bırakan,278,17.7,0,0.41,53.0,0.42,7.0,0.09,0
STU_10278,YKS_TYT_AYT,Mezun,Geceye Kayan,657,35.3,3,0.46,65.2,0.24,4.9,0.77,0
STU_10279,YKS_TYT_AYT,12,Başlayamayan,88,3.0,1,0.16,56.1,0.78,5.9,0.31,0
STU_10280,YKS_TYT_AYT,12,Yarıda Bırakan,274,18.6,4,0.09,64.6,0.29,4.1,0.24,0
STU_10281,LGS,8,Telefonla Dağılan,515,14.5,13,0.77,67.3,0.31,5.7,0.57,1
STU_10282,LGS,8,Telefonla Dağılan,653,19.5,6,0.21,73.5,0.43,3.3,0.53,1
STU_10283,LGS,8,Yarıda Bırakan,378,21.8,3,0.62,49.6,0.5,6.4,0.14,1
STU_10284,YKS_TYT_AYT,11,Telefonla Dağılan,493,23.2,7,0.44,63.4,0.14,4.9,0.51,0
STU_10285,LGS,8,Kaygıyla Erteleyen,300,22.7,2,0.86,57.0,0.67,8.8,0.58,0
STU_10286,YKS_TYT_AYT,12,Geceye Kayan,629,43.1,3,0.86,78.4,0.32,6.1,0.93,0
STU_10287,YKS_TYT_AYT,12,Kaygıyla Erteleyen,248,31.9,2,0.87,88.0,0.88,7.9,0.2,0
STU_10288,LGS,8,Kaygıyla Erteleyen,245,29.3,1,0.8,100.0,0.92,8.3,0.7,0
STU_10289,YKS_TYT_AYT,11,Telefonla Dağılan,335,22.1,5,0.6,65.0,0.51,3.8,0.43,0
STU_10290,LGS,8,Kaygıyla Erteleyen,421,37.1,0,0.71,67.4,0.77,9.3,0.15,1
STU_10291,LGS,8,Yarıda Bırakan,204,10.8,2,0.31,40.1,0.81,4.3,0.56,1
STU_10292,YKS_TYT_AYT,11,Yarıda Bırakan,227,14.7,0,0.55,51.0,0.73,4.8,0.05,0
STU_10293,LGS,8,Yarıda Bırakan,216,18.0,4,0.38,50.3,0.54,5.7,0.57,1
STU_10294,LGS,8,Yarıda Bırakan,151,18.7,4,0.2,60.6,0.35,4.3,0.22,1
STU_10295,YKS_TYT_AYT,11,Yarıda Bırakan,240,18.2,2,0.47,63.2,0.64,6.3,0.1,0
STU_10296,YKS_TYT_AYT,11,Geceye Kayan,673,24.6,4,0.9,66.6,0.19,4.4,0.98,0
STU_10297,LGS,8,Yarıda Bırakan,186,15.2,3,0.3,52.2,0.68,1.7,0.09,0
STU_10298,YKS_TYT_AYT,12,Başlayamayan,96,15.7,2,0.36,52.5,0.81,7.3,0.42,1
STU_10299,LGS,8,Telefonla Dağılan,625,28.1,13,0.64,73.1,0.38,4.9,0.56,0
STU_10300,LGS,8,Başlayamayan,123,18.0,0,0.27,51.3,0.61,4.7,0.43,1
STU_10301,YKS_TYT_AYT,11,Başlayamayan,112,7.9,1,0.28,38.9,0.79,5.4,0.11,1
STU_10302,YKS_TYT_AYT,12,Başlayamayan,94,12.9,5,0.19,44.9,0.8,7.3,0.33,1
STU_10303,YKS_TYT_AYT,12,Yarıda Bırakan,222,25.1,5,0.38,36.7,0.44,5.8,0.48,1
STU_10304,YKS_TYT_AYT,11,Yarıda Bırakan,290,16.9,4,0.58,45.8,0.83,6.9,0.52,0
STU_10305,YKS_TYT_AYT,12,Kaygıyla Erteleyen,365,39.6,2,0.77,59.2,0.96,7.9,0.51,0
STU_10306,YKS_TYT_AYT,12,Telefonla Dağılan,542,20.0,6,0.38,43.5,0.73,4.2,0.42,0
STU_10307,LGS,8,Yarıda Bırakan,198,14.2,2,0.4,57.4,0.35,7.2,0.08,1
STU_10308,YKS_TYT_AYT,11,Yarıda Bırakan,325,23.8,1,0.43,56.5,0.24,4.4,0.29,1
STU_10309,LGS,8,Yarıda Bırakan,220,18.3,3,0.84,53.4,0.52,4.0,0.3,0
STU_10310,YKS_TYT_AYT,12,Kaygıyla Erteleyen,339,14.1,3,0.72,100.0,0.55,7.9,0.16,0
STU_10311,LGS,8,Başlayamayan,76,6.3,0,0.61,33.1,0.72,7.0,0.57,0
STU_10312,LGS,8,Başlayamayan,112,10.7,2,0.29,29.9,0.32,6.9,0.21,0
STU_10313,YKS_TYT_AYT,12,Kaygıyla Erteleyen,233,31.7,2,0.91,77.8,0.39,10.0,0.1,0
STU_10314,YKS_TYT_AYT,12,Telefonla Dağılan,694,20.1,5,0.37,55.0,0.55,4.9,0.37,1
STU_10315,YKS_TYT_AYT,12,Başlayamayan,166,12.2,2,0.43,54.1,0.61,8.0,0.13,0
STU_10316,LGS,8,Yarıda Bırakan,233,19.9,4,0.41,55.8,0.07,4.5,0.69,1
STU_10317,LGS,8,Geceye Kayan,518,40.0,2,0.85,66.3,0.12,6.7,0.55,0
STU_10318,LGS,8,Kaygıyla Erteleyen,307,28.1,3,0.77,70.7,0.65,9.1,0.38,1
STU_10319,LGS,8,Telefonla Dağılan,810,30.3,5,0.79,68.3,0.48,3.6,0.25,1
STU_10320,YKS_TYT_AYT,12,Telefonla Dağılan,501,18.4,8,0.41,56.6,0.54,6.6,0.6,1
STU_10321,YKS_TYT_AYT,12,Telefonla Dağılan,528,29.3,11,0.83,62.3,0.33,5.2,0.59,1
STU_10322,YKS_TYT_AYT,Mezun,Geceye Kayan,769,35.9,8,0.3,76.6,0.29,5.9,0.97,0
STU_10323,LGS,8,Geceye Kayan,527,43.2,3,0.38,61.7,0.16,7.3,0.76,1
STU_10324,YKS_TYT_AYT,Mezun,Başlayamayan,107,11.5,4,0.25,59.8,0.6,7.3,0.44,0
STU_10325,YKS_TYT_AYT,12,Kaygıyla Erteleyen,334,40.4,0,0.97,57.3,0.65,9.1,0.44,0
STU_10326,YKS_TYT_AYT,11,Başlayamayan,201,11.6,0,0.41,51.9,0.7,6.8,0.16,1
STU_10327,YKS_TYT_AYT,12,Başlayamayan,119,13.7,1,0.3,43.6,0.74,7.9,0.17,0
STU_10328,LGS,8,Telefonla Dağılan,632,27.7,5,0.29,71.3,0.36,4.3,0.4,1
STU_10329,LGS,8,Yarıda Bırakan,265,14.2,2,0.58,57.7,0.86,3.9,0.57,0
STU_10330,LGS,8,Geceye Kayan,400,27.3,5,0.53,76.4,0.17,6.9,0.9,0
STU_10331,YKS_TYT_AYT,Mezun,Başlayamayan,109,10.1,2,0.05,36.5,0.73,6.9,0.67,0
STU_10332,LGS,8,Telefonla Dağılan,543,23.8,9,0.49,58.0,0.41,8.2,0.77,0
STU_10333,LGS,8,Geceye Kayan,790,42.3,4,0.48,71.6,0.56,3.5,0.78,0
STU_10334,LGS,8,Geceye Kayan,785,31.7,3,0.47,77.2,0.48,6.4,0.71,0
STU_10335,LGS,8,Başlayamayan,215,8.9,2,0.23,28.3,0.5,6.5,0.27,1
STU_10336,YKS_TYT_AYT,12,Yarıda Bırakan,185,16.9,4,0.62,57.1,0.57,5.2,0.3,0
STU_10337,YKS_TYT_AYT,12,Telefonla Dağılan,438,25.5,5,0.56,37.5,0.77,4.1,0.63,1
STU_10338,YKS_TYT_AYT,11,Başlayamayan,132,12.6,2,0.06,59.7,0.84,6.1,0.24,1
STU_10339,LGS,8,Geceye Kayan,464,30.0,3,0.52,69.0,0.43,3.9,0.83,1
STU_10340,YKS_TYT_AYT,Mezun,Geceye Kayan,631,45.4,5,0.89,78.8,0.14,4.9,0.76,0
STU_10341,YKS_TYT_AYT,11,Başlayamayan,57,14.9,2,0.18,54.6,0.75,5.0,0.15,0
STU_10342,LGS,8,Başlayamayan,118,13.9,3,0.24,43.2,0.33,5.9,0.29,1
STU_10343,YKS_TYT_AYT,12,Başlayamayan,117,16.9,1,0.22,53.6,0.52,7.8,0.09,0
STU_10344,LGS,8,Geceye Kayan,570,25.4,6,0.66,60.9,0.41,5.5,0.84,0
STU_10345,YKS_TYT_AYT,12,Başlayamayan,99,9.8,4,0.59,32.1,0.86,6.0,0.32,1
STU_10346,YKS_TYT_AYT,11,Yarıda Bırakan,293,17.5,5,0.31,45.9,0.63,1.8,0.33,0
STU_10347,LGS,8,Yarıda Bırakan,264,14.6,4,0.68,50.5,0.14,2.2,0.59,1
STU_10348,LGS,8,Telefonla Dağılan,467,5.4,2,0.62,40.9,0.23,4.5,0.7,0
STU_10349,YKS_TYT_AYT,12,Başlayamayan,88,9.1,2,0.09,46.6,0.74,7.7,0.47,1
STU_10350,YKS_TYT_AYT,11,Yarıda Bırakan,206,15.4,1,0.44,63.6,0.53,3.1,0.44,0
STU_10351,YKS_TYT_AYT,12,Geceye Kayan,408,33.1,3,0.35,86.7,0.37,6.4,0.83,0
STU_10352,YKS_TYT_AYT,11,Geceye Kayan,828,35.8,4,0.46,69.9,0.16,6.1,0.65,1
STU_10353,LGS,8,Kaygıyla Erteleyen,346,41.6,0,0.9,49.3,0.8,10.0,0.23,0
STU_10354,LGS,8,Başlayamayan,273,8.9,1,0.16,47.2,0.81,8.8,0.42,1
STU_10355,YKS_TYT_AYT,11,Yarıda Bırakan,235,27.2,5,0.33,47.9,0.17,5.2,0.62,1
STU_10356,LGS,8,Telefonla Dağılan,566,18.7,6,0.49,58.9,0.69,4.9,0.68,1
STU_10357,YKS_TYT_AYT,12,Yarıda Bırakan,150,20.3,1,0.25,68.0,0.5,6.4,0.56,1
STU_10358,YKS_TYT_AYT,Mezun,Geceye Kayan,425,10.1,3,0.62,66.3,0.57,7.8,0.72,0
STU_10359,YKS_TYT_AYT,Mezun,Telefonla Dağılan,350,12.4,2,0.62,46.2,0.06,5.4,0.69,1
STU_10360,LGS,8,Başlayamayan,31,8.6,1,0.38,46.6,0.68,6.7,0.38,1
STU_10361,YKS_TYT_AYT,11,Geceye Kayan,566,26.3,2,0.34,87.6,0.04,3.5,0.59,1
STU_10362,YKS_TYT_AYT,12,Geceye Kayan,785,27.4,2,0.67,70.8,0.13,4.5,0.83,0
STU_10363,YKS_TYT_AYT,12,Başlayamayan,92,14.3,3,0.38,33.8,0.78,7.2,0.63,1
STU_10364,YKS_TYT_AYT,12,Telefonla Dağılan,290,25.4,4,0.46,71.5,0.23,5.7,0.48,0
STU_10365,LGS,8,Yarıda Bırakan,354,22.4,1,0.5,47.3,0.52,5.0,0.46,0
STU_10366,YKS_TYT_AYT,12,Yarıda Bırakan,212,22.6,1,0.52,58.2,0.52,4.3,0.19,1
STU_10367,YKS_TYT_AYT,Mezun,Başlayamayan,134,4.6,3,0.5,40.3,0.86,8.2,0.45,1
STU_10368,LGS,8,Telefonla Dağılan,333,25.8,10,0.78,64.4,0.22,5.7,0.36,0
STU_10369,LGS,8,Geceye Kayan,566,28.1,5,0.51,79.4,0.32,5.2,0.91,0
STU_10370,LGS,8,Telefonla Dağılan,686,23.2,3,0.64,62.9,0.65,3.0,0.31,1
STU_10371,LGS,8,Başlayamayan,84,11.1,1,0.21,58.0,0.91,5.6,0.23,0
STU_10372,LGS,8,Telefonla Dağılan,451,21.6,10,0.8,58.7,0.13,3.5,0.7,1
STU_10373,YKS_TYT_AYT,Mezun,Yarıda Bırakan,253,14.2,4,0.49,53.7,0.61,5.4,0.28,0
STU_10374,LGS,8,Kaygıyla Erteleyen,490,28.0,1,0.92,97.6,0.88,9.0,0.08,1
STU_10375,LGS,8,Yarıda Bırakan,194,15.2,2,0.38,65.3,0.72,5.9,0.74,0
STU_10376,YKS_TYT_AYT,11,Başlayamayan,111,13.6,2,0.31,55.5,0.94,6.5,0.57,1
STU_10377,LGS,8,Başlayamayan,191,16.8,0,0.3,43.2,0.66,9.0,0.33,0
STU_10378,YKS_TYT_AYT,12,Kaygıyla Erteleyen,421,25.9,4,0.85,81.6,0.81,9.6,0.26,1
STU_10379,LGS,8,Yarıda Bırakan,211,24.1,3,0.36,55.7,0.87,6.4,0.36,0
STU_10380,LGS,8,Kaygıyla Erteleyen,257,34.2,0,0.79,74.5,0.82,7.2,0.35,1
STU_10381,YKS_TYT_AYT,11,Başlayamayan,143,8.8,2,0.33,50.3,0.79,5.3,0.24,0
STU_10382,YKS_TYT_AYT,12,Yarıda Bırakan,266,30.4,1,0.34,67.2,0.68,6.3,0.38,1
STU_10383,YKS_TYT_AYT,12,Yarıda Bırakan,203,17.5,2,0.46,67.8,0.66,3.6,0.45,1
STU_10384,YKS_TYT_AYT,11,Geceye Kayan,504,32.8,6,0.6,71.6,0.24,4.9,0.75,0
STU_10385,YKS_TYT_AYT,12,Geceye Kayan,503,45.3,5,0.47,76.5,0.24,6.5,0.67,0
STU_10386,LGS,8,Başlayamayan,84,12.1,3,0.19,37.0,0.51,4.9,0.48,0
STU_10387,LGS,8,Yarıda Bırakan,354,23.7,3,0.49,51.6,0.61,4.9,0.31,0
STU_10388,YKS_TYT_AYT,12,Başlayamayan,197,17.7,0,0.17,62.5,0.41,7.5,0.26,1
STU_10389,YKS_TYT_AYT,11,Telefonla Dağılan,417,23.9,4,0.5,41.5,0.37,3.8,0.23,1
STU_10390,YKS_TYT_AYT,11,Yarıda Bırakan,385,13.7,2,0.55,47.0,0.95,6.7,0.68,1
STU_10391,LGS,8,Geceye Kayan,595,30.2,3,0.39,72.3,0.41,8.4,0.68,0
STU_10392,LGS,8,Geceye Kayan,569,41.4,4,0.73,71.6,0.18,4.3,0.84,0
STU_10393,YKS_TYT_AYT,12,Yarıda Bırakan,241,21.8,5,0.16,63.7,0.61,3.8,0.51,1
STU_10394,LGS,8,Telefonla Dağılan,536,21.6,7,0.34,45.7,0.46,5.8,0.42,1
STU_10395,YKS_TYT_AYT,11,Geceye Kayan,534,36.4,1,0.89,82.4,0.72,7.3,0.81,0
STU_10396,YKS_TYT_AYT,12,Kaygıyla Erteleyen,310,33.4,5,0.92,61.2,0.81,10.0,0.38,0
STU_10397,YKS_TYT_AYT,12,Başlayamayan,79,15.0,2,0.6,38.1,0.44,7.3,0.21,0
STU_10398,YKS_TYT_AYT,12,Yarıda Bırakan,150,20.5,5,0.66,45.6,0.52,4.0,0.16,1
STU_10399,YKS_TYT_AYT,Mezun,Yarıda Bırakan,213,20.7,5,0.48,55.6,0.82,4.6,0.4,1
STU_10400,LGS,8,Yarıda Bırakan,155,16.5,2,0.06,57.3,0.37,4.5,0.07,1
STU_10401,YKS_TYT_AYT,12,Başlayamayan,90,5.9,1,0.26,19.6,0.66,7.3,0.14,1
STU_10402,YKS_TYT_AYT,Mezun,Başlayamayan,133,16.1,3,0.07,45.9,0.64,5.3,0.2,0
STU_10403,YKS_TYT_AYT,11,Telefonla Dağılan,466,27.8,5,0.51,72.3,0.17,3.5,0.35,1
STU_10404,LGS,8,Yarıda Bırakan,318,25.0,0,0.68,50.9,0.58,6.5,0.55,0
STU_10405,YKS_TYT_AYT,11,Başlayamayan,78,11.4,2,0.25,48.2,0.45,7.0,0.38,1
STU_10406,LGS,8,Yarıda Bırakan,250,20.0,2,0.35,75.8,0.57,4.4,0.06,1
STU_10407,LGS,8,Kaygıyla Erteleyen,451,30.9,2,0.47,47.6,0.93,9.1,0.6,1
STU_10408,YKS_TYT_AYT,12,Kaygıyla Erteleyen,341,22.3,1,0.54,54.0,0.73,7.3,0.15,0
STU_10409,LGS,8,Telefonla Dağılan,409,16.7,7,0.2,61.0,0.7,5.1,0.48,0
STU_10410,LGS,8,Yarıda Bırakan,310,29.2,1,0.46,56.3,0.29,4.3,0.38,1
STU_10411,YKS_TYT_AYT,12,Geceye Kayan,455,46.5,5,0.59,68.4,0.14,5.8,0.85,0
STU_10412,YKS_TYT_AYT,11,Başlayamayan,199,12.8,3,0.07,44.6,0.38,6.9,0.62,0
STU_10413,YKS_TYT_AYT,11,Başlayamayan,115,13.0,0,0.31,42.1,0.65,8.5,0.32,1
STU_10414,YKS_TYT_AYT,12,Yarıda Bırakan,285,11.1,2,0.49,51.1,0.54,6.3,0.3,1
STU_10415,YKS_TYT_AYT,12,Başlayamayan,130,8.5,3,0.16,43.9,0.79,5.9,0.47,1
STU_10416,LGS,8,Yarıda Bırakan,261,16.5,4,0.28,59.6,0.75,5.1,0.31,0
STU_10417,LGS,8,Geceye Kayan,534,36.7,2,0.78,60.0,0.15,2.7,0.6,1
STU_10418,YKS_TYT_AYT,11,Telefonla Dağılan,522,30.3,8,0.55,60.9,0.49,4.2,0.52,0
STU_10419,YKS_TYT_AYT,12,Yarıda Bırakan,178,22.1,6,0.63,56.8,0.47,2.7,0.47,0
STU_10420,YKS_TYT_AYT,11,Geceye Kayan,408,44.9,1,0.77,76.2,0.39,5.7,0.58,0
STU_10421,YKS_TYT_AYT,11,Başlayamayan,102,13.3,1,0.29,69.2,0.87,7.2,0.34,0
STU_10422,LGS,8,Başlayamayan,86,9.6,2,0.47,39.9,0.82,4.4,0.08,1
STU_10423,YKS_TYT_AYT,11,Telefonla Dağılan,482,19.8,7,0.76,72.1,0.79,5.1,0.5,1
STU_10424,LGS,8,Telefonla Dağılan,521,20.7,2,0.8,68.2,0.54,4.7,0.66,0
STU_10425,YKS_TYT_AYT,12,Başlayamayan,170,16.3,2,0.14,34.1,0.87,7.1,0.1,1
STU_10426,YKS_TYT_AYT,11,Yarıda Bırakan,261,13.3,0,0.23,56.3,0.47,4.8,0.5,0
STU_10427,YKS_TYT_AYT,12,Telefonla Dağılan,614,27.4,5,0.74,58.8,0.2,3.2,0.73,1
STU_10428,LGS,8,Telefonla Dağılan,455,24.9,6,0.57,55.5,0.24,5.4,0.42,0
STU_10429,LGS,8,Telefonla Dağılan,448,29.8,5,0.63,64.6,0.52,3.9,0.61,0
STU_10430,LGS,8,Yarıda Bırakan,242,15.4,4,0.33,62.0,0.42,5.0,0.17,0
STU_10431,YKS_TYT_AYT,11,Başlayamayan,111,13.6,3,0.51,54.2,0.87,4.9,0.3,0
STU_10432,YKS_TYT_AYT,12,Yarıda Bırakan,212,10.7,1,0.67,51.6,0.24,6.6,0.3,1
STU_10433,LGS,8,Başlayamayan,54,14.1,3,0.24,24.0,0.75,6.1,0.37,0
STU_10434,LGS,8,Geceye Kayan,511,20.9,4,0.56,69.9,0.28,3.1,0.84,0
STU_10435,YKS_TYT_AYT,12,Telefonla Dağılan,733,23.9,11,0.56,72.0,0.4,2.9,0.52,1
STU_10436,LGS,8,Yarıda Bırakan,229,16.1,2,0.22,57.6,0.26,6.0,0.25,1
STU_10437,YKS_TYT_AYT,12,Kaygıyla Erteleyen,219,31.6,2,0.94,80.4,0.53,9.1,0.36,0
STU_10438,YKS_TYT_AYT,11,Telefonla Dağılan,538,16.7,6,0.65,83.3,0.33,4.9,0.43,1
STU_10439,LGS,8,Yarıda Bırakan,161,19.2,2,0.65,49.5,0.71,5.2,0.43,0
STU_10440,LGS,8,Kaygıyla Erteleyen,301,27.5,2,0.72,71.0,0.84,10.0,0.52,0
STU_10441,YKS_TYT_AYT,12,Kaygıyla Erteleyen,358,29.5,3,0.64,67.3,0.78,9.4,0.36,0
STU_10442,LGS,8,Telefonla Dağılan,409,19.5,10,0.47,74.2,0.39,3.7,0.7,0
STU_10443,LGS,8,Başlayamayan,117,15.5,1,0.14,41.9,0.9,7.9,0.48,1
STU_10444,YKS_TYT_AYT,12,Telefonla Dağılan,768,29.1,8,0.58,60.0,0.34,5.0,0.37,1
STU_10445,YKS_TYT_AYT,11,Kaygıyla Erteleyen,357,20.6,2,0.85,62.7,0.68,8.6,0.27,1
STU_10446,YKS_TYT_AYT,Mezun,Başlayamayan,76,20.4,2,0.41,66.1,0.75,5.5,0.23,1
STU_10447,YKS_TYT_AYT,12,Yarıda Bırakan,281,17.1,2,0.39,29.8,0.53,4.0,0.19,0
STU_10448,LGS,8,Geceye Kayan,560,41.7,5,0.62,75.8,0.68,7.7,0.98,1
STU_10449,LGS,8,Başlayamayan,66,10.8,1,0.25,46.0,0.97,6.1,0.19,0
STU_10450,YKS_TYT_AYT,12,Kaygıyla Erteleyen,230,33.7,2,0.95,74.5,0.96,8.1,0.01,0
STU_10451,YKS_TYT_AYT,12,Telefonla Dağılan,607,18.8,7,0.63,66.8,0.33,5.1,0.65,1
STU_10452,YKS_TYT_AYT,12,Yarıda Bırakan,360,22.6,4,0.29,44.7,0.23,6.0,0.26,0
STU_10453,YKS_TYT_AYT,Mezun,Başlayamayan,194,3.7,5,0.12,58.0,0.86,7.6,0.59,0
STU_10454,LGS,8,Kaygıyla Erteleyen,235,41.5,3,0.51,75.3,0.36,9.9,0.21,0
STU_10455,YKS_TYT_AYT,Mezun,Yarıda Bırakan,224,22.5,1,0.55,50.1,0.42,2.9,0.31,0
STU_10456,LGS,8,Telefonla Dağılan,438,24.3,7,0.59,62.0,0.39,2.9,0.47,0
STU_10457,YKS_TYT_AYT,12,Telefonla Dağılan,426,17.8,5,0.75,64.8,0.51,4.9,0.13,0
STU_10458,LGS,8,Telefonla Dağılan,471,20.1,11,0.34,65.4,0.47,4.4,0.34,0
STU_10459,LGS,8,Geceye Kayan,615,49.6,4,0.41,72.5,0.09,7.9,0.86,1
STU_10460,LGS,8,Telefonla Dağılan,326,30.7,8,0.56,54.1,0.45,4.8,0.26,0
STU_10461,YKS_TYT_AYT,12,Yarıda Bırakan,301,13.7,2,0.61,40.2,0.39,3.9,0.03,1
STU_10462,YKS_TYT_AYT,12,Geceye Kayan,579,36.6,4,0.73,63.6,0.28,3.9,0.42,0
STU_10463,YKS_TYT_AYT,12,Telefonla Dağılan,278,16.7,8,0.63,70.9,0.64,2.8,0.42,0
STU_10464,YKS_TYT_AYT,Mezun,Yarıda Bırakan,318,11.9,3,0.31,55.7,0.41,3.6,0.09,1
STU_10465,LGS,8,Başlayamayan,73,9.0,0,0.42,48.7,0.72,9.0,0.38,0
STU_10466,LGS,8,Kaygıyla Erteleyen,344,23.0,2,0.69,51.4,0.61,7.4,0.3,0
STU_10467,YKS_TYT_AYT,11,Yarıda Bırakan,302,19.4,2,0.21,48.8,0.27,5.1,0.27,0
STU_10468,LGS,8,Telefonla Dağılan,670,37.8,3,0.42,48.3,0.4,5.6,0.44,0
STU_10469,YKS_TYT_AYT,12,Telefonla Dağılan,458,15.4,6,0.55,44.1,0.13,5.4,0.37,0
STU_10470,LGS,8,Başlayamayan,73,10.8,1,0.26,40.8,0.87,6.5,0.2,1
STU_10471,YKS_TYT_AYT,Mezun,Telefonla Dağılan,340,24.2,5,0.76,71.0,0.51,5.0,0.52,0
STU_10472,LGS,8,Başlayamayan,109,10.3,0,0.39,43.7,0.53,7.2,0.67,1
STU_10473,YKS_TYT_AYT,11,Yarıda Bırakan,208,15.9,2,0.59,53.2,0.2,6.3,0.18,0
STU_10474,YKS_TYT_AYT,12,Telefonla Dağılan,651,30.8,6,0.36,65.5,0.37,5.9,0.35,0
STU_10475,YKS_TYT_AYT,Mezun,Yarıda Bırakan,263,18.3,2,0.41,76.2,0.57,5.2,0.28,0
STU_10476,LGS,8,Telefonla Dağılan,477,18.2,8,0.24,54.3,0.42,3.0,0.62,0
STU_10477,YKS_TYT_AYT,11,Kaygıyla Erteleyen,236,31.3,0,0.77,81.4,0.55,9.4,0.15,0
STU_10478,YKS_TYT_AYT,11,Kaygıyla Erteleyen,317,22.4,0,0.52,69.9,0.64,8.2,0.44,1
STU_10479,YKS_TYT_AYT,12,Başlayamayan,97,13.7,0,0.37,41.3,0.43,8.4,0.3,1
STU_10480,YKS_TYT_AYT,11,Başlayamayan,116,11.2,2,0.34,68.7,0.28,6.8,0.48,0
STU_10481,YKS_TYT_AYT,Mezun,Telefonla Dağılan,361,26.0,4,0.75,62.0,0.36,4.7,0.51,1
STU_10482,YKS_TYT_AYT,12,Geceye Kayan,487,36.2,2,0.69,86.7,0.1,4.8,0.69,0
STU_10483,YKS_TYT_AYT,12,Kaygıyla Erteleyen,343,34.2,3,0.82,58.9,0.91,8.5,0.41,1
STU_10484,YKS_TYT_AYT,11,Kaygıyla Erteleyen,223,29.4,1,0.81,61.3,0.42,9.3,0.93,1
STU_10485,YKS_TYT_AYT,12,Yarıda Bırakan,334,22.6,4,0.41,46.2,0.3,4.7,0.73,1
STU_10486,LGS,8,Yarıda Bırakan,241,17.6,2,0.5,50.0,0.41,5.9,0.22,0
STU_10487,LGS,8,Telefonla Dağılan,620,27.3,5,0.69,52.1,0.4,4.7,0.81,1
STU_10488,YKS_TYT_AYT,12,Başlayamayan,114,14.4,1,0.36,51.3,0.81,5.3,0.26,1
STU_10489,YKS_TYT_AYT,12,Başlayamayan,69,10.7,0,0.19,61.0,0.8,7.4,0.39,0
STU_10490,YKS_TYT_AYT,Mezun,Geceye Kayan,647,34.3,7,0.51,68.6,0.09,8.5,0.84,1
STU_10491,YKS_TYT_AYT,Mezun,Yarıda Bırakan,272,9.1,2,0.52,52.1,0.47,6.3,0.32,1
STU_10492,LGS,8,Yarıda Bırakan,225,21.4,1,0.42,37.5,0.08,3.2,0.37,0
STU_10493,LGS,8,Başlayamayan,105,8.7,2,0.21,49.1,0.56,7.6,0.49,1
STU_10494,YKS_TYT_AYT,11,Geceye Kayan,420,45.6,4,0.66,62.7,0.25,5.5,0.9,0
STU_10495,LGS,8,Telefonla Dağılan,509,18.1,5,0.65,52.9,0.44,4.7,0.45,1
STU_10496,YKS_TYT_AYT,12,Telefonla Dağılan,630,17.7,3,0.29,85.1,0.68,5.1,0.45,1
STU_10497,LGS,8,Geceye Kayan,806,47.6,7,0.38,78.9,0.37,8.0,0.85,1
STU_10498,YKS_TYT_AYT,12,Yarıda Bırakan,486,19.3,3,0.54,66.3,0.38,4.1,0.29,0
STU_10499,YKS_TYT_AYT,Mezun,Telefonla Dağılan,777,13.8,5,0.29,59.7,0.44,3.1,0.36,0
STU_10500,YKS_TYT_AYT,Mezun,Başlayamayan,122,8.3,3,0.21,47.9,0.97,6.5,0.25,1
STU_10501,YKS_TYT_AYT,Mezun,Başlayamayan,79,14.5,2,0.17,65.2,0.81,8.5,0.37,1
STU_10502,LGS,8,Kaygıyla Erteleyen,421,19.7,3,0.94,71.7,0.9,8.3,0.3,0
STU_10503,YKS_TYT_AYT,12,Kaygıyla Erteleyen,290,23.8,3,0.57,72.4,0.6,10.0,0.31,1
STU_10504,YKS_TYT_AYT,12,Yarıda Bırakan,284,9.6,2,0.54,53.0,0.76,6.8,0.32,1
STU_10505,LGS,8,Yarıda Bırakan,250,16.5,6,0.18,47.6,0.62,4.2,0.21,1
STU_10506,YKS_TYT_AYT,11,Telefonla Dağılan,490,31.3,4,0.51,69.7,0.3,4.4,0.6,1
STU_10507,YKS_TYT_AYT,12,Başlayamayan,81,15.8,1,0.4,63.8,0.91,9.3,0.35,0
STU_10508,YKS_TYT_AYT,12,Yarıda Bırakan,298,11.7,3,0.52,35.9,0.17,3.0,0.63,1
STU_10509,YKS_TYT_AYT,Mezun,Başlayamayan,120,9.1,2,0.41,62.4,0.7,7.5,0.5,1
STU_10510,YKS_TYT_AYT,11,Yarıda Bırakan,259,23.5,3,0.3,64.5,0.71,3.7,0.27,0
STU_10511,LGS,8,Kaygıyla Erteleyen,403,26.3,3,0.94,79.4,0.65,9.8,0.3,0
STU_10512,YKS_TYT_AYT,12,Yarıda Bırakan,318,11.8,2,0.54,55.3,0.54,8.2,0.47,1
STU_10513,YKS_TYT_AYT,12,Başlayamayan,81,16.0,0,0.4,59.9,0.79,6.1,0.18,1
STU_10514,LGS,8,Telefonla Dağılan,328,32.8,9,0.34,53.3,0.24,3.1,0.86,1
STU_10515,LGS,8,Kaygıyla Erteleyen,339,26.5,2,0.56,47.7,0.79,8.7,0.37,0
STU_10516,LGS,8,Yarıda Bırakan,170,8.4,1,0.33,52.2,0.49,4.4,0.11,1
STU_10517,YKS_TYT_AYT,12,Başlayamayan,137,10.8,1,0.18,47.8,0.34,2.3,0.47,1
STU_10518,YKS_TYT_AYT,11,Yarıda Bırakan,217,18.9,1,0.24,63.4,0.34,5.6,0.41,1
STU_10519,LGS,8,Telefonla Dağılan,479,25.6,2,0.67,74.0,0.6,5.5,0.63,0
STU_10520,YKS_TYT_AYT,12,Telefonla Dağılan,479,32.2,2,0.62,71.1,0.4,2.5,0.44,0
STU_10521,LGS,8,Kaygıyla Erteleyen,519,24.1,2,0.56,91.9,0.67,7.3,0.25,0
STU_10522,YKS_TYT_AYT,12,Geceye Kayan,690,28.2,7,0.57,77.1,0.22,4.4,0.68,0
STU_10523,YKS_TYT_AYT,12,Kaygıyla Erteleyen,347,27.5,2,0.84,73.4,0.51,8.0,0.23,1
STU_10524,YKS_TYT_AYT,12,Telefonla Dağılan,518,25.4,9,0.62,47.9,0.53,4.9,0.77,1
STU_10525,YKS_TYT_AYT,Mezun,Telefonla Dağılan,289,19.9,10,0.81,41.7,0.31,4.0,0.44,0
STU_10526,LGS,8,Başlayamayan,84,9.1,0,0.12,49.8,0.71,8.5,0.24,0
STU_10527,LGS,8,Geceye Kayan,932,42.3,0,0.64,70.1,0.13,3.1,0.58,1
STU_10528,LGS,8,Yarıda Bırakan,170,16.6,3,0.34,44.1,0.43,4.6,0.05,0
STU_10529,YKS_TYT_AYT,Mezun,Başlayamayan,139,15.1,0,0.58,52.9,0.94,7.6,0.45,0
STU_10530,YKS_TYT_AYT,12,Telefonla Dağılan,515,21.2,5,0.49,57.6,0.61,5.8,0.69,0
STU_10531,YKS_TYT_AYT,12,Yarıda Bırakan,160,20.5,6,0.33,56.7,0.43,5.8,0.25,1
STU_10532,YKS_TYT_AYT,11,Telefonla Dağılan,401,36.8,3,0.45,59.1,0.54,4.2,0.72,1
STU_10533,YKS_TYT_AYT,Mezun,Telefonla Dağılan,443,24.3,8,0.59,58.4,0.29,3.9,0.64,0
STU_10534,YKS_TYT_AYT,Mezun,Yarıda Bırakan,182,18.4,0,0.52,51.3,0.55,6.0,0.34,1
STU_10535,YKS_TYT_AYT,11,Kaygıyla Erteleyen,325,17.5,5,0.87,77.3,0.85,10.0,0.22,1
STU_10536,YKS_TYT_AYT,12,Yarıda Bırakan,333,26.4,1,0.21,67.3,0.41,4.9,0.57,0
STU_10537,LGS,8,Yarıda Bırakan,268,12.0,4,0.17,55.1,0.4,5.1,0.11,0
STU_10538,YKS_TYT_AYT,11,Telefonla Dağılan,378,23.8,8,0.73,66.8,0.63,3.4,0.25,1
STU_10539,LGS,8,Telefonla Dağılan,626,28.4,4,0.47,44.8,0.4,4.1,0.36,1
STU_10540,YKS_TYT_AYT,11,Kaygıyla Erteleyen,234,29.5,4,0.8,88.1,0.83,8.3,0.05,1
STU_10541,YKS_TYT_AYT,11,Yarıda Bırakan,315,15.0,5,0.24,48.1,0.48,5.5,0.25,0
STU_10542,LGS,8,Telefonla Dağılan,437,14.1,4,0.87,59.1,0.54,4.7,0.45,1
STU_10543,YKS_TYT_AYT,12,Başlayamayan,109,6.8,1,0.32,66.8,0.62,5.1,0.06,1
STU_10544,YKS_TYT_AYT,11,Geceye Kayan,756,24.7,5,0.65,71.5,0.38,8.6,0.93,0
STU_10545,LGS,8,Yarıda Bırakan,299,15.5,3,0.24,59.0,0.34,2.9,0.73,1
STU_10546,LGS,8,Telefonla Dağılan,544,30.2,5,0.35,67.1,0.6,4.1,0.53,1
STU_10547,YKS_TYT_AYT,11,Başlayamayan,115,13.8,3,0.11,45.4,0.83,7.4,0.38,1
STU_10548,YKS_TYT_AYT,11,Başlayamayan,115,11.9,1,0.29,49.0,0.89,7.1,0.39,1
STU_10549,YKS_TYT_AYT,12,Telefonla Dağılan,482,25.3,6,0.67,65.9,0.5,4.9,0.15,1
STU_10550,YKS_TYT_AYT,12,Kaygıyla Erteleyen,443,30.4,3,0.9,66.8,0.33,9.5,0.08,0
STU_10551,YKS_TYT_AYT,Mezun,Telefonla Dağılan,410,18.9,4,0.7,43.5,0.8,4.5,0.22,0
STU_10552,YKS_TYT_AYT,Mezun,Geceye Kayan,750,27.7,1,0.62,64.6,0.08,5.8,0.87,0
STU_10553,YKS_TYT_AYT,Mezun,Telefonla Dağılan,553,17.3,9,0.78,63.2,0.73,3.2,0.67,0
STU_10554,YKS_TYT_AYT,12,Telefonla Dağılan,475,12.2,8,0.72,46.2,0.15,5.6,0.52,0
STU_10555,LGS,8,Başlayamayan,143,12.6,0,0.4,43.2,0.62,6.7,0.11,1
STU_10556,LGS,8,Kaygıyla Erteleyen,306,14.3,6,0.86,57.4,0.71,8.8,0.35,1
STU_10557,LGS,8,Yarıda Bırakan,451,30.0,5,0.16,60.5,0.78,4.0,0.75,0
STU_10558,YKS_TYT_AYT,11,Geceye Kayan,826,33.0,5,0.66,76.3,0.15,5.4,0.61,1
STU_10559,YKS_TYT_AYT,11,Geceye Kayan,538,35.1,2,0.84,82.3,0.35,5.5,0.9,0
STU_10560,YKS_TYT_AYT,12,Geceye Kayan,695,40.9,3,0.54,68.1,0.18,3.6,0.85,0
STU_10561,LGS,8,Telefonla Dağılan,396,29.2,4,0.67,59.4,0.47,2.1,0.2,0
STU_10562,LGS,8,Telefonla Dağılan,494,13.8,1,0.79,56.8,0.35,6.2,0.69,0
STU_10563,LGS,8,Kaygıyla Erteleyen,207,44.4,1,0.56,73.8,0.89,9.1,0.26,1
STU_10564,LGS,8,Başlayamayan,74,3.0,0,0.31,13.5,0.53,8.8,0.56,1
STU_10565,YKS_TYT_AYT,12,Telefonla Dağılan,599,16.9,6,0.22,50.1,0.52,5.7,0.82,0
STU_10566,LGS,8,Başlayamayan,217,5.5,0,0.1,45.2,0.9,7.1,0.41,1
STU_10567,YKS_TYT_AYT,Mezun,Telefonla Dağılan,566,23.4,6,0.53,78.2,0.13,4.3,0.55,1
STU_10568,YKS_TYT_AYT,Mezun,Başlayamayan,35,7.7,1,0.07,51.3,0.64,7.8,0.09,1
STU_10569,LGS,8,Başlayamayan,117,9.9,3,0.45,61.8,0.55,6.0,0.18,1
STU_10570,YKS_TYT_AYT,12,Yarıda Bırakan,290,15.1,4,0.29,41.8,0.46,6.6,0.05,1
STU_10571,YKS_TYT_AYT,12,Yarıda Bırakan,230,24.6,1,0.37,38.9,0.38,4.6,0.39,1
STU_10572,LGS,8,Telefonla Dağılan,351,32.7,9,0.64,56.7,0.41,6.3,0.41,1
STU_10573,YKS_TYT_AYT,12,Başlayamayan,65,7.1,2,0.09,44.3,0.63,5.3,0.24,0
STU_10574,YKS_TYT_AYT,11,Telefonla Dağılan,524,34.6,3,0.55,77.4,0.6,3.1,0.35,0
STU_10575,YKS_TYT_AYT,11,Başlayamayan,113,17.0,0,0.15,48.6,0.36,3.0,0.32,1
STU_10576,LGS,8,Telefonla Dağılan,520,22.7,7,0.53,61.0,0.07,3.6,0.25,1
STU_10577,YKS_TYT_AYT,12,Telefonla Dağılan,503,22.9,5,0.64,62.0,0.42,3.3,0.61,0
STU_10578,YKS_TYT_AYT,Mezun,Telefonla Dağılan,298,28.2,4,0.7,43.1,0.45,4.8,0.31,0
STU_10579,LGS,8,Telefonla Dağılan,390,17.5,5,0.43,69.8,0.39,5.5,0.65,0
STU_10580,YKS_TYT_AYT,12,Yarıda Bırakan,233,23.1,3,0.5,72.5,0.51,6.0,0.21,1
STU_10581,YKS_TYT_AYT,Mezun,Kaygıyla Erteleyen,319,35.8,2,0.85,94.7,0.75,7.7,0.39,0
STU_10582,YKS_TYT_AYT,Mezun,Yarıda Bırakan,381,14.1,3,0.29,44.2,0.28,5.3,0.22,0
STU_10583,LGS,8,Telefonla Dağılan,651,21.2,5,0.82,49.2,0.09,4.2,0.47,0
STU_10584,YKS_TYT_AYT,12,Telefonla Dağılan,561,23.9,7,0.83,59.6,0.24,2.1,0.68,1
STU_10585,LGS,8,Başlayamayan,159,10.3,3,0.11,59.6,0.25,6.9,0.31,0
STU_10586,LGS,8,Telefonla Dağılan,319,33.0,6,0.6,69.6,0.45,5.2,0.85,1
STU_10587,LGS,8,Telefonla Dağılan,406,13.2,4,0.28,58.5,0.75,4.1,0.81,1
STU_10588,LGS,8,Yarıda Bırakan,190,20.2,3,0.76,53.5,0.59,7.3,0.31,1
STU_10589,LGS,8,Başlayamayan,112,10.4,1,0.12,51.4,0.85,6.1,0.29,0
STU_10590,LGS,8,Başlayamayan,96,5.6,1,0.47,51.5,0.96,7.4,0.1,1
STU_10591,YKS_TYT_AYT,11,Geceye Kayan,581,33.6,0,0.61,76.0,0.26,6.3,0.79,0
STU_10592,LGS,8,Telefonla Dağılan,756,10.7,2,0.37,70.5,0.32,2.6,0.68,1
STU_10593,LGS,8,Başlayamayan,155,12.6,2,0.21,44.6,0.61,4.2,0.29,1
STU_10594,YKS_TYT_AYT,11,Yarıda Bırakan,283,17.6,1,0.4,48.0,0.48,4.7,0.57,1
STU_10595,YKS_TYT_AYT,12,Telefonla Dağılan,448,27.5,9,0.37,43.9,0.28,4.9,0.52,0
STU_10596,YKS_TYT_AYT,Mezun,Kaygıyla Erteleyen,383,25.6,4,0.87,88.2,0.88,9.8,0.3,1
STU_10597,LGS,8,Başlayamayan,158,16.6,3,0.23,29.9,0.66,5.7,0.29,1
STU_10598,LGS,8,Yarıda Bırakan,246,25.0,4,0.51,56.3,0.42,4.2,0.48,1
STU_10599,LGS,8,Geceye Kayan,346,40.8,6,0.55,89.3,0.26,4.4,0.96,0
STU_10600,LGS,8,Başlayamayan,143,14.8,1,0.26,39.4,0.69,7.0,0.26,0
STU_10601,LGS,8,Başlayamayan,112,10.0,2,0.42,62.2,0.8,5.6,0.5,1
STU_10602,LGS,8,Geceye Kayan,579,24.3,5,0.51,85.4,0.3,7.7,0.85,0
STU_10603,LGS,8,Telefonla Dağılan,384,6.9,7,0.58,57.5,0.44,3.3,0.23,1
STU_10604,LGS,8,Yarıda Bırakan,254,13.7,1,0.27,59.1,0.6,6.5,0.18,1
STU_10605,YKS_TYT_AYT,11,Başlayamayan,118,15.1,0,0.44,35.1,0.74,8.0,0.2,1
STU_10606,LGS,8,Başlayamayan,114,9.4,1,0.32,54.1,0.49,8.0,0.49,0
STU_10607,LGS,8,Yarıda Bırakan,234,24.3,1,0.29,41.4,0.17,6.0,0.55,0
STU_10608,YKS_TYT_AYT,12,Geceye Kayan,647,31.2,4,0.41,63.6,0.21,5.3,0.85,0
STU_10609,YKS_TYT_AYT,Mezun,Yarıda Bırakan,258,16.4,6,0.3,63.1,0.75,4.4,0.23,0
STU_10610,LGS,8,Telefonla Dağılan,553,27.8,2,0.36,60.3,0.33,3.1,0.35,0
STU_10611,YKS_TYT_AYT,12,Geceye Kayan,641,33.6,5,0.55,68.8,0.23,5.8,0.51,1
STU_10612,YKS_TYT_AYT,12,Yarıda Bırakan,266,22.8,3,0.23,46.5,0.41,7.0,0.37,1
STU_10613,LGS,8,Başlayamayan,133,10.9,2,0.21,32.8,0.97,4.1,0.4,1
STU_10614,YKS_TYT_AYT,11,Telefonla Dağılan,566,30.4,7,0.8,54.0,0.56,5.0,0.65,0
STU_10615,YKS_TYT_AYT,12,Geceye Kayan,435,46.7,6,0.69,77.9,0.08,6.3,0.89,1
STU_10616,LGS,8,Kaygıyla Erteleyen,382,36.5,2,0.42,69.7,0.97,8.9,0.15,1
STU_10617,LGS,8,Başlayamayan,69,7.5,1,0.25,53.9,0.84,5.4,0.5,1
STU_10618,YKS_TYT_AYT,12,Telefonla Dağılan,504,18.2,4,0.53,68.5,0.56,3.7,0.46,0
STU_10619,YKS_TYT_AYT,11,Telefonla Dağılan,558,20.5,7,0.33,71.9,0.55,6.1,0.33,0
STU_10620,LGS,8,Geceye Kayan,703,33.7,5,0.61,78.6,0.18,4.9,0.93,0
STU_10621,LGS,8,Başlayamayan,165,19.7,3,0.33,54.6,0.82,4.7,0.18,1
STU_10622,LGS,8,Telefonla Dağılan,514,28.7,5,0.6,50.4,0.18,7.0,0.68,1
STU_10623,YKS_TYT_AYT,Mezun,Kaygıyla Erteleyen,356,24.1,2,0.4,81.6,0.73,8.7,0.33,0
STU_10624,YKS_TYT_AYT,11,Yarıda Bırakan,258,16.8,2,0.12,35.6,0.48,4.3,0.12,0
STU_10625,LGS,8,Telefonla Dağılan,493,33.6,5,0.36,65.5,0.75,2.6,0.43,0
STU_10626,YKS_TYT_AYT,11,Başlayamayan,63,9.2,1,0.35,19.4,0.88,5.0,0.05,0
STU_10627,YKS_TYT_AYT,Mezun,Yarıda Bırakan,239,15.3,1,0.19,55.9,0.81,4.5,0.31,1
STU_10628,LGS,8,Yarıda Bırakan,266,17.3,0,0.54,52.3,0.23,5.8,0.34,0
STU_10629,LGS,8,Geceye Kayan,693,31.3,4,0.3,76.7,0.17,7.0,0.76,0
STU_10630,YKS_TYT_AYT,12,Yarıda Bırakan,138,18.6,3,0.74,69.0,0.62,7.0,0.11,0
STU_10631,YKS_TYT_AYT,12,Yarıda Bırakan,205,19.2,5,0.04,56.2,0.64,6.1,0.24,0
STU_10632,YKS_TYT_AYT,Mezun,Telefonla Dağılan,498,34.7,4,0.31,68.8,0.47,5.1,0.56,0
STU_10633,YKS_TYT_AYT,11,Başlayamayan,97,10.4,0,0.21,46.2,0.54,6.9,0.41,0
STU_10634,LGS,8,Telefonla Dağılan,516,23.0,4,0.46,77.2,0.51,4.0,0.26,1
STU_10635,YKS_TYT_AYT,Mezun,Telefonla Dağılan,617,25.5,8,0.61,68.2,0.52,5.3,0.31,1
STU_10636,YKS_TYT_AYT,Mezun,Kaygıyla Erteleyen,254,35.1,1,0.79,74.2,0.49,8.7,0.5,0
STU_10637,LGS,8,Telefonla Dağılan,394,20.7,6,0.68,69.7,0.56,5.8,0.64,1
STU_10638,LGS,8,Telefonla Dağılan,655,21.9,6,0.77,60.3,0.61,2.3,0.67,0
STU_10639,LGS,8,Başlayamayan,55,13.5,0,0.17,49.3,0.98,7.2,0.17,0
STU_10640,LGS,8,Geceye Kayan,525,30.7,1,0.55,72.5,0.28,5.3,0.73,0
STU_10641,LGS,8,Başlayamayan,159,10.4,0,0.3,63.3,0.86,7.0,0.15,0
STU_10642,LGS,8,Kaygıyla Erteleyen,429,35.9,4,0.38,68.6,0.78,9.0,0.01,1
STU_10643,LGS,8,Yarıda Bırakan,279,9.7,2,0.39,58.1,0.55,5.6,0.08,0
STU_10644,LGS,8,Geceye Kayan,539,42.9,2,0.59,53.3,0.36,5.9,0.51,1
STU_10645,YKS_TYT_AYT,Mezun,Telefonla Dağılan,456,24.8,5,0.49,69.8,0.76,3.7,0.43,0
STU_10646,YKS_TYT_AYT,11,Kaygıyla Erteleyen,226,37.5,1,0.81,74.8,0.78,7.7,0.37,0
STU_10647,YKS_TYT_AYT,Mezun,Başlayamayan,121,10.7,1,0.27,43.3,0.92,5.5,0.25,0
STU_10648,YKS_TYT_AYT,12,Yarıda Bırakan,263,16.3,3,0.63,53.6,0.3,4.7,0.5,0
STU_10649,YKS_TYT_AYT,Mezun,Telefonla Dağılan,456,21.8,3,0.38,67.8,0.49,2.2,0.36,0
STU_10650,LGS,8,Kaygıyla Erteleyen,275,36.3,3,0.6,76.2,0.43,9.3,0.14,1
STU_10651,YKS_TYT_AYT,12,Başlayamayan,79,16.1,0,0.05,35.8,0.69,5.6,0.15,1
STU_10652,YKS_TYT_AYT,Mezun,Geceye Kayan,515,36.2,3,0.65,72.7,0.3,3.9,0.82,0
STU_10653,YKS_TYT_AYT,12,Geceye Kayan,508,45.0,3,0.51,64.6,0.47,5.5,0.85,0
STU_10654,YKS_TYT_AYT,Mezun,Yarıda Bırakan,219,18.8,1,0.54,43.3,0.72,6.9,0.21,0
STU_10655,LGS,8,Kaygıyla Erteleyen,267,36.3,2,0.8,63.4,0.94,8.6,0.37,1
STU_10656,LGS,8,Telefonla Dağılan,424,36.1,10,0.62,32.7,0.57,4.3,0.28,0
STU_10657,LGS,8,Yarıda Bırakan,181,12.8,3,0.34,64.5,0.13,4.6,0.31,0
STU_10658,YKS_TYT_AYT,12,Yarıda Bırakan,217,24.3,4,0.65,36.8,0.33,2.8,0.49,0
STU_10659,YKS_TYT_AYT,12,Telefonla Dağılan,483,23.4,5,0.51,45.9,0.35,2.3,0.32,1
STU_10660,LGS,8,Telefonla Dağılan,499,21.2,13,0.35,75.8,0.54,5.7,0.64,0
STU_10661,YKS_TYT_AYT,12,Yarıda Bırakan,271,15.6,4,0.51,51.2,0.23,5.7,0.2,0
STU_10662,YKS_TYT_AYT,11,Telefonla Dağılan,432,17.2,3,0.24,54.4,0.74,3.7,0.26,0
STU_10663,LGS,8,Telefonla Dağılan,421,31.3,6,0.73,69.6,0.2,4.5,0.55,1
STU_10664,LGS,8,Telefonla Dağılan,349,29.3,5,0.78,41.2,0.86,5.4,0.67,1
STU_10665,LGS,8,Başlayamayan,170,7.4,2,0.08,56.6,0.54,4.9,0.59,1
STU_10666,LGS,8,Kaygıyla Erteleyen,197,32.1,2,0.64,61.2,0.6,10.0,0.43,0
STU_10667,LGS,8,Yarıda Bırakan,218,22.3,3,0.34,62.3,0.41,4.3,0.48,1
STU_10668,LGS,8,Yarıda Bırakan,352,15.7,1,0.13,66.2,0.58,5.0,0.52,1
STU_10669,LGS,8,Yarıda Bırakan,229,17.9,1,0.31,60.7,0.43,5.5,0.56,0
STU_10670,LGS,8,Telefonla Dağılan,555,21.6,7,0.45,38.9,0.51,3.3,0.45,0
STU_10671,YKS_TYT_AYT,12,Geceye Kayan,700,26.3,3,0.33,57.9,0.38,5.5,0.71,0
STU_10672,LGS,8,Yarıda Bırakan,318,13.4,2,0.73,61.2,0.48,4.9,0.37,1
STU_10673,YKS_TYT_AYT,12,Telefonla Dağılan,525,36.2,6,0.52,47.0,0.4,7.9,0.66,0
STU_10674,LGS,8,Başlayamayan,111,14.6,0,0.34,54.1,0.81,5.6,0.28,1
STU_10675,YKS_TYT_AYT,11,Telefonla Dağılan,236,30.9,6,0.61,68.1,0.33,3.2,0.41,0
STU_10676,LGS,8,Geceye Kayan,500,33.0,3,0.42,77.2,0.34,6.8,0.81,0
STU_10677,LGS,8,Kaygıyla Erteleyen,227,19.2,2,0.56,70.5,0.84,7.9,0.46,0
STU_10678,YKS_TYT_AYT,12,Başlayamayan,119,14.1,2,0.08,28.5,0.9,6.2,0.26,0
STU_10679,YKS_TYT_AYT,11,Telefonla Dağılan,511,18.1,5,0.64,60.5,0.16,4.4,0.33,1
STU_10680,YKS_TYT_AYT,Mezun,Yarıda Bırakan,180,19.4,2,0.42,54.8,0.7,5.6,0.24,1
STU_10681,LGS,8,Yarıda Bırakan,314,21.4,2,0.11,55.1,0.39,7.3,0.16,1
STU_10682,LGS,8,Kaygıyla Erteleyen,343,26.5,2,0.9,100.0,0.69,7.7,0.76,0
STU_10683,YKS_TYT_AYT,11,Kaygıyla Erteleyen,305,44.4,3,0.81,97.9,0.91,9.8,0.09,1
STU_10684,YKS_TYT_AYT,12,Yarıda Bırakan,273,15.6,1,0.6,59.2,0.51,5.2,0.24,0
STU_10685,YKS_TYT_AYT,12,Geceye Kayan,761,32.0,3,0.61,53.1,0.13,5.3,0.89,0
STU_10686,YKS_TYT_AYT,12,Telefonla Dağılan,451,30.4,9,0.56,62.2,0.56,4.4,0.35,1
STU_10687,LGS,8,Yarıda Bırakan,229,19.7,4,0.62,44.7,0.3,2.4,0.56,0
STU_10688,YKS_TYT_AYT,11,Telefonla Dağılan,596,27.4,5,0.71,43.3,0.37,3.7,0.2,0
STU_10689,LGS,8,Telefonla Dağılan,556,23.8,4,0.79,57.2,0.66,3.7,0.69,1
STU_10690,LGS,8,Telefonla Dağılan,635,20.6,10,0.4,63.6,0.31,6.0,0.68,1
STU_10691,YKS_TYT_AYT,Mezun,Telefonla Dağılan,447,31.4,6,0.4,72.6,0.64,5.1,0.18,1
STU_10692,YKS_TYT_AYT,11,Telefonla Dağılan,769,24.1,5,0.59,67.9,0.19,5.4,0.51,1
STU_10693,LGS,8,Başlayamayan,69,5.4,1,0.08,24.9,0.8,6.9,0.42,1
STU_10694,LGS,8,Kaygıyla Erteleyen,264,38.9,3,0.56,63.4,0.89,9.3,0.75,1
STU_10695,YKS_TYT_AYT,11,Telefonla Dağılan,558,37.2,6,0.72,37.2,0.4,5.8,0.66,1
STU_10696,LGS,8,Başlayamayan,119,19.4,0,0.13,81.7,0.58,7.5,0.38,1
STU_10697,YKS_TYT_AYT,12,Kaygıyla Erteleyen,501,39.2,1,0.83,62.1,0.71,9.6,0.04,1
STU_10698,LGS,8,Geceye Kayan,709,41.5,2,0.52,76.0,0.27,6.0,0.64,0
STU_10699,YKS_TYT_AYT,11,Geceye Kayan,482,35.9,4,0.17,63.9,0.24,4.4,0.76,0
STU_10700,YKS_TYT_AYT,11,Yarıda Bırakan,303,13.6,4,0.41,30.7,0.17,4.3,0.17,1
STU_10701,LGS,8,Başlayamayan,126,13.1,0,0.1,64.5,0.63,7.3,0.24,1
STU_10702,LGS,8,Telefonla Dağılan,576,23.1,7,0.51,51.7,0.54,4.5,0.39,0
STU_10703,LGS,8,Başlayamayan,118,17.6,1,0.5,53.7,0.5,7.4,0.37,0
STU_10704,LGS,8,Geceye Kayan,530,31.1,8,0.37,74.1,0.22,2.9,0.81,0
STU_10705,YKS_TYT_AYT,Mezun,Başlayamayan,80,9.1,2,0.1,29.4,0.89,4.7,0.37,1
STU_10706,LGS,8,Yarıda Bırakan,313,13.2,4,0.52,58.8,0.48,4.0,0.17,1
STU_10707,YKS_TYT_AYT,12,Yarıda Bırakan,153,13.9,1,0.73,44.4,0.38,7.5,0.2,1
STU_10708,LGS,8,Yarıda Bırakan,248,20.3,1,0.55,64.8,0.14,3.9,0.52,0
STU_10709,YKS_TYT_AYT,11,Kaygıyla Erteleyen,386,20.8,2,0.93,78.1,0.92,9.5,0.47,1
STU_10710,YKS_TYT_AYT,12,Yarıda Bırakan,272,13.3,2,0.37,34.5,0.58,6.0,0.64,1
STU_10711,YKS_TYT_AYT,12,Başlayamayan,112,10.2,2,0.23,50.3,0.38,5.1,0.41,1
STU_10712,YKS_TYT_AYT,11,Yarıda Bırakan,198,19.3,4,0.26,56.1,0.6,4.2,0.34,0
STU_10713,LGS,8,Telefonla Dağılan,426,23.3,8,0.85,61.3,0.52,5.8,0.81,1
STU_10714,LGS,8,Başlayamayan,50,17.6,2,0.65,45.5,0.43,8.3,0.11,0
STU_10715,YKS_TYT_AYT,12,Telefonla Dağılan,347,25.2,5,0.75,74.5,0.45,5.6,0.49,1
STU_10716,YKS_TYT_AYT,12,Telefonla Dağılan,650,18.4,3,0.34,61.7,0.2,4.8,0.21,0
STU_10717,YKS_TYT_AYT,11,Telefonla Dağılan,553,17.9,6,0.51,80.5,0.59,6.5,0.46,0
STU_10718,LGS,8,Geceye Kayan,554,33.7,6,0.21,68.2,0.64,6.8,0.89,0
STU_10719,YKS_TYT_AYT,12,Geceye Kayan,459,27.2,6,0.49,64.7,0.21,8.2,0.82,1
STU_10720,YKS_TYT_AYT,Mezun,Geceye Kayan,602,26.5,3,0.57,67.8,0.18,4.6,0.82,0
STU_10721,LGS,8,Yarıda Bırakan,325,25.2,2,0.47,33.7,0.51,4.2,0.42,0
STU_10722,LGS,8,Başlayamayan,176,10.1,1,0.1,44.6,0.73,6.3,0.48,1
STU_10723,YKS_TYT_AYT,12,Yarıda Bırakan,248,13.9,4,0.33,48.9,0.68,5.0,0.17,0
STU_10724,YKS_TYT_AYT,12,Geceye Kayan,596,37.6,6,0.68,78.4,0.06,5.4,0.85,0
STU_10725,YKS_TYT_AYT,Mezun,Geceye Kayan,641,33.9,1,0.34,65.6,0.27,6.4,0.87,0
STU_10726,LGS,8,Kaygıyla Erteleyen,318,22.2,4,0.77,73.9,0.71,9.6,0.28,0
STU_10727,YKS_TYT_AYT,12,Başlayamayan,173,16.5,2,0.17,39.0,0.92,5.5,0.22,1
STU_10728,LGS,8,Geceye Kayan,616,42.6,6,0.7,60.6,0.13,7.4,0.92,0
STU_10729,LGS,8,Yarıda Bırakan,157,9.1,4,0.65,48.8,0.67,5.7,0.34,1
STU_10730,LGS,8,Başlayamayan,70,6.6,1,0.2,38.4,0.9,7.5,0.17,1
STU_10731,YKS_TYT_AYT,Mezun,Yarıda Bırakan,201,24.1,1,0.59,56.0,0.65,5.2,0.28,0
STU_10732,YKS_TYT_AYT,11,Başlayamayan,181,14.6,0,0.14,54.4,0.86,8.4,0.49,1
STU_10733,YKS_TYT_AYT,11,Telefonla Dağılan,505,25.1,7,0.7,74.6,0.33,4.9,0.39,0
STU_10734,LGS,8,Yarıda Bırakan,335,23.5,1,0.55,51.2,0.46,3.1,0.1,1
STU_10735,YKS_TYT_AYT,Mezun,Telefonla Dağılan,554,27.9,5,0.63,61.4,0.47,7.3,0.78,1
STU_10736,LGS,8,Telefonla Dağılan,409,30.5,4,0.27,82.0,0.52,4.3,0.42,0
STU_10737,YKS_TYT_AYT,12,Kaygıyla Erteleyen,281,27.7,1,0.44,74.8,0.76,9.5,0.37,0
STU_10738,YKS_TYT_AYT,12,Telefonla Dağılan,513,20.3,3,0.63,73.7,0.29,2.1,0.36,0
STU_10739,LGS,8,Yarıda Bırakan,269,3.5,4,0.47,42.1,0.76,5.9,0.64,1
STU_10740,YKS_TYT_AYT,11,Kaygıyla Erteleyen,255,29.7,1,0.85,75.9,0.86,9.3,0.43,0
STU_10741,LGS,8,Geceye Kayan,629,41.5,4,0.42,67.4,0.39,7.5,0.94,0
STU_10742,YKS_TYT_AYT,12,Başlayamayan,130,7.4,3,0.08,30.9,0.92,7.2,0.06,0
STU_10743,YKS_TYT_AYT,11,Telefonla Dağılan,356,31.8,11,0.63,55.9,0.45,8.0,0.49,0
STU_10744,LGS,8,Yarıda Bırakan,258,14.1,1,0.28,48.5,0.39,4.6,0.21,1
STU_10745,YKS_TYT_AYT,12,Başlayamayan,134,9.4,2,0.63,36.4,0.65,8.1,0.2,0
STU_10746,LGS,8,Telefonla Dağılan,580,21.3,8,0.68,75.4,0.24,4.3,0.57,1
STU_10747,YKS_TYT_AYT,12,Kaygıyla Erteleyen,334,18.4,0,0.5,70.7,0.74,8.5,0.31,0
STU_10748,YKS_TYT_AYT,12,Başlayamayan,67,16.2,3,0.2,79.1,0.79,4.8,0.13,1
STU_10749,YKS_TYT_AYT,11,Kaygıyla Erteleyen,261,32.0,1,0.75,73.4,0.79,9.9,0.13,1
STU_10750,LGS,8,Kaygıyla Erteleyen,237,21.4,5,0.72,75.3,0.8,8.1,0.5,0
STU_10751,YKS_TYT_AYT,Mezun,Geceye Kayan,560,37.6,4,0.65,77.1,0.14,3.5,0.48,0
STU_10752,YKS_TYT_AYT,12,Yarıda Bırakan,206,22.3,5,0.59,52.1,0.46,6.0,0.22,0
STU_10753,LGS,8,Geceye Kayan,460,35.0,6,0.33,82.0,0.37,3.9,0.96,0
STU_10754,LGS,8,Yarıda Bırakan,153,19.2,0,0.52,32.8,0.31,3.1,0.24,0
STU_10755,YKS_TYT_AYT,12,Telefonla Dağılan,823,19.4,6,0.47,81.0,0.45,3.0,0.63,0
STU_10756,YKS_TYT_AYT,12,Başlayamayan,195,14.3,0,0.47,55.1,0.59,6.3,0.33,1
STU_10757,YKS_TYT_AYT,12,Başlayamayan,132,14.0,1,0.4,50.2,0.81,9.3,0.23,0
STU_10758,YKS_TYT_AYT,12,Telefonla Dağılan,647,33.0,9,0.74,59.4,0.2,6.1,0.7,1
STU_10759,YKS_TYT_AYT,11,Yarıda Bırakan,139,24.8,2,0.38,49.5,0.29,2.9,0.15,1
STU_10760,LGS,8,Yarıda Bırakan,142,12.6,3,0.19,71.8,0.5,4.3,0.57,1
STU_10761,LGS,8,Başlayamayan,81,6.2,3,0.51,51.2,0.47,5.1,0.67,1
STU_10762,LGS,8,Telefonla Dağılan,554,23.3,9,0.56,68.8,0.64,2.6,0.51,0
STU_10763,YKS_TYT_AYT,11,Başlayamayan,104,6.6,0,0.3,44.6,0.54,5.9,0.59,1
STU_10764,LGS,8,Kaygıyla Erteleyen,230,31.4,2,0.83,75.7,0.53,10.0,0.33,0
STU_10765,YKS_TYT_AYT,12,Başlayamayan,123,9.5,1,0.06,28.3,0.9,6.3,0.49,1
STU_10766,YKS_TYT_AYT,Mezun,Başlayamayan,53,7.3,1,0.31,34.2,0.44,6.8,0.36,1
STU_10767,YKS_TYT_AYT,Mezun,Yarıda Bırakan,299,10.2,5,0.59,57.5,0.59,5.8,0.11,0
STU_10768,LGS,8,Telefonla Dağılan,718,33.7,11,0.67,62.0,0.38,5.8,0.59,1
STU_10769,YKS_TYT_AYT,11,Yarıda Bırakan,248,9.0,2,0.38,60.1,0.49,4.3,0.47,1
STU_10770,LGS,8,Yarıda Bırakan,204,13.9,5,0.68,51.4,0.67,5.9,0.34,1
STU_10771,YKS_TYT_AYT,11,Geceye Kayan,588,36.6,2,0.6,60.6,0.42,5.3,0.71,0
STU_10772,LGS,8,Telefonla Dağılan,555,13.6,8,0.11,76.7,0.51,3.1,0.54,0
STU_10773,LGS,8,Başlayamayan,115,5.1,1,0.63,50.4,0.81,4.5,0.36,1
STU_10774,YKS_TYT_AYT,12,Yarıda Bırakan,278,25.1,1,0.13,54.5,0.91,5.3,0.47,0
STU_10775,LGS,8,Kaygıyla Erteleyen,293,37.9,2,0.62,79.8,0.75,10.0,0.3,0
STU_10776,LGS,8,Yarıda Bırakan,259,17.2,3,0.43,53.9,0.78,5.6,0.45,1
STU_10777,YKS_TYT_AYT,11,Başlayamayan,65,17.9,3,0.21,61.7,0.86,7.0,0.27,0
STU_10778,YKS_TYT_AYT,12,Kaygıyla Erteleyen,399,25.3,2,0.91,57.3,0.94,7.1,0.31,0
STU_10779,YKS_TYT_AYT,12,Telefonla Dağılan,572,17.6,7,0.65,75.6,0.12,5.7,0.47,0
STU_10780,YKS_TYT_AYT,12,Telefonla Dağılan,427,17.6,7,0.24,72.0,0.46,5.5,0.52,0
STU_10781,YKS_TYT_AYT,12,Başlayamayan,100,6.1,1,0.4,40.5,0.31,6.5,0.09,1
STU_10782,LGS,8,Başlayamayan,88,12.6,1,0.21,36.6,0.73,8.6,0.14,0
STU_10783,LGS,8,Telefonla Dağılan,527,22.3,4,0.54,74.0,0.71,3.1,0.55,0
STU_10784,LGS,8,Başlayamayan,115,11.9,1,0.19,60.3,0.64,5.0,0.34,0
STU_10785,YKS_TYT_AYT,Mezun,Telefonla Dağılan,543,24.4,6,0.54,64.0,0.66,2.7,0.37,1
STU_10786,YKS_TYT_AYT,Mezun,Telefonla Dağılan,527,35.7,6,0.66,59.7,0.13,3.1,0.18,0
STU_10787,LGS,8,Yarıda Bırakan,188,17.3,3,0.62,57.9,0.44,6.6,0.22,0
STU_10788,YKS_TYT_AYT,12,Geceye Kayan,748,34.9,7,0.72,64.1,0.24,3.9,0.89,0
STU_10789,YKS_TYT_AYT,12,Kaygıyla Erteleyen,251,25.4,2,0.85,67.7,0.89,10.0,0.14,0
STU_10790,LGS,8,Telefonla Dağılan,530,15.7,6,0.54,48.5,0.82,4.2,0.73,0
STU_10791,YKS_TYT_AYT,12,Başlayamayan,182,15.0,3,0.08,47.1,0.82,8.5,0.25,1
STU_10792,YKS_TYT_AYT,12,Başlayamayan,117,13.0,0,0.18,53.7,0.8,6.2,0.69,1
STU_10793,YKS_TYT_AYT,12,Telefonla Dağılan,368,23.8,8,0.63,44.7,0.33,4.1,0.64,0
STU_10794,LGS,8,Başlayamayan,74,19.1,2,0.32,38.2,0.65,6.9,0.34,1
STU_10795,YKS_TYT_AYT,12,Geceye Kayan,544,38.2,3,0.81,64.9,0.14,5.9,0.87,1
STU_10796,YKS_TYT_AYT,12,Başlayamayan,107,8.2,2,0.12,41.0,0.57,5.7,0.12,1
STU_10797,YKS_TYT_AYT,12,Telefonla Dağılan,735,34.7,7,0.73,70.0,0.2,4.0,0.48,1
STU_10798,YKS_TYT_AYT,Mezun,Yarıda Bırakan,303,22.6,3,0.65,64.2,0.23,5.1,0.5,1
STU_10799,YKS_TYT_AYT,11,Telefonla Dağılan,527,22.5,9,0.24,67.8,0.3,4.6,0.58,0
STU_10800,YKS_TYT_AYT,Mezun,Başlayamayan,104,18.1,1,0.56,46.9,0.92,8.2,0.39,1
STU_10801,LGS,8,Yarıda Bırakan,323,12.3,4,0.55,45.6,0.71,3.9,0.08,1
STU_10802,YKS_TYT_AYT,Mezun,Yarıda Bırakan,286,20.1,1,0.49,57.9,0.77,3.2,0.53,0
STU_10803,YKS_TYT_AYT,12,Geceye Kayan,836,42.1,4,0.38,68.2,0.68,5.2,0.77,0
STU_10804,YKS_TYT_AYT,12,Başlayamayan,132,8.5,2,0.34,64.8,0.95,7.5,0.04,1
STU_10805,YKS_TYT_AYT,11,Geceye Kayan,551,26.8,3,0.57,69.8,0.43,5.3,0.91,0
STU_10806,YKS_TYT_AYT,Mezun,Kaygıyla Erteleyen,339,22.3,7,0.58,91.0,0.65,9.1,0.51,0
STU_10807,YKS_TYT_AYT,11,Yarıda Bırakan,224,18.3,0,0.52,61.7,0.36,4.9,0.57,0
STU_10808,YKS_TYT_AYT,Mezun,Kaygıyla Erteleyen,257,25.9,3,0.85,62.0,0.6,8.3,0.68,0
STU_10809,LGS,8,Başlayamayan,165,7.1,2,0.42,37.1,0.7,4.0,0.16,0
STU_10810,YKS_TYT_AYT,12,Geceye Kayan,680,46.2,3,0.5,59.3,0.09,7.3,0.95,0
STU_10811,YKS_TYT_AYT,11,Telefonla Dağılan,474,18.5,4,0.43,63.4,0.3,4.8,0.29,1
STU_10812,LGS,8,Yarıda Bırakan,301,14.6,4,0.66,62.5,0.22,4.2,0.41,1
STU_10813,YKS_TYT_AYT,12,Yarıda Bırakan,381,20.8,2,0.61,61.5,0.42,3.0,0.07,1
STU_10814,YKS_TYT_AYT,Mezun,Başlayamayan,114,15.5,2,0.14,41.2,0.84,7.3,0.24,1
STU_10815,YKS_TYT_AYT,11,Geceye Kayan,593,33.5,4,0.47,73.3,0.32,7.6,0.78,0
STU_10816,YKS_TYT_AYT,11,Başlayamayan,144,12.1,0,0.22,61.6,0.94,5.5,0.16,1
STU_10817,LGS,8,Telefonla Dağılan,753,22.5,9,0.73,68.1,0.64,6.3,0.66,0
STU_10818,LGS,8,Yarıda Bırakan,288,15.8,1,0.34,63.7,0.53,6.6,0.3,0
STU_10819,LGS,8,Geceye Kayan,503,34.6,4,0.67,63.7,0.39,4.4,0.69,0
STU_10820,YKS_TYT_AYT,12,Yarıda Bırakan,233,19.8,2,0.19,50.2,0.65,5.7,0.18,1
STU_10821,LGS,8,Telefonla Dağılan,418,28.3,11,0.29,71.9,0.35,5.1,0.43,1
STU_10822,LGS,8,Telefonla Dağılan,637,14.6,5,0.58,75.0,0.62,3.5,0.51,0
STU_10823,LGS,8,Telefonla Dağılan,400,8.0,4,0.72,80.0,0.26,8.7,0.71,1
STU_10824,YKS_TYT_AYT,12,Başlayamayan,95,10.4,1,0.39,41.1,0.95,6.9,0.65,0
STU_10825,YKS_TYT_AYT,12,Başlayamayan,60,19.4,1,0.22,66.5,0.55,6.5,0.55,1
STU_10826,LGS,8,Başlayamayan,131,13.7,0,0.48,42.6,0.67,6.0,0.29,1
STU_10827,LGS,8,Telefonla Dağılan,662,32.6,8,0.72,55.5,0.57,4.3,0.25,0
STU_10828,YKS_TYT_AYT,12,Başlayamayan,114,14.1,1,0.36,54.0,0.78,5.6,0.19,1
STU_10829,YKS_TYT_AYT,11,Telefonla Dağılan,377,28.5,3,0.77,75.1,0.18,7.7,0.64,0
STU_10830,LGS,8,Başlayamayan,89,18.8,2,0.39,36.9,0.88,7.6,0.22,1
STU_10831,YKS_TYT_AYT,11,Kaygıyla Erteleyen,368,21.4,6,0.9,82.1,0.46,8.7,0.17,0
STU_10832,LGS,8,Geceye Kayan,639,19.8,2,0.97,97.6,0.07,5.3,0.7,0
STU_10833,LGS,8,Telefonla Dağılan,407,30.1,5,0.33,49.2,0.44,5.7,0.48,0
STU_10834,YKS_TYT_AYT,11,Yarıda Bırakan,188,21.3,3,0.55,62.7,0.42,6.7,0.73,0
STU_10835,LGS,8,Yarıda Bırakan,236,19.1,4,0.77,51.9,0.73,5.1,0.18,1
STU_10836,YKS_TYT_AYT,11,Başlayamayan,95,6.1,3,0.15,56.0,0.82,8.5,0.22,0
STU_10837,LGS,8,Yarıda Bırakan,286,27.2,1,0.56,43.3,0.78,3.7,0.55,1
STU_10838,YKS_TYT_AYT,Mezun,Telefonla Dağılan,381,27.2,4,0.61,69.3,0.37,2.4,0.3,0
STU_10839,YKS_TYT_AYT,11,Telefonla Dağılan,509,20.9,8,0.81,61.0,0.48,5.2,0.72,0
STU_10840,LGS,8,Geceye Kayan,533,28.0,9,0.68,77.3,0.55,7.3,0.84,0
STU_10841,YKS_TYT_AYT,12,Yarıda Bırakan,258,21.5,5,0.66,59.6,0.35,4.6,0.28,1
STU_10842,LGS,8,Telefonla Dağılan,733,15.7,5,0.47,59.9,0.51,3.6,0.46,0
STU_10843,YKS_TYT_AYT,Mezun,Telefonla Dağılan,605,18.1,8,0.22,54.5,0.46,2.9,0.14,0
STU_10844,LGS,8,Telefonla Dağılan,595,28.3,6,0.23,48.7,0.15,6.3,0.9,0
STU_10845,LGS,8,Yarıda Bırakan,165,12.8,2,0.38,48.5,0.73,4.8,0.54,1
STU_10846,LGS,8,Yarıda Bırakan,197,18.4,3,0.52,45.5,0.51,3.9,0.32,0
STU_10847,YKS_TYT_AYT,11,Telefonla Dağılan,674,15.6,10,0.53,66.1,0.41,4.2,0.87,1
STU_10848,YKS_TYT_AYT,12,Telefonla Dağılan,605,14.8,4,0.67,62.1,0.63,3.6,0.24,1
STU_10849,YKS_TYT_AYT,11,Geceye Kayan,876,29.5,2,0.7,74.8,0.45,5.6,0.59,0
STU_10850,LGS,8,Yarıda Bırakan,285,21.0,1,0.45,68.0,0.32,5.9,0.45,0
STU_10851,YKS_TYT_AYT,12,Başlayamayan,72,9.8,1,0.15,55.6,0.8,7.9,0.15,1
STU_10852,LGS,8,Telefonla Dağılan,382,16.5,4,0.24,70.6,0.44,4.5,0.55,0
STU_10853,YKS_TYT_AYT,11,Telefonla Dağılan,572,22.8,6,0.45,75.7,0.33,6.1,0.37,0
STU_10854,LGS,8,Başlayamayan,180,20.8,3,0.48,47.5,0.78,6.5,0.17,0
STU_10855,LGS,8,Kaygıyla Erteleyen,341,23.1,2,0.73,65.7,0.77,9.3,0.39,0
STU_10856,LGS,8,Geceye Kayan,689,40.8,2,0.46,83.0,0.57,6.2,0.64,0
STU_10857,YKS_TYT_AYT,11,Geceye Kayan,771,19.1,2,0.65,80.0,0.15,4.7,0.74,0
STU_10858,YKS_TYT_AYT,Mezun,Başlayamayan,185,8.9,2,0.34,54.8,0.77,7.2,0.05,1
STU_10859,LGS,8,Kaygıyla Erteleyen,179,33.4,1,0.79,75.8,0.84,8.6,0.08,1
STU_10860,YKS_TYT_AYT,12,Telefonla Dağılan,336,23.8,3,0.26,72.7,0.3,2.7,0.54,1
STU_10861,YKS_TYT_AYT,12,Yarıda Bırakan,209,19.6,2,0.21,67.0,0.27,6.5,0.21,1
STU_10862,YKS_TYT_AYT,11,Telefonla Dağılan,476,26.5,6,0.24,42.1,0.34,4.9,0.51,1
STU_10863,YKS_TYT_AYT,11,Kaygıyla Erteleyen,307,34.6,3,0.49,68.4,0.68,8.7,0.03,0
STU_10864,LGS,8,Telefonla Dağılan,416,25.7,5,0.81,89.7,0.32,4.6,0.1,1
STU_10865,YKS_TYT_AYT,12,Yarıda Bırakan,285,20.5,1,0.31,65.4,0.52,6.7,0.45,0
STU_10866,LGS,8,Telefonla Dağılan,644,30.1,9,0.66,57.0,0.56,4.8,0.49,1
STU_10867,LGS,8,Telefonla Dağılan,559,28.7,6,0.7,66.1,0.51,2.0,0.3,1
STU_10868,YKS_TYT_AYT,11,Başlayamayan,145,19.0,0,0.37,28.2,0.76,5.1,0.63,1
STU_10869,YKS_TYT_AYT,12,Geceye Kayan,514,41.0,4,0.82,59.9,0.14,3.3,0.86,0
STU_10870,LGS,8,Telefonla Dağılan,401,26.9,5,0.75,28.9,0.43,3.9,0.76,0
STU_10871,LGS,8,Telefonla Dağılan,759,19.2,7,0.55,61.1,0.26,3.8,0.75,1
STU_10872,YKS_TYT_AYT,12,Başlayamayan,108,8.5,2,0.14,47.5,0.8,6.2,0.16,1
STU_10873,LGS,8,Telefonla Dağılan,619,19.8,6,0.82,81.4,0.18,3.6,0.59,1
STU_10874,LGS,8,Başlayamayan,190,13.0,3,0.29,50.0,0.68,8.0,0.24,1
STU_10875,LGS,8,Başlayamayan,154,13.5,1,0.34,50.1,0.56,2.7,0.17,1
STU_10876,YKS_TYT_AYT,12,Telefonla Dağılan,482,28.8,5,0.48,37.5,0.71,6.0,0.35,1
STU_10877,YKS_TYT_AYT,Mezun,Yarıda Bırakan,142,13.6,4,0.33,65.8,0.53,4.0,0.47,0
STU_10878,LGS,8,Telefonla Dağılan,674,20.6,5,0.51,62.2,0.41,3.1,0.42,0
STU_10879,LGS,8,Başlayamayan,84,8.7,0,0.1,46.5,0.73,6.7,0.37,0
STU_10880,LGS,8,Yarıda Bırakan,283,19.9,4,0.35,62.7,0.4,3.7,0.2,0
STU_10881,YKS_TYT_AYT,11,Başlayamayan,106,8.9,0,0.61,38.3,0.82,7.4,0.18,0
STU_10882,LGS,8,Geceye Kayan,542,36.6,4,0.83,65.1,0.5,3.7,0.91,0
STU_10883,LGS,8,Telefonla Dağılan,373,13.2,3,0.5,47.4,0.37,4.0,0.26,1
STU_10884,YKS_TYT_AYT,12,Telefonla Dağılan,503,33.0,4,0.78,50.6,0.26,3.7,0.64,0
STU_10885,LGS,8,Yarıda Bırakan,343,14.6,4,0.25,58.1,0.43,4.5,0.41,0
STU_10886,YKS_TYT_AYT,12,Başlayamayan,152,7.7,3,0.18,39.4,0.98,4.3,0.32,1
STU_10887,LGS,8,Geceye Kayan,591,44.6,2,0.79,59.0,0.11,4.5,0.95,1
STU_10888,LGS,8,Yarıda Bırakan,246,10.9,0,0.52,43.4,0.48,4.4,0.47,0
STU_10889,LGS,8,Yarıda Bırakan,215,22.2,5,0.37,55.2,0.73,5.2,0.1,1
STU_10890,YKS_TYT_AYT,12,Telefonla Dağılan,619,30.1,8,0.44,51.3,0.32,2.9,0.82,0
STU_10891,YKS_TYT_AYT,11,Başlayamayan,134,19.6,0,0.12,55.5,0.64,6.0,0.57,1
STU_10892,YKS_TYT_AYT,11,Kaygıyla Erteleyen,339,25.8,2,0.85,58.7,0.82,7.3,0.27,1
STU_10893,LGS,8,Telefonla Dağılan,478,14.6,5,0.52,46.1,0.77,4.1,0.71,0
STU_10894,YKS_TYT_AYT,Mezun,Yarıda Bırakan,159,3.2,3,0.72,50.9,0.44,3.7,0.39,0
STU_10895,LGS,8,Başlayamayan,118,12.0,1,0.33,55.9,0.84,9.4,0.4,1
STU_10896,LGS,8,Başlayamayan,105,11.9,0,0.7,51.0,0.98,8.6,0.29,1
STU_10897,YKS_TYT_AYT,12,Geceye Kayan,541,30.3,4,0.87,91.5,0.31,7.3,0.78,1
STU_10898,LGS,8,Telefonla Dağılan,409,14.7,9,0.8,57.1,0.69,6.1,0.89,0
STU_10899,LGS,8,Yarıda Bırakan,227,19.8,3,0.4,60.3,0.6,4.6,0.18,0
STU_10900,LGS,8,Başlayamayan,188,13.3,1,0.38,39.2,0.75,8.2,0.16,1
STU_10901,LGS,8,Telefonla Dağılan,677,35.2,6,0.51,68.0,0.71,6.4,0.43,0
STU_10902,LGS,8,Telefonla Dağılan,414,21.9,7,0.64,56.9,0.71,4.5,0.85,1
STU_10903,YKS_TYT_AYT,12,Yarıda Bırakan,163,14.4,1,0.71,43.9,0.38,5.9,0.57,1
STU_10904,YKS_TYT_AYT,12,Yarıda Bırakan,330,16.1,0,0.36,51.8,0.41,6.6,0.27,1
STU_10905,YKS_TYT_AYT,11,Başlayamayan,67,12.4,1,0.39,80.5,0.63,3.4,0.68,1
STU_10906,YKS_TYT_AYT,12,Telefonla Dağılan,622,31.1,6,0.85,73.4,0.11,3.2,0.33,1
STU_10907,LGS,8,Geceye Kayan,977,50.2,1,0.73,79.0,0.26,4.1,0.85,0
STU_10908,LGS,8,Başlayamayan,83,17.9,1,0.5,57.8,0.73,9.5,0.14,0
STU_10909,LGS,8,Telefonla Dağılan,584,26.1,7,0.12,77.5,0.19,8.3,0.39,1
STU_10910,YKS_TYT_AYT,12,Yarıda Bırakan,188,14.2,4,0.37,60.8,0.77,5.4,0.04,0
STU_10911,LGS,8,Yarıda Bırakan,252,16.9,7,0.29,69.7,0.53,4.4,0.37,0
STU_10912,YKS_TYT_AYT,12,Yarıda Bırakan,212,13.6,6,0.28,65.8,0.66,5.8,0.63,1
STU_10913,LGS,8,Kaygıyla Erteleyen,464,26.6,1,0.59,79.7,0.83,9.4,0.68,0
STU_10914,YKS_TYT_AYT,12,Telefonla Dağılan,404,19.8,5,0.33,47.3,0.11,4.6,0.62,0
STU_10915,YKS_TYT_AYT,12,Telefonla Dağılan,383,9.9,7,0.48,60.4,0.07,4.4,0.18,0
STU_10916,LGS,8,Yarıda Bırakan,265,14.4,1,0.43,63.9,0.63,6.0,0.5,1
STU_10917,YKS_TYT_AYT,11,Başlayamayan,146,6.2,2,0.6,50.3,0.93,7.4,0.14,1
STU_10918,YKS_TYT_AYT,12,Başlayamayan,80,19.2,2,0.24,47.8,0.77,5.6,0.34,1
STU_10919,LGS,8,Telefonla Dağılan,558,26.7,7,0.71,77.7,0.62,4.7,0.4,1
STU_10920,YKS_TYT_AYT,11,Başlayamayan,111,15.5,1,0.28,83.5,0.68,8.0,0.19,1
STU_10921,YKS_TYT_AYT,Mezun,Telefonla Dağılan,386,28.0,9,0.44,72.7,0.16,3.7,0.25,0
STU_10922,YKS_TYT_AYT,12,Yarıda Bırakan,371,17.1,2,0.68,28.2,0.58,4.5,0.49,0
STU_10923,YKS_TYT_AYT,12,Yarıda Bırakan,261,16.3,2,0.38,66.0,0.43,5.3,0.18,1
STU_10924,YKS_TYT_AYT,Mezun,Yarıda Bırakan,259,17.6,4,0.27,72.8,0.48,5.1,0.17,0
STU_10925,LGS,8,Yarıda Bırakan,195,15.9,2,0.33,55.5,0.63,5.9,0.38,1
STU_10926,LGS,8,Başlayamayan,112,9.8,1,0.32,28.8,0.72,8.0,0.47,1
STU_10927,YKS_TYT_AYT,Mezun,Yarıda Bırakan,261,22.7,2,0.52,59.4,0.51,5.0,0.09,1
STU_10928,YKS_TYT_AYT,12,Telefonla Dağılan,430,25.8,11,0.68,66.2,0.71,3.7,0.31,0
STU_10929,LGS,8,Telefonla Dağılan,460,22.0,7,0.19,52.1,0.56,5.7,0.73,1
STU_10930,LGS,8,Yarıda Bırakan,203,16.6,2,0.2,64.3,0.2,5.8,0.35,0
STU_10931,YKS_TYT_AYT,12,Yarıda Bırakan,303,17.3,5,0.06,49.9,0.3,4.1,0.3,1
STU_10932,YKS_TYT_AYT,12,Başlayamayan,50,13.3,0,0.29,48.4,0.66,5.5,0.23,1
STU_10933,YKS_TYT_AYT,12,Başlayamayan,103,11.9,2,0.37,36.7,0.57,6.1,0.29,1
STU_10934,LGS,8,Başlayamayan,63,14.5,1,0.12,46.9,0.85,7.7,0.27,0
STU_10935,LGS,8,Geceye Kayan,671,41.3,1,0.77,71.7,0.3,3.9,0.79,0
STU_10936,LGS,8,Başlayamayan,131,11.1,0,0.11,28.8,0.47,8.2,0.71,1
STU_10937,YKS_TYT_AYT,12,Yarıda Bırakan,200,15.5,3,0.23,56.9,0.73,5.6,0.07,1
STU_10938,LGS,8,Yarıda Bırakan,206,21.3,3,0.6,51.4,0.09,4.7,0.49,0
STU_10939,YKS_TYT_AYT,12,Başlayamayan,149,17.1,2,0.25,55.0,0.71,6.8,0.36,1
STU_10940,LGS,8,Telefonla Dağılan,581,12.5,4,0.39,56.7,0.25,3.8,0.36,1
STU_10941,YKS_TYT_AYT,Mezun,Başlayamayan,151,10.3,1,0.44,34.4,0.52,7.9,0.43,0
STU_10942,YKS_TYT_AYT,12,Başlayamayan,180,11.5,2,0.19,34.4,0.77,7.6,0.66,1
STU_10943,YKS_TYT_AYT,12,Telefonla Dağılan,350,22.2,5,0.47,62.5,0.39,3.1,0.78,1
STU_10944,LGS,8,Yarıda Bırakan,199,12.8,3,0.67,58.4,0.49,6.1,0.44,1
STU_10945,LGS,8,Telefonla Dağılan,586,18.7,1,0.25,66.1,0.33,5.2,0.67,0
STU_10946,LGS,8,Telefonla Dağılan,409,31.5,9,0.37,75.8,0.28,4.2,0.68,0
STU_10947,YKS_TYT_AYT,12,Yarıda Bırakan,215,10.6,2,0.66,55.3,0.21,5.0,0.14,0
STU_10948,YKS_TYT_AYT,12,Telefonla Dağılan,429,25.4,4,0.28,66.6,0.31,3.3,0.52,0
STU_10949,YKS_TYT_AYT,12,Başlayamayan,71,11.2,0,0.26,36.0,0.37,8.6,0.12,1
STU_10950,YKS_TYT_AYT,Mezun,Telefonla Dağılan,480,33.9,12,0.74,70.5,0.31,1.9,0.58,0
STU_10951,YKS_TYT_AYT,11,Yarıda Bırakan,380,13.9,1,0.21,54.1,0.7,5.9,0.26,0
STU_10952,LGS,8,Yarıda Bırakan,179,18.4,1,0.2,58.0,0.21,4.4,0.54,0
STU_10953,YKS_TYT_AYT,Mezun,Telefonla Dağılan,576,15.7,6,0.57,49.1,0.63,2.8,0.51,0
STU_10954,LGS,8,Kaygıyla Erteleyen,277,27.6,2,0.72,68.2,0.39,9.3,0.18,1
STU_10955,LGS,8,Geceye Kayan,682,27.9,4,0.67,75.9,0.17,6.5,0.92,0
STU_10956,YKS_TYT_AYT,12,Telefonla Dağılan,465,29.0,6,0.64,67.3,0.08,5.6,0.16,0
STU_10957,LGS,8,Yarıda Bırakan,261,20.7,6,0.53,52.5,0.6,4.5,0.53,1
STU_10958,LGS,8,Yarıda Bırakan,261,18.1,4,0.18,61.2,0.44,6.9,0.35,1
STU_10959,YKS_TYT_AYT,11,Yarıda Bırakan,194,23.5,3,0.56,67.2,0.74,6.1,0.12,1
STU_10960,LGS,8,Telefonla Dağılan,559,27.6,6,0.93,49.9,0.49,4.1,0.28,0
STU_10961,YKS_TYT_AYT,12,Yarıda Bırakan,226,16.7,1,0.17,62.7,0.54,6.5,0.29,1
STU_10962,LGS,8,Geceye Kayan,553,35.1,3,0.51,67.9,0.56,3.5,0.65,0
STU_10963,LGS,8,Yarıda Bırakan,309,20.2,3,0.15,39.4,0.54,5.3,0.42,1
STU_10964,LGS,8,Yarıda Bırakan,169,19.4,2,0.1,54.5,0.24,4.0,0.42,1
STU_10965,LGS,8,Yarıda Bırakan,224,11.3,2,0.41,50.4,0.17,3.7,0.41,1
STU_10966,YKS_TYT_AYT,11,Kaygıyla Erteleyen,311,27.7,2,0.93,66.9,0.78,9.2,0.54,0
STU_10967,LGS,8,Telefonla Dağılan,939,19.1,7,0.61,76.2,0.33,6.2,0.63,0
STU_10968,YKS_TYT_AYT,12,Telefonla Dağılan,456,13.5,6,0.29,49.3,0.33,5.3,0.52,1
STU_10969,YKS_TYT_AYT,12,Yarıda Bırakan,226,13.1,1,0.66,55.7,0.88,4.6,0.3,1
STU_10970,YKS_TYT_AYT,12,Kaygıyla Erteleyen,279,22.7,2,0.91,57.9,0.64,8.1,0.33,1
STU_10971,YKS_TYT_AYT,12,Başlayamayan,128,5.4,2,0.34,31.5,0.79,6.2,0.26,1
STU_10972,YKS_TYT_AYT,Mezun,Kaygıyla Erteleyen,264,30.7,1,0.61,85.4,0.87,9.1,0.18,0
STU_10973,LGS,8,Telefonla Dağılan,749,25.3,4,0.76,64.9,0.39,4.3,0.55,0
STU_10974,LGS,8,Yarıda Bırakan,268,15.6,5,0.17,51.8,0.75,4.2,0.19,0
STU_10975,LGS,8,Telefonla Dağılan,544,19.6,6,0.6,50.6,0.16,4.1,0.54,1
STU_10976,YKS_TYT_AYT,12,Telefonla Dağılan,566,31.8,8,0.34,45.6,0.4,5.3,0.58,0
STU_10977,LGS,8,Başlayamayan,63,15.8,0,0.31,56.7,0.62,4.4,0.21,0
STU_10978,YKS_TYT_AYT,12,Kaygıyla Erteleyen,206,19.8,0,0.74,79.9,0.73,9.7,0.05,1
STU_10979,YKS_TYT_AYT,11,Yarıda Bırakan,256,26.2,1,0.39,36.1,0.94,5.3,0.2,1
STU_10980,LGS,8,Yarıda Bırakan,180,13.0,4,0.4,67.3,0.55,6.1,0.45,0
STU_10981,YKS_TYT_AYT,12,Başlayamayan,91,14.3,0,0.57,50.3,0.69,5.6,0.68,0
STU_10982,LGS,8,Yarıda Bırakan,170,14.4,1,0.59,58.5,0.24,7.3,0.27,1
STU_10983,LGS,8,Telefonla Dağılan,419,24.9,9,0.22,64.0,0.65,5.9,0.5,0
STU_10984,YKS_TYT_AYT,11,Yarıda Bırakan,304,13.7,2,0.56,54.7,0.43,3.2,0.39,1
STU_10985,YKS_TYT_AYT,12,Telefonla Dağılan,406,14.2,7,0.78,68.0,0.2,5.2,0.24,0
STU_10986,YKS_TYT_AYT,11,Yarıda Bırakan,253,18.1,4,0.7,60.9,0.22,4.2,0.25,0
STU_10987,YKS_TYT_AYT,12,Geceye Kayan,583,45.0,4,0.88,68.3,0.26,4.5,0.94,1
STU_10988,LGS,8,Telefonla Dağılan,559,30.7,5,0.52,64.8,0.38,4.8,0.47,0
STU_10989,YKS_TYT_AYT,12,Kaygıyla Erteleyen,386,35.3,3,0.76,54.5,0.53,9.5,0.6,0
STU_10990,YKS_TYT_AYT,12,Başlayamayan,77,3.9,2,0.31,40.7,0.53,5.8,0.17,0
STU_10991,YKS_TYT_AYT,12,Yarıda Bırakan,161,20.4,5,0.51,65.9,0.65,6.1,0.32,0
STU_10992,LGS,8,Yarıda Bırakan,273,20.1,3,0.63,52.2,0.27,5.7,0.15,0
STU_10993,YKS_TYT_AYT,12,Telefonla Dağılan,567,24.6,3,0.68,53.6,0.27,6.0,0.61,0
STU_10994,LGS,8,Kaygıyla Erteleyen,328,35.0,1,0.82,71.8,0.93,8.9,0.07,1
STU_10995,LGS,8,Başlayamayan,85,16.5,2,0.32,62.7,0.8,5.3,0.38,0
STU_10996,YKS_TYT_AYT,12,Başlayamayan,225,12.9,1,0.4,10.1,0.54,7.7,0.12,1
STU_10997,LGS,8,Kaygıyla Erteleyen,239,31.7,0,0.51,74.3,0.65,9.5,0.37,0
STU_10998,YKS_TYT_AYT,12,Başlayamayan,106,15.4,2,0.03,28.4,0.49,6.9,0.58,0
STU_10999,YKS_TYT_AYT,Mezun,Telefonla Dağılan,491,22.6,9,0.41,59.1,0.3,4.8,0.38,0
STU_11000,LGS,8,Telefonla Dağılan,512,24.9,2,0.74,51.7,0.42,5.7,0.3,0
STU_11001,YKS_TYT_AYT,11,Kaygıyla Erteleyen,508,22.0,2,0.81,68.4,0.96,9.9,0.59,0
STU_11002,YKS_TYT_AYT,12,Başlayamayan,86,16.5,3,0.02,54.0,0.69,7.7,0.62,1
STU_11003,YKS_TYT_AYT,12,Başlayamayan,59,20.7,0,0.23,64.3,0.82,6.7,0.39,0
STU_11004,YKS_TYT_AYT,11,Telefonla Dağılan,398,16.4,5,0.77,62.2,0.47,6.1,0.55,0
STU_11005,YKS_TYT_AYT,12,Geceye Kayan,573,51.3,5,0.27,71.1,0.51,2.9,0.92,0
STU_11006,YKS_TYT_AYT,Mezun,Yarıda Bırakan,341,20.5,1,0.23,43.1,0.29,3.6,0.19,1
STU_11007,YKS_TYT_AYT,12,Yarıda Bırakan,294,15.5,4,0.23,44.3,0.27,6.9,0.38,1
STU_11008,LGS,8,Telefonla Dağılan,461,19.7,15,0.78,72.8,0.29,1.1,0.35,1
STU_11009,YKS_TYT_AYT,12,Geceye Kayan,592,19.9,4,0.56,71.4,0.26,5.0,0.96,0
STU_11010,LGS,8,Kaygıyla Erteleyen,363,24.4,1,0.73,63.4,0.87,7.4,0.15,0
STU_11011,YKS_TYT_AYT,Mezun,Geceye Kayan,576,34.4,1,0.71,80.2,0.33,7.3,0.83,0
STU_11012,YKS_TYT_AYT,12,Başlayamayan,146,12.4,1,0.44,52.8,0.87,7.4,0.54,1
STU_11013,LGS,8,Başlayamayan,178,16.0,1,0.41,16.0,0.8,7.3,0.43,0
STU_11014,YKS_TYT_AYT,12,Telefonla Dağılan,497,20.7,8,0.94,39.2,0.51,4.3,0.42,0
STU_11015,YKS_TYT_AYT,12,Kaygıyla Erteleyen,293,28.0,2,0.88,65.7,0.96,8.0,0.49,0
STU_11016,LGS,8,Yarıda Bırakan,210,14.8,3,0.31,70.9,0.42,3.8,0.89,1
STU_11017,YKS_TYT_AYT,11,Yarıda Bırakan,372,23.7,1,0.54,52.0,0.53,6.3,0.43,0
STU_11018,YKS_TYT_AYT,Mezun,Kaygıyla Erteleyen,289,33.5,1,0.86,60.2,0.5,10.0,0.65,0
STU_11019,LGS,8,Başlayamayan,37,14.7,1,0.21,49.9,0.5,6.7,0.51,0
STU_11020,YKS_TYT_AYT,12,Yarıda Bırakan,216,15.5,4,0.74,45.2,0.34,6.7,0.57,0
STU_11021,LGS,8,Telefonla Dağılan,579,19.9,6,0.42,55.3,0.62,5.8,0.24,1
STU_11022,YKS_TYT_AYT,11,Telefonla Dağılan,599,28.0,7,0.65,51.6,0.3,4.0,0.34,1
STU_11023,YKS_TYT_AYT,12,Telefonla Dağılan,582,32.7,7,0.59,76.8,0.47,3.0,0.2,1
STU_11024,YKS_TYT_AYT,12,Yarıda Bırakan,207,16.5,4,0.25,31.1,0.63,1.9,0.29,1
STU_11025,YKS_TYT_AYT,12,Telefonla Dağılan,472,23.7,3,0.52,49.1,0.66,2.5,0.52,0
STU_11026,YKS_TYT_AYT,12,Telefonla Dağılan,436,25.6,11,0.77,76.1,0.49,2.9,0.47,1
STU_11027,YKS_TYT_AYT,12,Telefonla Dağılan,382,26.2,1,0.93,48.6,0.54,5.0,0.33,0
STU_11028,LGS,8,Telefonla Dağılan,459,26.0,6,0.51,71.9,0.61,5.0,0.77,1
STU_11029,YKS_TYT_AYT,12,Yarıda Bırakan,271,13.7,5,0.3,39.7,0.69,4.7,0.08,0
STU_11030,LGS,8,Başlayamayan,87,12.0,2,0.21,64.0,0.85,9.1,0.54,1
STU_11031,YKS_TYT_AYT,12,Başlayamayan,115,4.7,1,0.36,80.5,0.76,7.5,0.43,0
STU_11032,LGS,8,Yarıda Bırakan,311,18.5,4,0.26,47.7,0.42,5.1,0.26,1
STU_11033,LGS,8,Telefonla Dağılan,648,21.6,8,0.56,34.9,0.07,4.1,0.78,0
STU_11034,LGS,8,Kaygıyla Erteleyen,413,28.9,2,0.72,76.1,0.37,9.0,0.13,0
STU_11035,YKS_TYT_AYT,12,Telefonla Dağılan,294,33.4,6,0.46,59.7,0.46,6.8,0.49,1
STU_11036,LGS,8,Kaygıyla Erteleyen,220,23.9,0,0.75,79.7,0.75,9.6,0.12,1
STU_11037,YKS_TYT_AYT,12,Yarıda Bırakan,237,20.5,3,0.37,53.5,0.28,3.8,0.5,0
STU_11038,LGS,8,Yarıda Bırakan,303,15.8,4,0.69,62.6,0.71,6.4,0.31,0
STU_11039,LGS,8,Yarıda Bırakan,212,20.8,4,0.48,59.6,0.72,6.0,0.49,0
STU_11040,YKS_TYT_AYT,12,Başlayamayan,120,13.6,3,0.23,61.7,0.4,6.1,0.37,1
STU_11041,YKS_TYT_AYT,11,Başlayamayan,61,6.9,2,0.49,61.2,0.6,5.7,0.25,1
STU_11042,LGS,8,Telefonla Dağılan,347,27.0,5,0.7,62.3,0.51,4.6,0.75,0
STU_11043,YKS_TYT_AYT,Mezun,Geceye Kayan,545,31.6,5,0.46,70.0,0.22,5.4,0.85,0
STU_11044,YKS_TYT_AYT,12,Başlayamayan,163,16.4,1,0.22,59.8,0.48,9.1,0.6,0
STU_11045,YKS_TYT_AYT,12,Başlayamayan,98,11.7,2,0.27,33.1,0.91,10.0,0.32,1
STU_11046,LGS,8,Kaygıyla Erteleyen,392,31.8,3,0.64,64.1,0.55,9.7,0.23,0
STU_11047,LGS,8,Yarıda Bırakan,173,18.7,5,0.47,58.4,0.92,5.2,0.19,1
STU_11048,YKS_TYT_AYT,12,Kaygıyla Erteleyen,411,9.9,3,0.9,37.4,0.67,9.7,0.4,1
STU_11049,LGS,8,Telefonla Dağılan,413,25.0,9,0.33,36.9,0.04,4.0,0.49,0
STU_11050,YKS_TYT_AYT,11,Geceye Kayan,711,28.8,6,0.65,77.0,0.58,3.4,0.68,0
STU_11051,YKS_TYT_AYT,Mezun,Yarıda Bırakan,136,23.7,4,0.16,56.6,0.59,6.0,0.11,0
STU_11052,YKS_TYT_AYT,12,Telefonla Dağılan,321,29.4,5,0.53,87.3,0.62,4.1,0.17,0
STU_11053,YKS_TYT_AYT,12,Yarıda Bırakan,332,9.2,1,0.48,49.3,0.37,5.8,0.6,0
STU_11054,YKS_TYT_AYT,Mezun,Telefonla Dağılan,387,26.1,4,0.62,57.5,0.29,3.4,0.7,0
STU_11055,LGS,8,Yarıda Bırakan,375,29.0,5,0.53,72.5,0.25,4.4,0.07,0
STU_11056,YKS_TYT_AYT,12,Başlayamayan,75,14.1,2,0.21,56.6,0.72,5.0,0.27,1
STU_11057,LGS,8,Telefonla Dağılan,643,19.1,4,0.6,50.5,0.53,4.5,0.48,1
STU_11058,YKS_TYT_AYT,Mezun,Telefonla Dağılan,479,29.5,8,0.79,59.4,0.32,3.5,0.15,0
STU_11059,YKS_TYT_AYT,12,Kaygıyla Erteleyen,236,28.7,3,0.72,92.7,0.52,9.6,0.27,0
STU_11060,YKS_TYT_AYT,12,Telefonla Dağılan,446,23.7,1,0.41,52.0,0.32,3.8,0.6,0
STU_11061,YKS_TYT_AYT,Mezun,Telefonla Dağılan,444,24.6,4,0.44,68.9,0.75,3.6,0.3,0
STU_11062,YKS_TYT_AYT,11,Başlayamayan,110,9.0,3,0.25,44.0,0.78,5.2,0.38,1
STU_11063,LGS,8,Telefonla Dağılan,558,33.5,5,0.72,62.0,0.7,5.5,0.65,1
STU_11064,YKS_TYT_AYT,Mezun,Telefonla Dağılan,359,31.3,3,0.7,57.0,0.38,4.5,0.83,1
STU_11065,YKS_TYT_AYT,11,Geceye Kayan,597,39.0,1,0.66,69.1,0.48,2.6,0.94,1
STU_11066,LGS,8,Geceye Kayan,505,35.5,3,0.41,62.4,0.09,5.8,0.84,0
STU_11067,LGS,8,Başlayamayan,122,7.1,2,0.12,51.6,0.31,5.5,0.15,1
STU_11068,LGS,8,Kaygıyla Erteleyen,293,23.7,2,0.9,69.8,0.88,8.7,0.62,0
STU_11069,LGS,8,Başlayamayan,141,3.0,3,0.46,38.0,0.66,4.3,0.11,1
STU_11070,LGS,8,Yarıda Bırakan,185,25.4,4,0.64,56.8,0.73,3.6,0.26,1
STU_11071,LGS,8,Telefonla Dağılan,549,29.3,9,0.75,47.8,0.42,1.6,0.55,1
STU_11072,LGS,8,Başlayamayan,192,13.4,2,0.3,68.9,0.47,5.1,0.15,1
STU_11073,LGS,8,Telefonla Dağılan,751,22.0,5,0.46,59.8,0.69,3.8,0.59,1
STU_11074,YKS_TYT_AYT,Mezun,Başlayamayan,111,16.3,2,0.33,50.5,0.81,9.8,0.44,1
STU_11075,YKS_TYT_AYT,Mezun,Başlayamayan,96,12.5,4,0.17,32.4,0.58,6.7,0.28,1
STU_11076,LGS,8,Telefonla Dağılan,718,27.4,6,0.42,80.0,0.59,4.4,0.8,0
STU_11077,YKS_TYT_AYT,Mezun,Telefonla Dağılan,400,25.5,4,0.63,75.0,0.52,6.4,0.71,0
STU_11078,LGS,8,Geceye Kayan,694,38.6,6,0.77,64.7,0.14,6.6,0.81,0
STU_11079,YKS_TYT_AYT,Mezun,Telefonla Dağılan,582,34.9,13,0.66,53.6,0.53,6.8,0.46,1
STU_11080,YKS_TYT_AYT,12,Telefonla Dağılan,426,16.7,6,0.74,46.8,0.5,3.6,0.83,0
STU_11081,LGS,8,Yarıda Bırakan,170,21.0,2,0.4,41.5,0.39,5.8,0.37,0
STU_11082,LGS,8,Başlayamayan,149,11.6,0,0.16,45.0,0.8,3.9,0.83,1
STU_11083,YKS_TYT_AYT,12,Başlayamayan,177,7.6,0,0.22,57.0,0.56,6.4,0.07,1
STU_11084,YKS_TYT_AYT,12,Telefonla Dağılan,349,19.5,6,0.68,65.2,0.31,4.4,0.43,1
STU_11085,YKS_TYT_AYT,11,Telefonla Dağılan,630,17.4,5,0.61,54.5,0.59,3.2,0.61,1
STU_11086,YKS_TYT_AYT,12,Yarıda Bırakan,177,16.5,2,0.37,47.5,0.65,3.4,0.18,0
STU_11087,LGS,8,Telefonla Dağılan,534,18.5,11,0.59,59.0,0.29,2.3,0.52,0
STU_11088,YKS_TYT_AYT,12,Telefonla Dağılan,483,19.5,8,0.3,75.2,0.64,5.0,0.5,1
STU_11089,LGS,8,Başlayamayan,76,15.6,1,0.36,38.6,0.79,7.1,0.63,0
STU_11090,YKS_TYT_AYT,12,Başlayamayan,229,11.2,3,0.01,55.9,0.34,6.1,0.71,1
STU_11091,YKS_TYT_AYT,11,Kaygıyla Erteleyen,284,38.8,1,0.74,81.2,0.59,10.0,0.51,0
STU_11092,YKS_TYT_AYT,Mezun,Telefonla Dağılan,372,22.1,7,0.44,47.5,0.46,4.6,0.45,0
STU_11093,YKS_TYT_AYT,Mezun,Geceye Kayan,532,41.3,5,0.59,69.2,0.27,6.3,0.81,0
STU_11094,LGS,8,Başlayamayan,75,7.4,1,0.35,61.5,0.62,6.4,0.25,1
STU_11095,LGS,8,Geceye Kayan,631,43.6,2,0.65,65.0,0.23,7.0,0.64,0
STU_11096,LGS,8,Başlayamayan,133,11.6,6,0.5,25.0,0.75,6.4,0.27,0
STU_11097,LGS,8,Başlayamayan,55,22.1,4,0.19,45.3,0.7,7.3,0.23,0
STU_11098,YKS_TYT_AYT,Mezun,Geceye Kayan,469,29.2,6,0.35,72.0,0.49,3.5,0.76,0
STU_11099,LGS,8,Yarıda Bırakan,177,3.5,6,0.28,53.5,0.68,5.9,0.15,0
STU_11100,LGS,8,Telefonla Dağılan,440,16.6,7,0.44,62.4,0.3,4.5,0.46,0
STU_11101,YKS_TYT_AYT,12,Başlayamayan,115,21.4,0,0.2,52.3,0.83,6.3,0.23,0
STU_11102,YKS_TYT_AYT,12,Telefonla Dağılan,530,12.8,8,0.64,79.4,0.53,3.1,0.59,1
STU_11103,YKS_TYT_AYT,Mezun,Geceye Kayan,650,43.0,3,0.54,56.7,0.05,6.4,0.91,1
STU_11104,YKS_TYT_AYT,12,Yarıda Bırakan,113,15.1,4,0.27,25.8,0.41,7.5,0.53,1
STU_11105,LGS,8,Telefonla Dağılan,639,26.6,9,0.73,62.5,0.54,3.5,0.77,0
STU_11106,LGS,8,Başlayamayan,160,14.8,0,0.34,40.4,0.83,10.0,0.4,1
STU_11107,YKS_TYT_AYT,12,Telefonla Dağılan,406,24.2,7,0.75,59.0,0.43,5.3,0.22,0
STU_11108,YKS_TYT_AYT,12,Yarıda Bırakan,304,10.1,6,0.65,68.2,0.38,5.0,0.2,1
STU_11109,LGS,8,Başlayamayan,81,10.9,3,0.59,50.4,0.7,6.6,0.47,1
STU_11110,YKS_TYT_AYT,11,Yarıda Bırakan,215,26.9,6,0.51,63.1,0.53,5.0,0.18,1
STU_11111,LGS,8,Başlayamayan,69,14.5,5,0.18,45.4,0.96,6.1,0.83,0
STU_11112,LGS,8,Geceye Kayan,454,42.2,1,0.52,63.9,0.15,4.0,0.8,0
STU_11113,YKS_TYT_AYT,12,Yarıda Bırakan,168,17.9,3,0.17,56.2,0.22,7.8,0.12,1
STU_11114,YKS_TYT_AYT,11,Yarıda Bırakan,208,20.2,2,0.64,72.0,0.59,4.2,0.23,0
STU_11115,YKS_TYT_AYT,12,Yarıda Bırakan,161,11.2,3,0.42,51.4,0.86,4.6,0.08,0
STU_11116,LGS,8,Yarıda Bırakan,201,22.8,2,0.55,45.5,0.73,6.4,0.06,1
STU_11117,YKS_TYT_AYT,12,Telefonla Dağılan,886,18.9,4,0.71,37.2,0.3,4.9,0.44,1
STU_11118,LGS,8,Geceye Kayan,588,31.3,3,0.32,74.0,0.19,6.8,0.48,0
STU_11119,LGS,8,Yarıda Bırakan,190,14.7,2,0.37,38.3,0.64,5.0,0.8,0
STU_11120,YKS_TYT_AYT,11,Kaygıyla Erteleyen,333,19.6,1,0.82,52.8,0.93,7.1,0.14,0
STU_11121,YKS_TYT_AYT,12,Telefonla Dağılan,509,23.1,7,0.27,73.3,0.73,3.1,0.24,0
STU_11122,YKS_TYT_AYT,11,Başlayamayan,147,13.8,1,0.21,36.8,0.81,6.3,0.59,1
STU_11123,YKS_TYT_AYT,12,Telefonla Dağılan,601,8.7,0,0.42,73.8,0.19,3.3,0.65,0
STU_11124,YKS_TYT_AYT,12,Telefonla Dağılan,726,34.1,6,0.86,66.2,0.42,6.2,0.37,0
STU_11125,YKS_TYT_AYT,12,Telefonla Dağılan,622,23.7,5,0.61,50.3,0.75,3.8,0.44,0
STU_11126,LGS,8,Geceye Kayan,476,27.3,1,0.77,75.5,0.71,4.9,0.8,0
STU_11127,LGS,8,Yarıda Bırakan,284,13.2,3,0.57,59.9,0.53,3.7,0.26,1
STU_11128,LGS,8,Geceye Kayan,834,26.4,2,0.84,54.5,0.29,5.6,0.71,0
STU_11129,LGS,8,Kaygıyla Erteleyen,392,25.2,1,0.98,72.0,0.76,8.8,0.38,0
STU_11130,YKS_TYT_AYT,11,Telefonla Dağılan,630,28.7,6,0.72,55.5,0.24,6.3,0.42,0
STU_11131,YKS_TYT_AYT,11,Telefonla Dağılan,466,31.4,6,0.81,52.2,0.27,6.2,0.76,1
STU_11132,LGS,8,Yarıda Bırakan,230,20.6,1,0.33,71.7,0.36,4.6,0.21,0
STU_11133,LGS,8,Geceye Kayan,519,42.0,4,0.79,58.2,0.21,5.1,0.97,0
STU_11134,YKS_TYT_AYT,Mezun,Telefonla Dağılan,601,17.2,4,0.48,63.2,0.31,2.2,0.6,0
STU_11135,LGS,8,Başlayamayan,109,15.2,1,0.09,37.3,0.7,4.1,0.27,1
STU_11136,YKS_TYT_AYT,Mezun,Yarıda Bırakan,238,23.5,2,0.32,48.9,0.55,5.0,0.2,1
STU_11137,YKS_TYT_AYT,11,Telefonla Dağılan,458,35.2,8,0.81,85.9,0.61,5.3,0.61,1
STU_11138,YKS_TYT_AYT,11,Başlayamayan,74,11.0,3,0.38,66.5,0.58,7.0,0.08,1
STU_11139,YKS_TYT_AYT,11,Başlayamayan,64,6.8,0,0.05,49.8,0.7,7.2,0.05,0
STU_11140,YKS_TYT_AYT,11,Yarıda Bırakan,309,22.0,2,0.32,46.8,0.2,4.3,0.19,0
STU_11141,LGS,8,Yarıda Bırakan,250,23.8,5,0.5,63.1,0.45,4.7,0.17,1
STU_11142,YKS_TYT_AYT,12,Yarıda Bırakan,205,14.1,6,0.36,54.5,0.82,3.6,0.15,0
STU_11143,YKS_TYT_AYT,11,Yarıda Bırakan,274,10.8,2,0.54,48.9,0.35,5.2,0.3,0
STU_11144,LGS,8,Başlayamayan,88,16.4,2,0.03,49.5,0.62,5.3,0.3,1
STU_11145,YKS_TYT_AYT,Mezun,Telefonla Dağılan,587,24.5,4,0.71,67.9,0.73,4.6,0.57,1
STU_11146,YKS_TYT_AYT,12,Telefonla Dağılan,632,21.8,8,0.93,69.8,0.44,4.8,0.38,1
STU_11147,YKS_TYT_AYT,11,Başlayamayan,112,7.1,2,0.53,33.8,0.74,9.4,0.32,1
STU_11148,YKS_TYT_AYT,11,Yarıda Bırakan,288,11.0,1,0.42,65.1,0.8,6.1,0.67,1
STU_11149,YKS_TYT_AYT,11,Telefonla Dağılan,548,27.8,5,0.24,72.8,0.54,4.7,0.84,0
STU_11150,YKS_TYT_AYT,11,Başlayamayan,133,12.9,0,0.05,28.4,0.6,7.1,0.55,1
STU_11151,YKS_TYT_AYT,12,Başlayamayan,180,11.1,4,0.49,72.5,0.86,5.0,0.19,1
STU_11152,YKS_TYT_AYT,11,Başlayamayan,72,6.6,1,0.15,33.6,0.63,7.9,0.52,1
STU_11153,YKS_TYT_AYT,12,Kaygıyla Erteleyen,349,20.6,2,0.82,76.8,0.94,10.0,0.15,0
STU_11154,YKS_TYT_AYT,Mezun,Kaygıyla Erteleyen,707,26.8,0,0.83,60.9,0.65,9.1,0.5,0
STU_11155,YKS_TYT_AYT,12,Kaygıyla Erteleyen,188,26.4,3,0.64,77.4,0.92,8.9,0.45,0
STU_11156,LGS,8,Telefonla Dağılan,502,27.3,5,0.65,53.2,0.46,5.1,0.56,1
STU_11157,YKS_TYT_AYT,11,Telefonla Dağılan,413,14.6,6,0.79,58.3,0.07,3.9,0.41,1
STU_11158,YKS_TYT_AYT,12,Telefonla Dağılan,761,20.2,7,0.39,70.9,0.69,5.9,0.19,0
STU_11159,LGS,8,Telefonla Dağılan,503,27.5,6,0.28,65.1,0.5,4.6,0.63,0
STU_11160,YKS_TYT_AYT,11,Başlayamayan,160,7.9,1,0.1,63.4,0.78,5.6,0.33,1
STU_11161,LGS,8,Telefonla Dağılan,352,25.3,10,0.72,63.9,0.26,5.7,0.93,0
STU_11162,LGS,8,Kaygıyla Erteleyen,303,34.3,2,0.75,56.4,0.62,10.0,0.18,1
STU_11163,YKS_TYT_AYT,12,Telefonla Dağılan,481,34.4,9,0.55,73.6,0.28,5.4,0.52,1
STU_11164,LGS,8,Yarıda Bırakan,345,13.9,3,0.43,50.1,0.3,6.8,0.37,1
STU_11165,YKS_TYT_AYT,12,Yarıda Bırakan,223,16.8,3,0.49,51.1,0.3,5.1,0.28,0
STU_11166,YKS_TYT_AYT,12,Telefonla Dağılan,466,21.8,8,0.48,49.2,0.26,5.6,0.31,1
STU_11167,YKS_TYT_AYT,11,Telefonla Dağılan,440,24.0,8,0.41,56.5,0.35,5.6,0.5,0
STU_11168,LGS,8,Kaygıyla Erteleyen,251,25.9,8,0.73,80.9,0.99,9.7,0.7,0
STU_11169,LGS,8,Yarıda Bırakan,183,14.0,2,0.34,49.7,0.46,4.7,0.55,1
STU_11170,YKS_TYT_AYT,11,Kaygıyla Erteleyen,361,26.2,1,0.77,65.8,0.76,9.6,0.21,1
STU_11171,YKS_TYT_AYT,Mezun,Telefonla Dağılan,710,30.8,3,0.49,45.1,0.33,5.1,0.79,0
STU_11172,YKS_TYT_AYT,12,Geceye Kayan,657,39.8,0,0.78,85.1,0.29,3.9,0.94,1
STU_11173,LGS,8,Telefonla Dağılan,752,23.2,5,0.6,40.4,0.23,4.1,0.65,1
STU_11174,YKS_TYT_AYT,12,Telefonla Dağılan,559,29.3,10,0.49,65.9,0.33,5.3,0.4,0
STU_11175,YKS_TYT_AYT,12,Telefonla Dağılan,533,17.4,3,0.68,78.6,0.55,3.9,0.64,0
STU_11176,YKS_TYT_AYT,11,Telefonla Dağılan,859,20.9,7,0.6,57.1,0.17,1.9,0.22,1
STU_11177,LGS,8,Geceye Kayan,678,27.6,3,0.65,77.1,0.42,3.4,0.92,0
STU_11178,YKS_TYT_AYT,11,Başlayamayan,72,16.7,1,0.32,57.0,0.38,7.3,0.09,1
STU_11179,YKS_TYT_AYT,12,Başlayamayan,73,10.5,0,0.23,49.8,0.75,8.4,0.52,1
STU_11180,YKS_TYT_AYT,12,Geceye Kayan,503,41.1,4,0.71,58.5,0.17,8.5,0.74,1
STU_11181,LGS,8,Telefonla Dağılan,484,19.8,2,0.35,46.8,0.34,4.2,0.75,0
STU_11182,YKS_TYT_AYT,12,Telefonla Dağılan,488,20.8,4,0.51,59.6,0.2,5.8,0.39,0
STU_11183,YKS_TYT_AYT,Mezun,Telefonla Dağılan,403,25.4,5,0.76,55.1,0.42,3.1,0.24,0
STU_11184,LGS,8,Başlayamayan,49,11.2,0,0.48,48.5,0.58,4.1,0.38,1
STU_11185,YKS_TYT_AYT,12,Kaygıyla Erteleyen,318,16.5,1,0.88,53.5,0.63,8.6,0.63,0
STU_11186,YKS_TYT_AYT,12,Telefonla Dağılan,548,27.5,5,0.73,73.9,0.12,5.2,0.44,0
STU_11187,LGS,8,Yarıda Bırakan,131,19.6,2,0.44,50.0,0.33,6.8,0.49,1
STU_11188,LGS,8,Yarıda Bırakan,140,18.8,3,0.5,51.0,0.54,4.8,0.19,1
STU_11189,YKS_TYT_AYT,11,Kaygıyla Erteleyen,259,18.9,2,0.82,61.0,0.77,8.2,0.28,1
STU_11190,LGS,8,Başlayamayan,58,15.1,1,0.5,64.9,0.7,7.2,0.16,1
STU_11191,YKS_TYT_AYT,Mezun,Geceye Kayan,881,30.5,0,0.45,92.1,0.38,4.7,0.84,0
STU_11192,LGS,8,Yarıda Bırakan,193,22.9,4,0.37,49.1,0.5,3.8,0.51,1
STU_11193,YKS_TYT_AYT,12,Telefonla Dağılan,644,16.0,8,0.59,38.9,0.25,2.1,0.37,0
STU_11194,LGS,8,Geceye Kayan,321,24.1,5,0.52,82.3,0.47,6.0,0.94,0
STU_11195,YKS_TYT_AYT,Mezun,Telefonla Dağılan,528,19.7,10,0.68,66.6,0.07,3.6,0.11,0
STU_11196,YKS_TYT_AYT,11,Yarıda Bırakan,304,16.1,1,0.31,75.3,0.21,5.6,0.14,1
STU_11197,YKS_TYT_AYT,12,Telefonla Dağılan,460,12.4,4,0.75,73.2,0.22,4.2,0.6,1
STU_11198,YKS_TYT_AYT,12,Yarıda Bırakan,167,10.6,3,0.16,41.3,0.83,5.3,0.24,0
STU_11199,LGS,8,Yarıda Bırakan,187,12.0,2,0.48,59.6,0.4,7.3,0.55,0
STU_11200,YKS_TYT_AYT,12,Geceye Kayan,730,47.3,1,0.88,54.7,0.28,4.6,0.89,1
STU_11201,LGS,8,Kaygıyla Erteleyen,246,31.3,2,0.39,81.1,0.68,8.3,0.36,1
STU_11202,LGS,8,Telefonla Dağılan,453,20.8,6,0.87,68.2,0.31,2.3,0.16,0
STU_11203,LGS,8,Yarıda Bırakan,414,13.8,2,0.42,51.1,0.26,2.9,0.47,0
STU_11204,YKS_TYT_AYT,Mezun,Başlayamayan,82,13.2,1,0.12,33.2,0.62,6.5,0.32,0
STU_11205,YKS_TYT_AYT,11,Başlayamayan,124,14.5,1,0.42,38.3,0.41,6.1,0.2,0
STU_11206,YKS_TYT_AYT,12,Telefonla Dağılan,416,22.1,5,0.79,72.8,0.23,3.2,0.5,0
STU_11207,YKS_TYT_AYT,11,Kaygıyla Erteleyen,242,28.0,3,0.68,89.9,0.77,8.0,0.29,0
STU_11208,LGS,8,Telefonla Dağılan,531,19.8,8,0.27,54.2,0.29,5.5,0.53,0
STU_11209,YKS_TYT_AYT,12,Kaygıyla Erteleyen,311,23.3,5,0.8,62.3,0.89,7.7,0.21,1
STU_11210,YKS_TYT_AYT,12,Başlayamayan,59,19.2,2,0.25,27.6,0.7,6.7,0.04,0
STU_11211,YKS_TYT_AYT,12,Yarıda Bırakan,223,19.4,2,0.57,55.8,0.49,5.5,0.19,1
STU_11212,LGS,8,Yarıda Bırakan,242,15.5,6,0.18,40.4,0.39,5.0,0.24,1
STU_11213,YKS_TYT_AYT,11,Yarıda Bırakan,199,16.9,4,0.1,53.2,0.93,5.1,0.27,0
STU_11214,YKS_TYT_AYT,12,Başlayamayan,113,9.6,0,0.4,42.5,0.97,8.4,0.31,1
STU_11215,LGS,8,Geceye Kayan,657,22.1,3,0.13,62.8,0.21,4.6,0.72,1
STU_11216,LGS,8,Yarıda Bırakan,270,11.7,7,0.26,52.0,0.58,3.5,0.04,1
STU_11217,YKS_TYT_AYT,11,Geceye Kayan,652,41.2,4,0.73,64.3,0.36,3.5,0.64,0
STU_11218,YKS_TYT_AYT,Mezun,Yarıda Bırakan,268,11.4,3,0.17,48.8,0.37,5.9,0.4,1
STU_11219,LGS,8,Geceye Kayan,602,18.8,0,0.23,49.1,0.35,5.8,0.84,0
STU_11220,YKS_TYT_AYT,Mezun,Telefonla Dağılan,467,23.5,4,0.71,67.3,0.57,3.3,0.79,1
STU_11221,LGS,8,Geceye Kayan,473,35.0,3,0.75,76.6,0.28,3.1,0.81,0
STU_11222,YKS_TYT_AYT,11,Başlayamayan,150,12.5,2,0.29,47.0,0.79,6.7,0.18,1
STU_11223,YKS_TYT_AYT,12,Telefonla Dağılan,441,30.2,7,0.6,66.3,0.34,3.4,0.23,0
STU_11224,LGS,8,Geceye Kayan,579,34.9,2,0.53,53.4,0.4,6.6,0.88,0
STU_11225,YKS_TYT_AYT,12,Başlayamayan,95,17.0,3,0.1,47.9,0.82,6.0,0.17,1
STU_11226,LGS,8,Başlayamayan,112,16.8,1,0.5,47.9,0.74,8.7,0.49,0
STU_11227,LGS,8,Yarıda Bırakan,200,16.0,1,0.62,51.7,0.72,5.3,0.37,0
STU_11228,YKS_TYT_AYT,12,Geceye Kayan,483,41.0,3,0.32,65.9,0.02,2.6,0.69,0
STU_11229,LGS,8,Telefonla Dağılan,379,31.2,8,0.51,40.5,0.46,4.6,0.37,0
STU_11230,YKS_TYT_AYT,11,Telefonla Dağılan,362,24.1,6,0.7,70.0,0.38,2.4,0.83,0
STU_11231,LGS,8,Başlayamayan,128,17.9,1,0.39,31.3,0.94,4.1,0.38,0
STU_11232,LGS,8,Başlayamayan,122,7.1,0,0.37,44.9,0.84,4.0,0.1,0
STU_11233,LGS,8,Kaygıyla Erteleyen,196,33.2,2,0.49,78.3,0.62,7.4,0.07,1
STU_11234,YKS_TYT_AYT,11,Başlayamayan,107,12.5,3,0.26,70.4,0.29,5.7,0.64,1
STU_11235,LGS,8,Telefonla Dağılan,537,25.3,10,0.79,88.0,0.39,2.4,0.53,1
STU_11236,YKS_TYT_AYT,11,Geceye Kayan,430,31.3,2,0.79,68.2,0.43,5.5,0.83,0
STU_11237,YKS_TYT_AYT,12,Başlayamayan,71,16.5,2,0.14,41.1,0.42,6.5,0.4,1
STU_11238,YKS_TYT_AYT,12,Telefonla Dağılan,505,19.8,5,0.7,46.7,0.33,3.8,0.35,1
STU_11239,LGS,8,Başlayamayan,82,16.7,0,0.03,53.0,0.55,7.0,0.25,0
STU_11240,YKS_TYT_AYT,12,Telefonla Dağılan,408,16.1,8,0.58,53.3,0.52,4.8,0.47,1
STU_11241,YKS_TYT_AYT,12,Başlayamayan,157,18.8,1,0.4,57.9,0.45,4.4,0.51,1
STU_11242,YKS_TYT_AYT,12,Telefonla Dağılan,520,28.1,11,0.65,70.4,0.29,1.7,0.7,0
STU_11243,YKS_TYT_AYT,12,Yarıda Bırakan,488,13.3,2,0.4,55.9,0.6,6.0,0.42,1
STU_11244,YKS_TYT_AYT,12,Yarıda Bırakan,347,25.4,3,0.23,54.5,0.55,5.6,0.3,0
STU_11245,YKS_TYT_AYT,12,Telefonla Dağılan,656,22.8,5,0.57,53.0,0.58,5.0,0.43,0
STU_11246,LGS,8,Başlayamayan,153,11.6,4,0.08,19.4,0.34,8.2,0.15,1
STU_11247,LGS,8,Telefonla Dağılan,619,21.2,6,0.94,53.4,0.58,1.3,0.48,1
STU_11248,YKS_TYT_AYT,12,Yarıda Bırakan,245,21.3,0,0.42,48.9,0.74,6.1,0.23,0
STU_11249,YKS_TYT_AYT,12,Telefonla Dağılan,484,29.2,7,0.41,73.9,0.24,2.8,0.36,1
STU_11250,YKS_TYT_AYT,12,Başlayamayan,127,8.6,2,0.29,53.5,0.6,4.2,0.36,0
STU_11251,YKS_TYT_AYT,12,Telefonla Dağılan,457,17.4,6,0.49,62.2,0.27,4.4,0.17,1
STU_11252,LGS,8,Başlayamayan,132,15.2,1,0.1,64.7,0.83,4.5,0.66,1
STU_11253,LGS,8,Yarıda Bırakan,258,10.9,6,0.35,45.7,0.57,5.5,0.36,1
STU_11254,YKS_TYT_AYT,12,Yarıda Bırakan,169,12.0,6,0.77,64.6,0.25,4.1,0.46,0
STU_11255,YKS_TYT_AYT,12,Telefonla Dağılan,604,29.7,4,0.39,45.7,0.45,2.8,0.63,0
STU_11256,LGS,8,Yarıda Bırakan,265,22.6,2,0.4,61.4,0.59,4.7,0.36,0
STU_11257,YKS_TYT_AYT,11,Geceye Kayan,501,30.5,2,0.5,69.8,0.5,5.0,0.93,0
STU_11258,LGS,8,Geceye Kayan,545,40.2,3,0.85,75.3,0.31,5.3,0.7,0
STU_11259,YKS_TYT_AYT,Mezun,Başlayamayan,69,12.0,1,0.14,51.7,0.88,4.2,0.17,1
STU_11260,LGS,8,Telefonla Dağılan,635,21.2,4,0.61,49.4,0.54,4.3,0.5,0
STU_11261,YKS_TYT_AYT,12,Başlayamayan,91,11.0,2,0.54,46.4,0.42,7.7,0.47,1
STU_11262,LGS,8,Yarıda Bırakan,288,15.2,1,0.55,46.8,0.84,3.5,0.52,0
STU_11263,YKS_TYT_AYT,12,Telefonla Dağılan,404,27.2,4,0.7,66.4,0.24,4.3,0.8,0
STU_11264,LGS,8,Telefonla Dağılan,402,21.1,7,0.7,55.5,0.55,2.2,0.72,1
STU_11265,LGS,8,Telefonla Dağılan,619,35.1,6,0.41,80.6,0.18,3.1,0.69,1
STU_11266,LGS,8,Yarıda Bırakan,438,10.5,5,0.67,39.1,0.96,4.9,0.18,1
STU_11267,YKS_TYT_AYT,Mezun,Yarıda Bırakan,324,17.7,4,0.48,45.4,0.44,2.2,0.2,0
STU_11268,YKS_TYT_AYT,11,Başlayamayan,79,11.4,3,0.41,68.3,0.84,7.6,0.47,1
STU_11269,LGS,8,Telefonla Dağılan,294,23.9,6,0.77,68.4,0.5,3.8,0.27,1
STU_11270,YKS_TYT_AYT,Mezun,Telefonla Dağılan,545,35.1,9,0.7,51.9,0.32,3.4,0.34,1
STU_11271,YKS_TYT_AYT,12,Telefonla Dağılan,409,19.4,5,0.66,70.7,0.24,3.1,0.4,0
STU_11272,YKS_TYT_AYT,Mezun,Yarıda Bırakan,193,11.2,7,0.51,53.3,0.61,3.7,0.55,0
STU_11273,LGS,8,Yarıda Bırakan,246,13.1,5,0.47,55.3,0.59,3.5,0.13,1
STU_11274,YKS_TYT_AYT,Mezun,Yarıda Bırakan,259,16.4,4,0.53,48.3,0.48,2.9,0.53,0
STU_11275,LGS,8,Başlayamayan,87,15.1,0,0.29,45.5,0.91,5.7,0.31,1
STU_11276,LGS,8,Yarıda Bırakan,202,15.7,1,0.67,64.2,0.61,4.7,0.1,0
STU_11277,YKS_TYT_AYT,Mezun,Kaygıyla Erteleyen,402,35.6,3,0.81,75.5,0.79,10.0,0.55,1
STU_11278,LGS,8,Geceye Kayan,744,39.4,4,0.54,69.3,0.08,2.1,0.68,0
STU_11279,YKS_TYT_AYT,11,Telefonla Dağılan,611,20.1,7,0.7,61.7,0.36,4.8,0.53,0
STU_11280,YKS_TYT_AYT,12,Yarıda Bırakan,268,10.1,3,0.52,77.6,0.51,5.3,0.32,0
STU_11281,YKS_TYT_AYT,11,Başlayamayan,157,12.7,6,0.06,54.2,0.75,9.3,0.57,0
STU_11282,YKS_TYT_AYT,11,Kaygıyla Erteleyen,337,33.6,2,0.94,61.8,0.65,8.1,0.12,1
STU_11283,LGS,8,Başlayamayan,118,14.1,5,0.29,36.8,0.53,8.0,0.38,1
STU_11284,LGS,8,Geceye Kayan,611,38.2,2,0.66,76.4,0.63,3.8,0.6,0
STU_11285,YKS_TYT_AYT,12,Telefonla Dağılan,372,17.8,3,0.71,49.8,0.15,2.5,0.59,0
STU_11286,LGS,8,Yarıda Bırakan,189,21.9,0,0.6,45.3,0.29,6.0,0.35,0
STU_11287,LGS,8,Geceye Kayan,685,39.3,1,0.44,55.1,0.71,5.9,0.85,0
STU_11288,LGS,8,Başlayamayan,99,9.9,3,0.24,32.5,0.77,7.4,0.14,0
STU_11289,LGS,8,Telefonla Dağılan,823,21.7,12,0.43,65.6,0.36,5.4,0.19,1
STU_11290,LGS,8,Telefonla Dağılan,542,20.4,2,0.79,59.2,0.48,2.7,0.67,0
STU_11291,LGS,8,Başlayamayan,95,9.3,1,0.19,48.6,0.58,9.7,0.82,1
STU_11292,YKS_TYT_AYT,11,Yarıda Bırakan,260,22.9,2,0.47,63.6,0.44,2.9,0.2,0
STU_11293,YKS_TYT_AYT,12,Telefonla Dağılan,693,15.9,4,0.45,57.4,0.52,2.3,0.55,0
STU_11294,YKS_TYT_AYT,12,Telefonla Dağılan,366,19.7,6,0.55,74.5,0.49,4.0,0.53,0
STU_11295,LGS,8,Başlayamayan,198,15.3,2,0.39,24.9,0.6,5.6,0.14,0
STU_11296,LGS,8,Geceye Kayan,645,46.6,4,0.39,51.4,0.45,4.8,0.76,0
STU_11297,LGS,8,Başlayamayan,103,14.0,1,0.27,53.9,0.44,8.0,0.1,1
STU_11298,YKS_TYT_AYT,12,Yarıda Bırakan,206,19.9,4,0.37,66.7,0.21,4.2,0.18,0
STU_11299,YKS_TYT_AYT,12,Yarıda Bırakan,186,16.9,6,0.3,53.0,0.92,5.8,0.24,1
STU_11300,LGS,8,Başlayamayan,108,14.2,2,0.13,50.8,0.94,7.9,0.43,1
STU_11301,YKS_TYT_AYT,11,Başlayamayan,116,10.6,5,0.36,69.7,0.67,7.4,0.11,1
STU_11302,LGS,8,Geceye Kayan,767,27.9,1,0.46,76.6,0.08,2.3,0.97,0
STU_11303,YKS_TYT_AYT,Mezun,Yarıda Bırakan,265,18.7,2,0.08,51.6,0.23,2.1,0.41,1
STU_11304,YKS_TYT_AYT,12,Başlayamayan,170,11.1,2,0.15,30.8,0.66,6.4,0.52,0
STU_11305,YKS_TYT_AYT,12,Başlayamayan,64,16.1,1,0.4,64.5,0.36,6.0,0.55,1
STU_11306,YKS_TYT_AYT,12,Telefonla Dağılan,474,25.3,5,0.46,73.9,0.68,4.6,0.8,1
STU_11307,YKS_TYT_AYT,12,Kaygıyla Erteleyen,389,13.9,3,0.88,60.8,0.5,9.5,0.45,1
STU_11308,LGS,8,Yarıda Bırakan,184,26.3,1,0.62,57.5,0.53,4.4,0.11,1
STU_11309,YKS_TYT_AYT,Mezun,Başlayamayan,142,4.5,0,0.28,41.0,0.6,6.5,0.49,0
STU_11310,LGS,8,Yarıda Bırakan,210,14.9,3,0.2,64.4,0.3,4.4,0.39,1
STU_11311,YKS_TYT_AYT,12,Başlayamayan,100,8.6,3,0.05,13.1,0.72,7.2,0.21,1
STU_11312,YKS_TYT_AYT,Mezun,Başlayamayan,108,9.9,0,0.3,27.1,0.83,6.9,0.63,1
STU_11313,YKS_TYT_AYT,11,Yarıda Bırakan,223,20.3,1,0.55,70.4,0.49,5.2,0.3,1
STU_11314,YKS_TYT_AYT,11,Yarıda Bırakan,207,21.8,6,0.73,73.7,0.83,6.4,0.35,0
STU_11315,YKS_TYT_AYT,Mezun,Telefonla Dağılan,449,22.3,3,0.36,71.1,0.45,3.0,0.66,1
STU_11316,YKS_TYT_AYT,12,Yarıda Bırakan,271,23.0,2,0.41,79.8,0.41,6.8,0.53,1
STU_11317,YKS_TYT_AYT,11,Geceye Kayan,479,32.8,3,0.9,65.3,0.26,6.5,0.6,0
STU_11318,LGS,8,Geceye Kayan,574,38.3,1,0.58,83.8,0.39,5.0,0.95,1
STU_11319,LGS,8,Telefonla Dağılan,395,18.8,2,0.42,60.6,0.65,4.1,0.64,0
STU_11320,LGS,8,Yarıda Bırakan,256,21.4,2,0.35,57.4,0.54,5.7,0.41,1
STU_11321,LGS,8,Yarıda Bırakan,313,21.0,4,0.33,50.5,0.43,4.8,0.4,1
STU_11322,YKS_TYT_AYT,11,Yarıda Bırakan,247,22.8,2,0.37,48.2,0.67,5.7,0.33,1
STU_11323,LGS,8,Telefonla Dağılan,367,19.4,6,0.34,80.6,0.31,5.2,0.27,0
STU_11324,YKS_TYT_AYT,12,Yarıda Bırakan,279,16.7,4,0.58,48.1,0.64,5.6,0.12,0
STU_11325,LGS,8,Kaygıyla Erteleyen,223,31.9,0,0.24,53.6,0.71,8.1,0.59,1
STU_11326,LGS,8,Geceye Kayan,704,31.9,4,0.55,70.6,0.07,4.1,0.65,0
STU_11327,YKS_TYT_AYT,11,Yarıda Bırakan,268,19.8,1,0.49,50.7,0.73,4.7,0.43,0
STU_11328,YKS_TYT_AYT,Mezun,Telefonla Dağılan,513,31.0,2,0.6,64.7,0.34,5.2,0.84,0
STU_11329,YKS_TYT_AYT,12,Başlayamayan,127,6.4,0,0.18,39.8,0.89,4.4,0.53,0
STU_11330,YKS_TYT_AYT,Mezun,Başlayamayan,144,9.3,1,0.5,60.1,0.95,5.3,0.31,1
STU_11331,YKS_TYT_AYT,12,Yarıda Bırakan,256,19.5,4,0.61,53.6,0.3,3.6,0.23,0
STU_11332,LGS,8,Başlayamayan,127,15.8,1,0.56,39.5,0.49,7.7,0.18,1
STU_11333,YKS_TYT_AYT,12,Kaygıyla Erteleyen,297,25.9,3,0.8,61.7,0.82,8.7,0.35,1
STU_11334,YKS_TYT_AYT,12,Başlayamayan,118,16.3,0,0.3,34.3,0.31,7.2,0.52,0
STU_11335,YKS_TYT_AYT,Mezun,Yarıda Bırakan,164,17.8,1,0.55,67.3,0.37,5.2,0.26,0
STU_11336,LGS,8,Telefonla Dağılan,545,25.9,4,0.48,52.0,0.42,6.0,0.27,0
STU_11337,YKS_TYT_AYT,11,Telefonla Dağılan,404,17.2,4,0.62,39.1,0.32,7.4,0.56,0
STU_11338,LGS,8,Yarıda Bırakan,155,19.2,5,0.51,51.9,0.73,5.3,0.72,0
STU_11339,LGS,8,Kaygıyla Erteleyen,405,38.5,2,0.23,81.6,0.6,9.3,0.32,1
STU_11340,LGS,8,Telefonla Dağılan,593,27.7,8,0.59,57.2,0.32,4.8,0.4,0
STU_11341,YKS_TYT_AYT,11,Yarıda Bırakan,265,21.2,5,0.17,73.1,0.32,4.4,0.32,0
STU_11342,YKS_TYT_AYT,12,Başlayamayan,111,11.0,0,0.51,34.0,0.85,8.0,0.28,0
STU_11343,YKS_TYT_AYT,12,Yarıda Bırakan,193,17.6,3,0.54,37.6,0.61,7.0,0.24,0
STU_11344,YKS_TYT_AYT,12,Kaygıyla Erteleyen,239,28.2,2,0.53,42.0,0.76,9.5,0.12,0
STU_11345,YKS_TYT_AYT,12,Telefonla Dağılan,511,23.3,3,0.78,78.3,0.32,5.5,0.59,1
STU_11346,LGS,8,Kaygıyla Erteleyen,199,36.0,4,0.77,54.4,0.87,7.9,0.04,0
STU_11347,LGS,8,Telefonla Dağılan,590,16.8,3,0.33,58.8,0.57,6.1,0.42,0
STU_11348,YKS_TYT_AYT,12,Başlayamayan,67,10.1,0,0.24,37.0,0.86,7.4,0.11,1
STU_11349,LGS,8,Başlayamayan,125,14.0,1,0.48,50.0,0.76,7.7,0.41,1
STU_11350,YKS_TYT_AYT,11,Yarıda Bırakan,205,19.1,2,0.77,60.1,0.78,6.1,0.14,0
STU_11351,YKS_TYT_AYT,12,Telefonla Dağılan,618,27.0,5,0.81,70.6,0.5,4.0,0.12,0
STU_11352,YKS_TYT_AYT,Mezun,Kaygıyla Erteleyen,285,28.8,1,0.71,74.5,0.64,7.6,0.18,0
STU_11353,YKS_TYT_AYT,12,Yarıda Bırakan,351,20.2,1,0.24,69.1,0.35,4.8,0.14,0
STU_11354,YKS_TYT_AYT,12,Telefonla Dağılan,423,31.9,6,0.51,60.7,0.57,6.9,0.53,0
STU_11355,YKS_TYT_AYT,Mezun,Yarıda Bırakan,241,22.0,3,0.59,50.8,0.27,5.4,0.22,1
STU_11356,YKS_TYT_AYT,Mezun,Yarıda Bırakan,275,17.9,2,0.38,70.6,0.71,6.1,0.29,0
STU_11357,YKS_TYT_AYT,11,Yarıda Bırakan,335,14.2,2,0.27,59.6,0.3,3.3,0.35,0
STU_11358,LGS,8,Başlayamayan,162,15.9,1,0.15,33.2,0.73,7.3,0.23,0
STU_11359,YKS_TYT_AYT,12,Başlayamayan,76,19.3,0,0.13,49.0,0.85,7.3,0.22,1
STU_11360,YKS_TYT_AYT,12,Başlayamayan,101,4.4,2,0.64,48.2,0.83,7.0,0.51,1
STU_11361,LGS,8,Başlayamayan,93,11.3,1,0.2,47.7,0.65,6.2,0.2,1
STU_11362,YKS_TYT_AYT,12,Başlayamayan,56,13.9,2,0.46,45.9,0.67,3.8,0.54,1
STU_11363,YKS_TYT_AYT,11,Telefonla Dağılan,464,22.4,1,0.64,65.9,0.37,4.6,0.4,0
STU_11364,YKS_TYT_AYT,11,Yarıda Bırakan,230,22.1,1,0.7,70.9,0.44,7.6,0.67,0
STU_11365,LGS,8,Geceye Kayan,564,30.0,4,0.6,63.9,0.11,4.6,0.75,0
STU_11366,YKS_TYT_AYT,Mezun,Başlayamayan,121,9.1,0,0.37,56.0,0.69,8.0,0.18,1
STU_11367,YKS_TYT_AYT,Mezun,Yarıda Bırakan,225,22.4,4,0.38,67.4,0.87,5.0,0.63,1
STU_11368,LGS,8,Yarıda Bırakan,264,21.2,1,0.21,55.0,0.31,4.1,0.39,1
STU_11369,LGS,8,Başlayamayan,142,15.6,1,0.12,26.9,0.88,6.8,0.12,1
STU_11370,YKS_TYT_AYT,Mezun,Kaygıyla Erteleyen,208,28.0,4,0.91,79.8,0.9,9.6,0.44,0
STU_11371,LGS,8,Başlayamayan,81,11.4,5,0.35,31.8,0.63,7.9,0.2,1
STU_11372,YKS_TYT_AYT,11,Geceye Kayan,398,38.7,6,0.68,73.5,0.39,1.8,0.61,0
STU_11373,YKS_TYT_AYT,12,Geceye Kayan,522,24.8,8,0.72,71.1,0.15,3.6,0.75,1
STU_11374,LGS,8,Telefonla Dağılan,450,26.5,6,0.71,65.9,0.45,5.5,0.27,1
STU_11375,YKS_TYT_AYT,12,Telefonla Dağılan,552,22.8,7,0.78,55.5,0.27,3.9,0.36,1
STU_11376,YKS_TYT_AYT,12,Telefonla Dağılan,504,29.3,4,0.41,47.9,0.46,4.6,0.3,0
STU_11377,YKS_TYT_AYT,12,Yarıda Bırakan,194,12.1,4,0.18,43.4,0.44,6.1,0.22,0
STU_11378,LGS,8,Telefonla Dağılan,399,20.5,6,0.65,58.0,0.63,4.5,0.8,1
STU_11379,YKS_TYT_AYT,12,Başlayamayan,137,11.8,3,0.16,29.5,0.91,5.7,0.49,1
STU_11380,LGS,8,Başlayamayan,69,8.9,1,0.09,36.2,0.72,4.2,0.17,1
STU_11381,LGS,8,Yarıda Bırakan,289,10.6,5,0.74,46.6,0.46,4.8,0.54,1
STU_11382,YKS_TYT_AYT,Mezun,Telefonla Dağılan,479,18.0,6,0.53,65.7,0.36,5.1,0.7,1
STU_11383,LGS,8,Geceye Kayan,491,42.4,3,0.52,66.2,0.24,4.1,0.73,0
STU_11384,YKS_TYT_AYT,11,Başlayamayan,64,11.8,1,0.21,28.4,0.73,4.8,0.48,0
STU_11385,LGS,8,Kaygıyla Erteleyen,278,35.8,1,0.68,38.6,0.75,9.0,0.61,1
STU_11386,YKS_TYT_AYT,12,Başlayamayan,100,9.6,1,0.29,55.7,0.34,6.0,0.34,1
STU_11387,LGS,8,Yarıda Bırakan,177,14.5,2,0.31,55.9,0.37,6.1,0.47,0
STU_11388,YKS_TYT_AYT,12,Yarıda Bırakan,249,23.5,0,0.28,49.5,0.35,4.9,0.06,0
STU_11389,YKS_TYT_AYT,Mezun,Yarıda Bırakan,278,13.7,4,0.4,45.7,0.41,3.6,0.26,1
STU_11390,LGS,8,Başlayamayan,125,8.2,1,0.15,65.8,0.68,7.0,0.65,1
STU_11391,LGS,8,Telefonla Dağılan,637,17.8,9,0.8,54.5,0.37,1.5,0.35,0
STU_11392,LGS,8,Kaygıyla Erteleyen,454,19.0,2,0.76,67.6,0.88,8.3,0.12,1
STU_11393,YKS_TYT_AYT,11,Yarıda Bırakan,492,29.7,2,0.62,63.9,0.51,3.7,0.31,1
STU_11394,LGS,8,Telefonla Dağılan,470,32.5,1,0.22,76.5,0.3,2.5,0.77,1
STU_11395,YKS_TYT_AYT,12,Kaygıyla Erteleyen,312,30.5,0,0.73,59.9,0.82,6.9,0.16,0
STU_11396,YKS_TYT_AYT,12,Telefonla Dağılan,578,22.7,6,0.33,55.2,0.45,4.1,0.54,0
STU_11397,LGS,8,Telefonla Dağılan,539,25.9,8,0.6,66.1,0.5,4.4,0.87,1
STU_11398,YKS_TYT_AYT,Mezun,Yarıda Bırakan,172,19.6,5,0.56,47.5,0.31,4.0,0.38,0
STU_11399,YKS_TYT_AYT,11,Geceye Kayan,505,33.0,3,0.6,88.8,0.48,6.2,0.68,0
STU_11400,LGS,8,Telefonla Dağılan,492,17.9,5,0.48,51.6,0.48,3.8,0.64,0
STU_11401,LGS,8,Yarıda Bırakan,156,19.6,4,0.34,68.2,0.57,5.0,0.09,0
STU_11402,LGS,8,Yarıda Bırakan,210,22.2,1,0.33,74.4,0.56,7.6,0.33,0
STU_11403,YKS_TYT_AYT,Mezun,Kaygıyla Erteleyen,326,29.7,1,0.64,77.5,0.85,8.6,0.5,0
STU_11404,YKS_TYT_AYT,12,Başlayamayan,131,14.1,1,0.48,33.5,0.58,6.8,0.29,1
STU_11405,YKS_TYT_AYT,11,Geceye Kayan,631,38.1,2,0.75,66.0,0.29,7.2,0.6,0
STU_11406,YKS_TYT_AYT,Mezun,Başlayamayan,119,11.9,3,0.05,64.0,0.68,4.7,0.49,0
STU_11407,YKS_TYT_AYT,12,Kaygıyla Erteleyen,346,23.7,3,0.72,64.0,0.69,9.2,0.34,1
STU_11408,YKS_TYT_AYT,11,Yarıda Bırakan,248,17.0,4,0.4,48.4,0.35,7.1,0.26,0
STU_11409,YKS_TYT_AYT,12,Telefonla Dağılan,422,24.3,1,0.67,63.1,0.34,2.2,0.81,1
STU_11410,LGS,8,Geceye Kayan,693,49.5,4,0.5,76.1,0.6,3.9,0.7,0
STU_11411,LGS,8,Yarıda Bırakan,245,11.3,3,0.59,53.9,0.85,8.8,0.34,1
STU_11412,LGS,8,Telefonla Dağılan,418,13.7,7,0.43,76.6,0.4,5.3,0.82,1
STU_11413,LGS,8,Başlayamayan,130,18.2,1,0.32,40.5,0.93,4.0,0.45,0
STU_11414,YKS_TYT_AYT,Mezun,Başlayamayan,197,17.1,2,0.13,29.0,0.44,8.5,0.31,1
STU_11415,YKS_TYT_AYT,12,Yarıda Bırakan,206,12.5,3,0.21,37.3,0.1,4.5,0.44,0
STU_11416,LGS,8,Telefonla Dağılan,553,24.7,6,0.43,65.3,0.39,5.7,0.4,1
STU_11417,LGS,8,Başlayamayan,82,13.1,2,0.26,39.8,0.77,8.1,0.44,0
STU_11418,YKS_TYT_AYT,12,Başlayamayan,95,17.1,2,0.31,50.3,0.6,4.1,0.57,1
STU_11419,YKS_TYT_AYT,12,Yarıda Bırakan,381,14.7,5,0.26,51.9,0.37,4.7,0.13,1
STU_11420,LGS,8,Telefonla Dağılan,431,20.4,7,0.79,65.0,0.77,1.7,0.74,0
STU_11421,YKS_TYT_AYT,Mezun,Telefonla Dağılan,674,22.2,6,0.38,50.8,0.33,2.6,0.32,1
STU_11422,LGS,8,Başlayamayan,189,11.6,2,0.09,54.2,0.61,6.0,0.14,1
STU_11423,LGS,8,Başlayamayan,132,5.7,3,0.3,22.9,0.97,5.7,0.73,0
STU_11424,YKS_TYT_AYT,12,Geceye Kayan,709,27.0,4,0.69,67.5,0.11,5.6,0.46,0
STU_11425,YKS_TYT_AYT,Mezun,Yarıda Bırakan,207,19.6,6,0.58,36.6,0.38,4.7,0.3,1
STU_11426,LGS,8,Kaygıyla Erteleyen,207,25.9,4,0.74,79.9,0.76,10.0,0.32,0
STU_11427,YKS_TYT_AYT,Mezun,Kaygıyla Erteleyen,258,38.0,2,0.85,57.2,0.84,9.6,0.09,1
STU_11428,YKS_TYT_AYT,12,Kaygıyla Erteleyen,360,35.2,1,0.83,71.0,0.92,10.0,0.46,0
STU_11429,YKS_TYT_AYT,12,Başlayamayan,116,12.4,3,0.09,56.8,0.73,5.8,0.17,1
STU_11430,YKS_TYT_AYT,12,Kaygıyla Erteleyen,295,28.7,0,0.95,49.6,0.71,10.0,0.12,0
STU_11431,YKS_TYT_AYT,11,Kaygıyla Erteleyen,354,28.3,2,0.41,96.0,0.91,9.2,0.07,0
STU_11432,YKS_TYT_AYT,Mezun,Telefonla Dağılan,476,21.8,6,0.65,48.0,0.43,6.3,0.49,0
STU_11433,YKS_TYT_AYT,12,Yarıda Bırakan,326,10.7,4,0.14,56.2,0.34,3.6,0.22,0
STU_11434,LGS,8,Yarıda Bırakan,202,23.8,2,0.44,54.9,0.21,4.9,0.57,1
STU_11435,LGS,8,Başlayamayan,98,12.4,0,0.21,57.8,0.42,3.7,0.24,0
STU_11436,LGS,8,Telefonla Dağılan,543,22.8,9,0.85,60.2,0.59,4.3,0.34,0
STU_11437,YKS_TYT_AYT,11,Telefonla Dağılan,419,24.6,6,0.46,72.9,0.4,1.7,0.39,0
STU_11438,LGS,8,Yarıda Bırakan,186,14.9,1,0.09,70.9,0.8,4.2,0.33,1
STU_11439,YKS_TYT_AYT,Mezun,Telefonla Dağılan,622,18.7,2,0.44,58.9,0.35,4.9,0.67,0
STU_11440,YKS_TYT_AYT,12,Yarıda Bırakan,212,28.8,1,0.61,47.9,0.39,4.0,0.43,0
STU_11441,LGS,8,Telefonla Dağılan,642,35.5,8,0.46,59.7,0.33,4.4,0.39,0
STU_11442,YKS_TYT_AYT,12,Geceye Kayan,744,23.5,3,0.41,74.2,0.46,6.1,0.8,1
STU_11443,YKS_TYT_AYT,12,Başlayamayan,75,9.3,0,0.36,28.9,0.68,6.2,0.24,0
STU_11444,YKS_TYT_AYT,12,Yarıda Bırakan,273,28.7,2,0.47,49.5,0.41,5.0,0.11,1
STU_11445,LGS,8,Başlayamayan,60,14.7,6,0.15,65.9,0.68,8.5,0.08,0
STU_11446,YKS_TYT_AYT,12,Telefonla Dağılan,886,26.3,6,0.55,34.9,0.13,5.4,0.67,1
STU_11447,YKS_TYT_AYT,12,Telefonla Dağılan,493,20.7,3,0.6,64.1,0.52,5.5,0.8,1
STU_11448,YKS_TYT_AYT,11,Geceye Kayan,588,28.5,2,0.63,78.7,0.21,5.6,0.9,0
STU_11449,YKS_TYT_AYT,Mezun,Yarıda Bırakan,194,26.5,3,0.58,54.2,0.59,4.5,0.42,1
STU_11450,YKS_TYT_AYT,11,Geceye Kayan,463,35.3,1,0.59,69.2,0.43,4.3,0.98,0
STU_11451,YKS_TYT_AYT,11,Başlayamayan,113,10.0,2,0.46,55.1,0.46,6.1,0.13,1
STU_11452,YKS_TYT_AYT,12,Telefonla Dağılan,659,23.9,4,0.59,61.6,0.19,2.6,0.68,1
STU_11453,YKS_TYT_AYT,12,Başlayamayan,218,16.0,0,0.2,77.4,0.65,8.0,0.47,1
STU_11454,LGS,8,Geceye Kayan,487,54.8,3,0.31,58.3,0.17,3.3,0.46,0
STU_11455,YKS_TYT_AYT,12,Telefonla Dağılan,644,32.9,8,0.87,47.6,0.44,5.0,0.59,0
STU_11456,YKS_TYT_AYT,12,Telefonla Dağılan,481,33.4,9,0.47,59.1,0.45,4.6,0.75,0
STU_11457,YKS_TYT_AYT,11,Kaygıyla Erteleyen,426,28.3,8,0.56,67.6,0.57,8.6,0.35,0
STU_11458,LGS,8,Başlayamayan,68,10.2,1,0.28,31.4,0.86,5.4,0.41,1
STU_11459,YKS_TYT_AYT,12,Başlayamayan,121,5.3,1,0.17,66.0,0.41,4.7,0.42,1
STU_11460,LGS,8,Kaygıyla Erteleyen,322,26.4,2,0.68,81.7,0.82,9.8,0.63,0
STU_11461,YKS_TYT_AYT,12,Yarıda Bırakan,197,24.2,1,0.27,53.7,0.67,6.0,0.3,1
STU_11462,LGS,8,Başlayamayan,106,14.2,2,0.26,53.6,0.68,7.8,0.16,1
STU_11463,YKS_TYT_AYT,12,Yarıda Bırakan,242,18.4,3,0.67,62.9,0.53,1.6,0.48,0
STU_11464,YKS_TYT_AYT,12,Telefonla Dağılan,335,23.4,10,0.36,65.1,0.54,7.1,0.61,0
STU_11465,LGS,8,Başlayamayan,92,8.5,1,0.4,44.4,0.66,4.7,0.29,0
STU_11466,YKS_TYT_AYT,12,Yarıda Bırakan,221,10.7,5,0.44,54.2,0.5,4.1,0.41,0
STU_11467,LGS,8,Başlayamayan,291,10.6,1,0.43,51.3,0.72,5.8,0.37,1
STU_11468,YKS_TYT_AYT,12,Yarıda Bırakan,197,12.1,2,0.4,71.9,0.6,5.2,0.5,1
STU_11469,YKS_TYT_AYT,Mezun,Geceye Kayan,558,26.5,5,0.63,68.9,0.2,6.6,0.67,0
STU_11470,YKS_TYT_AYT,12,Geceye Kayan,770,45.3,2,0.58,81.5,0.27,5.5,0.72,0
STU_11471,YKS_TYT_AYT,11,Telefonla Dağılan,311,37.0,5,0.3,57.0,0.28,6.1,0.32,0
STU_11472,YKS_TYT_AYT,11,Başlayamayan,177,14.5,2,0.16,52.7,0.71,7.0,0.06,0
STU_11473,LGS,8,Geceye Kayan,552,27.2,7,0.65,83.3,0.34,6.0,0.79,0
STU_11474,LGS,8,Telefonla Dağılan,649,30.7,6,0.77,61.7,0.21,5.7,0.71,0
STU_11475,YKS_TYT_AYT,11,Başlayamayan,142,6.6,1,0.31,32.5,0.89,7.9,0.38,1
STU_11476,YKS_TYT_AYT,Mezun,Geceye Kayan,444,43.0,5,0.33,71.3,0.21,3.7,0.71,0
STU_11477,YKS_TYT_AYT,Mezun,Kaygıyla Erteleyen,338,17.4,3,0.58,86.5,0.78,8.1,0.21,1
STU_11478,YKS_TYT_AYT,12,Telefonla Dağılan,630,32.6,7,0.64,71.9,0.21,4.9,0.62,0
STU_11479,YKS_TYT_AYT,11,Telefonla Dağılan,612,24.3,4,0.87,80.5,0.33,4.2,0.34,0
STU_11480,YKS_TYT_AYT,11,Başlayamayan,117,13.1,6,0.37,47.4,0.76,7.0,0.21,1
STU_11481,LGS,8,Başlayamayan,96,16.6,1,0.11,51.0,0.79,2.9,0.46,1
STU_11482,YKS_TYT_AYT,12,Telefonla Dağılan,343,20.7,11,0.36,60.8,0.4,6.1,0.12,0
STU_11483,LGS,8,Başlayamayan,232,12.8,2,0.33,69.6,0.82,6.8,0.29,1
STU_11484,LGS,8,Yarıda Bırakan,376,25.4,1,0.58,50.0,0.47,4.9,0.16,1
STU_11485,LGS,8,Kaygıyla Erteleyen,291,39.4,3,0.48,79.1,0.71,8.3,0.48,1
STU_11486,LGS,8,Kaygıyla Erteleyen,271,36.8,4,0.59,53.6,0.82,8.7,0.2,0
STU_11487,YKS_TYT_AYT,12,Yarıda Bırakan,296,15.7,3,0.74,47.9,0.36,2.7,0.04,1
STU_11488,LGS,8,Kaygıyla Erteleyen,315,22.5,3,0.88,73.9,0.87,7.3,0.39,0
STU_11489,YKS_TYT_AYT,12,Kaygıyla Erteleyen,233,28.1,3,0.71,41.4,0.54,7.5,0.42,1
STU_11490,LGS,8,Telefonla Dağılan,654,27.2,2,0.58,57.2,0.17,5.2,0.32,0
STU_11491,LGS,8,Yarıda Bırakan,357,15.9,1,0.61,39.3,0.49,5.0,0.25,1
STU_11492,LGS,8,Yarıda Bırakan,165,19.1,7,0.41,75.0,0.35,1.5,0.36,1
STU_11493,LGS,8,Yarıda Bırakan,143,15.3,1,0.59,48.3,0.47,6.2,0.13,1
STU_11494,YKS_TYT_AYT,11,Başlayamayan,105,16.1,1,0.24,49.5,0.78,7.9,0.32,1
STU_11495,YKS_TYT_AYT,11,Yarıda Bırakan,192,24.3,6,0.88,60.4,0.56,6.2,0.42,1
STU_11496,YKS_TYT_AYT,11,Başlayamayan,142,11.8,3,0.11,46.8,0.67,4.1,0.11,1
STU_11497,YKS_TYT_AYT,11,Yarıda Bırakan,201,19.3,3,0.36,52.3,0.63,4.8,0.2,0
STU_11498,LGS,8,Geceye Kayan,468,39.1,1,0.46,64.6,0.59,6.4,0.78,1
STU_11499,YKS_TYT_AYT,Mezun,Başlayamayan,174,8.5,2,0.2,49.5,0.76,7.1,0.3,0
STU_11500,YKS_TYT_AYT,12,Telefonla Dağılan,527,26.5,5,0.68,56.2,0.51,4.8,0.49,0
STU_11501,YKS_TYT_AYT,12,Telefonla Dağılan,386,33.4,1,0.33,82.5,0.35,4.2,0.79,1
STU_11502,LGS,8,Başlayamayan,101,14.9,1,0.03,63.9,0.85,7.8,0.49,0
STU_11503,LGS,8,Geceye Kayan,772,44.2,3,0.49,64.6,0.28,5.6,0.88,0
STU_11504,LGS,8,Telefonla Dağılan,547,18.5,8,0.51,58.3,0.47,3.4,0.49,0
STU_11505,LGS,8,Yarıda Bırakan,251,11.9,5,0.49,46.5,0.56,5.5,0.41,0
STU_11506,YKS_TYT_AYT,11,Kaygıyla Erteleyen,337,33.1,4,0.7,49.1,0.73,8.5,0.48,0
STU_11507,YKS_TYT_AYT,12,Yarıda Bırakan,162,21.0,4,0.43,69.5,0.33,6.0,0.15,1
STU_11508,YKS_TYT_AYT,12,Telefonla Dağılan,478,31.8,9,0.3,66.2,0.47,4.4,0.83,1
STU_11509,YKS_TYT_AYT,Mezun,Başlayamayan,172,12.6,0,0.2,51.5,0.61,6.9,0.15,1
STU_11510,YKS_TYT_AYT,12,Kaygıyla Erteleyen,279,33.4,1,0.43,67.6,0.68,8.6,0.48,0
STU_11511,YKS_TYT_AYT,Mezun,Yarıda Bırakan,346,10.7,1,0.69,68.1,0.83,5.2,0.23,1
STU_11512,YKS_TYT_AYT,12,Telefonla Dağılan,438,26.1,4,0.61,66.7,0.24,6.3,0.77,0
STU_11513,LGS,8,Yarıda Bırakan,218,15.7,1,0.45,76.7,0.48,6.0,0.53,1
STU_11514,LGS,8,Telefonla Dağılan,507,20.1,8,0.72,60.9,0.57,8.1,0.85,0
STU_11515,LGS,8,Kaygıyla Erteleyen,290,31.0,2,0.98,98.1,0.93,8.1,0.1,0
STU_11516,YKS_TYT_AYT,Mezun,Telefonla Dağılan,501,25.2,9,0.26,66.1,0.6,4.8,0.6,1
STU_11517,YKS_TYT_AYT,11,Telefonla Dağılan,449,22.9,1,0.62,51.0,0.25,3.2,0.7,1
STU_11518,LGS,8,Yarıda Bırakan,363,19.6,2,0.21,51.5,0.62,4.0,0.19,1
STU_11519,YKS_TYT_AYT,12,Geceye Kayan,719,25.4,4,0.65,75.8,0.52,4.0,0.78,0
STU_11520,LGS,8,Telefonla Dağılan,407,21.6,4,0.67,78.7,0.31,3.8,0.12,1
STU_11521,YKS_TYT_AYT,12,Kaygıyla Erteleyen,301,21.4,3,0.25,85.0,0.76,9.0,0.16,0
STU_11522,LGS,8,Kaygıyla Erteleyen,285,47.8,1,0.52,89.3,0.8,9.8,0.31,1
STU_11523,LGS,8,Yarıda Bırakan,253,22.4,4,0.48,67.1,0.65,6.8,0.33,0
STU_11524,YKS_TYT_AYT,12,Yarıda Bırakan,171,15.2,3,0.26,71.3,0.65,3.1,0.36,1
STU_11525,LGS,8,Yarıda Bırakan,165,15.4,0,0.36,48.7,0.69,5.9,0.09,1
STU_11526,LGS,8,Kaygıyla Erteleyen,281,23.4,1,0.6,55.8,0.61,9.3,0.12,0
STU_11527,LGS,8,Yarıda Bırakan,362,18.6,2,0.81,68.1,0.28,5.7,0.3,1
STU_11528,YKS_TYT_AYT,11,Telefonla Dağılan,369,29.1,14,0.63,54.7,0.83,3.9,0.27,0
STU_11529,YKS_TYT_AYT,11,Kaygıyla Erteleyen,350,23.9,2,0.81,60.2,0.52,7.0,0.3,0
STU_11530,LGS,8,Yarıda Bırakan,182,18.9,3,0.47,47.3,0.52,5.5,0.5,1
STU_11531,YKS_TYT_AYT,11,Telefonla Dağılan,341,22.8,4,0.37,54.1,0.4,3.7,0.5,1
STU_11532,YKS_TYT_AYT,12,Yarıda Bırakan,308,15.7,4,0.57,50.1,0.63,3.6,0.25,1
STU_11533,LGS,8,Başlayamayan,99,17.6,2,0.07,71.7,0.91,10.0,0.11,1
STU_11534,LGS,8,Kaygıyla Erteleyen,410,29.6,0,0.8,51.2,0.53,8.8,0.21,1
STU_11535,LGS,8,Başlayamayan,225,4.5,4,0.52,52.3,0.76,8.6,0.54,1
STU_11536,LGS,8,Yarıda Bırakan,301,6.4,4,0.6,52.7,0.41,5.5,0.41,1
STU_11537,YKS_TYT_AYT,Mezun,Kaygıyla Erteleyen,210,19.9,2,0.79,61.3,0.74,9.1,0.24,1
STU_11538,LGS,8,Yarıda Bırakan,271,20.2,3,0.43,58.7,0.28,3.4,0.46,0
STU_11539,YKS_TYT_AYT,12,Geceye Kayan,524,23.4,5,0.86,80.1,0.47,2.7,0.93,0
STU_11540,YKS_TYT_AYT,11,Geceye Kayan,720,22.7,6,0.35,67.6,0.63,4.6,0.81,0
STU_11541,LGS,8,Yarıda Bırakan,175,19.0,2,0.28,41.4,0.15,7.6,0.3,1
STU_11542,YKS_TYT_AYT,11,Başlayamayan,147,7.4,3,0.42,47.0,0.82,5.4,0.48,1
STU_11543,LGS,8,Telefonla Dağılan,482,17.8,5,0.56,78.8,0.48,3.6,0.39,0
STU_11544,YKS_TYT_AYT,12,Yarıda Bırakan,422,12.3,4,0.19,54.7,0.31,2.1,0.19,0
STU_11545,YKS_TYT_AYT,12,Başlayamayan,119,14.3,3,0.64,54.4,0.65,6.9,0.35,1
STU_11546,YKS_TYT_AYT,11,Telefonla Dağılan,470,31.2,6,0.53,48.2,0.29,4.6,0.73,0
STU_11547,YKS_TYT_AYT,12,Başlayamayan,134,7.4,2,0.13,34.7,0.93,6.9,0.45,1
STU_11548,LGS,8,Kaygıyla Erteleyen,347,38.1,3,0.77,66.3,0.71,8.7,0.37,0
STU_11549,YKS_TYT_AYT,12,Başlayamayan,124,10.4,1,0.16,46.3,0.55,5.9,0.25,0
STU_11550,YKS_TYT_AYT,11,Başlayamayan,144,13.8,5,0.2,55.2,0.4,5.2,0.22,1
STU_11551,YKS_TYT_AYT,11,Başlayamayan,64,12.2,0,0.21,52.5,0.95,8.4,0.1,1
STU_11552,YKS_TYT_AYT,Mezun,Geceye Kayan,592,32.5,2,0.74,82.2,0.18,7.5,0.83,0
STU_11553,YKS_TYT_AYT,11,Telefonla Dağılan,460,31.8,4,0.32,71.0,0.59,4.7,0.7,1
STU_11554,LGS,8,Kaygıyla Erteleyen,241,23.4,3,0.88,64.9,0.92,9.5,0.24,0
STU_11555,LGS,8,Yarıda Bırakan,378,25.0,1,0.66,44.7,0.57,2.2,0.24,0
STU_11556,YKS_TYT_AYT,11,Yarıda Bırakan,288,10.1,1,0.43,51.9,0.29,4.4,0.33,1
STU_11557,LGS,8,Yarıda Bırakan,266,23.8,2,0.63,60.8,0.35,2.8,0.1,1
STU_11558,YKS_TYT_AYT,11,Telefonla Dağılan,421,24.3,10,0.44,62.3,0.73,5.6,0.35,0
STU_11559,YKS_TYT_AYT,Mezun,Telefonla Dağılan,443,18.1,9,0.83,59.3,0.26,4.0,0.69,0
STU_11560,LGS,8,Telefonla Dağılan,495,29.6,4,0.84,62.5,0.47,4.5,0.27,1
STU_11561,LGS,8,Yarıda Bırakan,205,18.8,3,0.56,52.7,0.19,6.1,0.27,1
STU_11562,YKS_TYT_AYT,11,Geceye Kayan,432,27.3,1,0.18,78.1,0.67,5.5,0.98,0
STU_11563,LGS,8,Başlayamayan,75,10.2,2,0.33,40.0,0.53,8.5,0.54,1
STU_11564,YKS_TYT_AYT,12,Geceye Kayan,585,33.0,2,0.77,57.1,0.1,4.7,0.66,0
STU_11565,YKS_TYT_AYT,Mezun,Başlayamayan,120,11.9,1,0.17,48.0,0.49,7.6,0.21,1
STU_11566,YKS_TYT_AYT,Mezun,Telefonla Dağılan,395,15.6,9,0.63,58.9,0.61,7.1,0.75,0
STU_11567,LGS,8,Yarıda Bırakan,198,21.3,3,0.3,69.5,0.6,2.8,0.53,0
STU_11568,YKS_TYT_AYT,Mezun,Yarıda Bırakan,326,13.7,1,0.31,50.1,0.56,5.4,0.46,1
STU_11569,YKS_TYT_AYT,11,Telefonla Dağılan,507,17.9,5,0.71,67.4,0.27,3.8,0.77,0
STU_11570,YKS_TYT_AYT,12,Yarıda Bırakan,153,6.6,1,0.16,34.8,0.55,4.1,0.09,1
STU_11571,LGS,8,Yarıda Bırakan,266,19.0,3,0.8,55.1,0.63,7.0,0.41,0
STU_11572,YKS_TYT_AYT,12,Telefonla Dağılan,654,18.5,5,0.73,68.8,0.43,3.9,0.25,0
STU_11573,YKS_TYT_AYT,12,Telefonla Dağılan,414,37.2,4,0.48,54.6,0.37,7.9,0.56,0
STU_11574,LGS,8,Kaygıyla Erteleyen,306,17.9,3,0.73,47.3,0.76,7.3,0.62,0
STU_11575,LGS,8,Yarıda Bırakan,201,15.3,3,0.34,51.7,0.73,5.1,0.31,1
STU_11576,LGS,8,Telefonla Dağılan,546,29.6,7,0.25,52.9,0.53,3.5,0.11,0
STU_11577,YKS_TYT_AYT,11,Telefonla Dağılan,494,23.4,9,0.45,64.2,0.38,4.4,0.55,0
STU_11578,YKS_TYT_AYT,12,Yarıda Bırakan,197,26.0,2,0.28,48.0,0.67,3.7,0.24,0
STU_11579,YKS_TYT_AYT,12,Telefonla Dağılan,495,19.6,4,0.64,60.5,0.54,4.5,0.2,1
STU_11580,LGS,8,Yarıda Bırakan,462,20.8,4,0.28,48.5,0.64,5.2,0.1,0
STU_11581,LGS,8,Başlayamayan,94,10.6,1,0.29,62.1,0.83,6.3,0.24,1
STU_11582,YKS_TYT_AYT,12,Başlayamayan,79,16.4,0,0.16,63.6,0.62,6.0,0.3,1
STU_11583,YKS_TYT_AYT,11,Başlayamayan,98,8.6,4,0.38,61.8,0.49,4.7,0.2,1
STU_11584,YKS_TYT_AYT,12,Telefonla Dağılan,781,20.8,5,0.55,59.6,0.52,3.4,0.3,0
STU_11585,LGS,8,Telefonla Dağılan,666,25.8,4,0.31,81.3,0.3,3.1,0.49,0
STU_11586,YKS_TYT_AYT,12,Geceye Kayan,569,34.8,6,0.52,77.7,0.42,8.1,0.92,0
STU_11587,LGS,8,Telefonla Dağılan,613,20.7,7,0.41,51.4,0.3,2.7,0.28,0
STU_11588,YKS_TYT_AYT,11,Başlayamayan,97,7.6,5,0.2,46.4,0.39,4.9,0.06,0
STU_11589,YKS_TYT_AYT,12,Geceye Kayan,668,34.8,7,0.45,87.5,0.61,6.9,0.81,1
STU_11590,YKS_TYT_AYT,Mezun,Kaygıyla Erteleyen,412,20.1,2,0.72,55.7,0.59,9.4,0.43,0
STU_11591,YKS_TYT_AYT,Mezun,Yarıda Bırakan,304,16.4,3,0.71,54.3,0.61,6.7,0.31,0
STU_11592,LGS,8,Telefonla Dağılan,536,18.1,13,0.29,60.8,0.64,4.6,0.51,1
STU_11593,LGS,8,Geceye Kayan,823,41.6,2,0.75,88.1,0.22,4.2,0.79,0
STU_11594,YKS_TYT_AYT,11,Telefonla Dağılan,323,20.1,7,0.6,61.8,0.85,6.2,0.71,1
STU_11595,YKS_TYT_AYT,12,Geceye Kayan,454,25.8,3,0.42,88.0,0.56,5.5,0.85,0
STU_11596,LGS,8,Başlayamayan,63,13.2,1,0.28,58.3,0.53,6.6,0.41,0
STU_11597,LGS,8,Başlayamayan,90,9.0,0,0.45,51.0,0.95,5.2,0.11,1
STU_11598,LGS,8,Yarıda Bırakan,324,24.0,2,0.21,35.3,0.73,5.6,0.03,0
STU_11599,YKS_TYT_AYT,11,Telefonla Dağılan,499,25.2,10,0.21,54.5,0.34,4.8,0.54,0
STU_11600,LGS,8,Kaygıyla Erteleyen,352,13.8,2,0.91,85.7,0.71,10.0,0.43,0
STU_11601,LGS,8,Geceye Kayan,761,43.4,1,0.57,61.0,0.61,4.3,0.97,0
STU_11602,LGS,8,Yarıda Bırakan,140,17.5,0,0.69,60.2,0.27,5.8,0.41,1
STU_11603,LGS,8,Başlayamayan,88,11.3,3,0.18,54.8,0.68,5.3,0.31,1
STU_11604,LGS,8,Kaygıyla Erteleyen,258,36.0,2,0.7,54.0,0.85,7.9,0.33,0
STU_11605,YKS_TYT_AYT,11,Telefonla Dağılan,391,23.7,8,0.79,53.1,0.28,3.7,0.59,1
STU_11606,LGS,8,Başlayamayan,127,13.0,1,0.1,51.9,0.83,4.0,0.55,0
STU_11607,YKS_TYT_AYT,Mezun,Telefonla Dağılan,464,23.0,11,0.76,53.0,0.39,5.4,0.64,0
STU_11608,LGS,8,Telefonla Dağılan,523,30.6,7,0.35,50.8,0.61,2.8,0.76,1
STU_11609,YKS_TYT_AYT,Mezun,Kaygıyla Erteleyen,282,24.5,3,0.65,65.8,0.78,7.9,0.22,0
STU_11610,YKS_TYT_AYT,12,Telefonla Dağılan,461,34.2,8,0.29,67.2,0.65,5.6,0.53,0
STU_11611,YKS_TYT_AYT,Mezun,Yarıda Bırakan,325,9.4,2,0.53,47.9,0.7,5.9,0.24,1
STU_11612,YKS_TYT_AYT,11,Geceye Kayan,508,44.7,3,0.85,81.7,0.63,6.2,0.67,0
STU_11613,LGS,8,Telefonla Dağılan,748,20.7,8,0.63,68.8,0.58,4.1,0.73,0
STU_11614,LGS,8,Yarıda Bırakan,212,19.4,4,0.66,71.3,0.57,5.4,0.59,0
STU_11615,YKS_TYT_AYT,12,Yarıda Bırakan,255,16.5,3,0.81,49.6,0.68,5.2,0.45,1
STU_11616,YKS_TYT_AYT,12,Telefonla Dağılan,580,28.2,7,0.37,71.6,0.29,5.0,0.65,1
STU_11617,YKS_TYT_AYT,11,Yarıda Bırakan,251,22.6,0,0.59,53.2,0.46,4.6,0.03,1
STU_11618,YKS_TYT_AYT,12,Başlayamayan,122,10.4,0,0.48,45.7,0.58,6.1,0.54,1
STU_11619,YKS_TYT_AYT,Mezun,Telefonla Dağılan,552,18.2,9,0.7,77.7,0.45,3.4,0.55,0
STU_11620,YKS_TYT_AYT,12,Yarıda Bırakan,262,14.5,1,0.5,57.6,0.27,3.7,0.11,1
STU_11621,LGS,8,Telefonla Dağılan,511,16.9,7,0.63,70.8,0.42,7.5,0.38,0
STU_11622,YKS_TYT_AYT,11,Başlayamayan,83,14.2,1,0.19,47.2,0.87,6.4,0.25,1
STU_11623,YKS_TYT_AYT,11,Telefonla Dağılan,492,24.9,7,0.35,56.9,0.26,2.5,0.53,1
STU_11624,LGS,8,Yarıda Bırakan,228,18.8,2,0.22,49.8,0.17,3.3,0.67,1
STU_11625,YKS_TYT_AYT,12,Başlayamayan,69,14.6,1,0.44,55.8,0.78,8.1,0.31,0
STU_11626,LGS,8,Başlayamayan,105,24.6,4,0.2,58.1,0.59,8.0,0.64,1
STU_11627,YKS_TYT_AYT,12,Geceye Kayan,486,24.3,3,0.29,72.4,0.36,7.0,0.77,1
STU_11628,LGS,8,Kaygıyla Erteleyen,301,22.1,1,0.79,66.3,0.91,8.8,0.19,0
STU_11629,YKS_TYT_AYT,Mezun,Yarıda Bırakan,197,10.2,3,0.42,66.9,0.2,5.2,0.57,0
STU_11630,YKS_TYT_AYT,11,Kaygıyla Erteleyen,391,26.6,2,0.94,74.6,0.81,7.3,0.51,0
STU_11631,LGS,8,Telefonla Dağılan,530,27.3,6,0.42,69.2,0.43,1.8,0.53,0
STU_11632,YKS_TYT_AYT,Mezun,Geceye Kayan,584,24.5,4,0.68,80.0,0.03,4.8,0.84,0
STU_11633,YKS_TYT_AYT,11,Yarıda Bırakan,392,18.8,1,0.2,70.5,0.34,6.3,0.56,0
STU_11634,YKS_TYT_AYT,11,Telefonla Dağılan,420,26.9,6,0.38,60.3,0.22,2.5,0.38,0
STU_11635,LGS,8,Başlayamayan,126,7.8,1,0.57,66.3,0.92,5.1,0.39,1
STU_11636,LGS,8,Yarıda Bırakan,191,21.0,0,0.07,57.4,0.46,6.7,0.12,0
STU_11637,LGS,8,Geceye Kayan,578,38.8,3,0.51,61.1,0.56,4.5,0.82,1
STU_11638,YKS_TYT_AYT,11,Telefonla Dağılan,390,14.2,5,0.39,59.3,0.28,3.8,0.6,0
STU_11639,YKS_TYT_AYT,12,Yarıda Bırakan,205,21.8,1,0.34,52.3,0.41,4.3,0.5,1
STU_11640,YKS_TYT_AYT,12,Başlayamayan,130,13.8,2,0.35,42.2,0.93,5.8,0.38,0
STU_11641,YKS_TYT_AYT,11,Telefonla Dağılan,622,23.7,9,0.61,57.5,0.27,4.7,0.23,0
STU_11642,YKS_TYT_AYT,12,Telefonla Dağılan,584,20.0,6,0.75,59.9,0.32,6.2,0.75,1
STU_11643,YKS_TYT_AYT,11,Yarıda Bırakan,399,15.9,2,0.39,36.2,0.42,5.8,0.66,1
STU_11644,LGS,8,Geceye Kayan,490,42.2,5,0.64,72.7,0.4,5.5,0.94,0
STU_11645,YKS_TYT_AYT,11,Başlayamayan,82,6.1,1,0.15,52.6,0.74,5.1,0.28,0
STU_11646,LGS,8,Yarıda Bırakan,267,19.0,4,0.38,40.1,0.54,6.4,0.41,0
STU_11647,YKS_TYT_AYT,12,Geceye Kayan,420,22.5,7,0.47,70.5,0.43,3.6,0.65,0
STU_11648,YKS_TYT_AYT,11,Yarıda Bırakan,250,14.8,6,0.18,46.2,0.51,5.1,0.24,0
STU_11649,YKS_TYT_AYT,Mezun,Yarıda Bırakan,336,14.7,4,0.4,58.4,0.71,6.3,0.41,1
STU_11650,LGS,8,Telefonla Dağılan,567,25.5,6,0.84,57.3,0.27,5.0,0.7,1
STU_11651,LGS,8,Kaygıyla Erteleyen,264,31.9,0,0.88,100.0,0.8,8.9,0.17,0
STU_11652,LGS,8,Başlayamayan,108,9.7,1,0.45,56.3,0.86,8.4,0.81,1
STU_11653,LGS,8,Geceye Kayan,586,29.4,1,0.54,65.8,0.15,3.4,0.59,0
STU_11654,LGS,8,Kaygıyla Erteleyen,238,40.4,5,0.59,70.4,0.84,10.0,0.33,0
STU_11655,YKS_TYT_AYT,11,Başlayamayan,140,11.3,1,0.05,41.9,0.68,6.3,0.15,0
STU_11656,YKS_TYT_AYT,Mezun,Telefonla Dağılan,458,40.8,5,0.51,64.7,0.42,4.1,0.4,0
STU_11657,LGS,8,Yarıda Bırakan,189,19.4,3,0.34,60.2,0.21,6.6,0.4,1
STU_11658,LGS,8,Yarıda Bırakan,295,24.0,1,0.42,44.2,0.67,5.4,0.73,1
STU_11659,YKS_TYT_AYT,12,Kaygıyla Erteleyen,304,25.8,1,0.48,68.4,0.69,8.6,0.75,0
STU_11660,YKS_TYT_AYT,Mezun,Geceye Kayan,710,20.2,1,0.62,62.5,0.07,4.6,0.53,0
STU_11661,YKS_TYT_AYT,12,Başlayamayan,143,15.8,0,0.4,68.7,0.61,4.7,0.36,1
STU_11662,YKS_TYT_AYT,12,Yarıda Bırakan,325,20.1,5,0.53,40.0,0.47,4.5,0.6,0
STU_11663,YKS_TYT_AYT,11,Telefonla Dağılan,585,31.4,3,0.49,64.5,0.3,3.6,0.36,0
STU_11664,YKS_TYT_AYT,11,Yarıda Bırakan,181,15.9,2,0.3,49.1,0.36,3.8,0.41,1
STU_11665,YKS_TYT_AYT,Mezun,Yarıda Bırakan,221,10.3,3,0.6,48.1,0.77,4.3,0.21,1
STU_11666,LGS,8,Başlayamayan,124,12.6,0,0.27,21.3,0.48,7.8,0.07,0
STU_11667,YKS_TYT_AYT,12,Telefonla Dağılan,443,24.7,8,0.78,63.1,0.39,3.4,0.43,0
STU_11668,LGS,8,Yarıda Bırakan,282,11.4,5,0.2,42.1,0.26,4.4,0.11,1
STU_11669,YKS_TYT_AYT,12,Başlayamayan,145,17.8,1,0.19,38.8,0.86,8.2,0.44,1
STU_11670,LGS,8,Kaygıyla Erteleyen,393,43.1,4,0.66,79.4,0.8,9.7,0.33,1
STU_11671,YKS_TYT_AYT,12,Kaygıyla Erteleyen,330,10.4,3,0.92,75.1,0.71,8.6,0.4,0
STU_11672,YKS_TYT_AYT,12,Telefonla Dağılan,624,30.4,11,0.66,31.3,0.58,5.8,0.68,1
STU_11673,YKS_TYT_AYT,Mezun,Yarıda Bırakan,238,18.6,1,0.63,43.3,0.76,4.2,0.27,0
STU_11674,YKS_TYT_AYT,11,Telefonla Dağılan,401,26.1,5,0.61,60.3,0.44,4.1,0.74,0
STU_11675,LGS,8,Yarıda Bırakan,284,27.7,3,0.45,47.5,0.43,5.1,0.29,1
STU_11676,LGS,8,Yarıda Bırakan,207,17.4,1,0.36,64.7,0.77,4.5,0.56,1
STU_11677,LGS,8,Telefonla Dağılan,438,30.0,5,0.49,48.4,0.59,2.8,0.27,0
STU_11678,LGS,8,Başlayamayan,105,6.5,3,0.15,40.9,0.76,4.4,0.88,1
STU_11679,YKS_TYT_AYT,Mezun,Başlayamayan,119,13.2,0,0.35,25.7,0.77,5.9,0.09,1
STU_11680,LGS,8,Başlayamayan,137,11.6,2,0.13,58.0,0.81,5.9,0.16,1
STU_11681,YKS_TYT_AYT,12,Başlayamayan,128,13.0,2,0.24,48.6,0.58,5.3,0.17,1
STU_11682,YKS_TYT_AYT,Mezun,Başlayamayan,91,14.8,2,0.67,50.1,0.94,3.8,0.17,1
STU_11683,YKS_TYT_AYT,12,Geceye Kayan,569,29.6,5,0.37,64.6,0.06,5.8,0.79,0
STU_11684,LGS,8,Yarıda Bırakan,329,17.2,1,0.26,26.7,0.68,3.4,0.36,0
STU_11685,YKS_TYT_AYT,12,Başlayamayan,177,11.6,1,0.26,53.4,0.65,5.9,0.16,1
STU_11686,YKS_TYT_AYT,Mezun,Yarıda Bırakan,249,19.7,5,0.77,51.2,0.53,3.7,0.45,1
STU_11687,YKS_TYT_AYT,12,Geceye Kayan,509,41.2,1,0.63,76.0,0.16,7.0,0.89,0
STU_11688,YKS_TYT_AYT,12,Telefonla Dağılan,622,24.1,9,0.76,66.8,0.6,5.5,0.16,0
STU_11689,YKS_TYT_AYT,Mezun,Yarıda Bırakan,347,10.8,4,0.65,63.1,0.6,4.1,0.66,0
STU_11690,LGS,8,Kaygıyla Erteleyen,438,29.0,3,0.75,64.4,0.62,9.3,0.5,1
STU_11691,YKS_TYT_AYT,12,Yarıda Bırakan,248,19.3,4,0.41,60.5,0.46,2.2,0.4,1
STU_11692,LGS,8,Yarıda Bırakan,237,24.4,4,0.37,49.6,0.55,6.3,0.44,1
STU_11693,LGS,8,Başlayamayan,98,11.7,1,0.36,33.8,0.85,6.4,0.68,1
STU_11694,LGS,8,Yarıda Bırakan,379,21.7,3,0.55,56.2,0.45,3.9,0.23,0
STU_11695,LGS,8,Yarıda Bırakan,249,14.3,1,0.66,60.0,0.76,3.2,0.34,1
STU_11696,LGS,8,Telefonla Dağılan,575,33.1,3,0.51,70.5,0.3,4.3,0.63,1
STU_11697,LGS,8,Yarıda Bırakan,253,20.3,4,0.44,67.2,0.72,5.7,0.23,1
STU_11698,YKS_TYT_AYT,Mezun,Telefonla Dağılan,688,29.6,7,0.76,66.0,0.55,3.5,0.5,0
STU_11699,YKS_TYT_AYT,Mezun,Başlayamayan,171,12.1,2,0.35,39.4,0.7,8.7,0.43,1
STU_11700,YKS_TYT_AYT,12,Başlayamayan,125,9.7,3,0.26,42.0,0.54,6.6,0.22,1
STU_11701,YKS_TYT_AYT,11,Yarıda Bırakan,317,22.9,5,0.48,60.3,0.43,4.6,0.4,1
STU_11702,LGS,8,Geceye Kayan,581,47.4,5,0.56,73.3,0.47,6.9,0.66,1
STU_11703,YKS_TYT_AYT,12,Yarıda Bırakan,278,13.7,1,0.3,32.7,0.48,6.2,0.49,1
STU_11704,YKS_TYT_AYT,12,Telefonla Dağılan,359,20.8,7,0.75,63.0,0.39,3.8,0.65,0
STU_11705,LGS,8,Yarıda Bırakan,217,24.3,3,0.27,61.1,0.15,7.3,0.09,0
STU_11706,YKS_TYT_AYT,12,Başlayamayan,151,16.1,4,0.16,57.1,0.9,4.7,0.31,1
STU_11707,LGS,8,Başlayamayan,48,12.0,4,0.22,58.6,0.88,5.5,0.12,1
STU_11708,YKS_TYT_AYT,11,Yarıda Bırakan,233,16.8,3,0.45,56.5,0.26,5.7,0.64,0
STU_11709,YKS_TYT_AYT,12,Başlayamayan,88,10.5,2,0.58,41.5,0.81,6.2,0.36,0
STU_11710,LGS,8,Başlayamayan,165,15.0,1,0.13,25.6,0.96,9.4,0.26,1
STU_11711,LGS,8,Kaygıyla Erteleyen,299,38.8,1,0.63,30.6,0.8,9.7,0.16,0
STU_11712,YKS_TYT_AYT,12,Başlayamayan,97,12.3,0,0.32,56.0,0.66,10.0,0.35,1
STU_11713,YKS_TYT_AYT,12,Telefonla Dağılan,567,23.6,7,0.6,75.7,0.34,3.4,0.44,1
STU_11714,LGS,8,Yarıda Bırakan,271,20.1,1,0.49,59.3,0.26,4.3,0.17,0
STU_11715,YKS_TYT_AYT,11,Telefonla Dağılan,622,26.4,3,0.4,55.0,0.34,5.4,0.36,0
STU_11716,LGS,8,Telefonla Dağılan,517,13.3,4,0.42,60.8,0.53,3.5,0.67,0
STU_11717,YKS_TYT_AYT,12,Yarıda Bırakan,338,11.5,1,0.58,78.9,0.29,7.0,0.52,1
STU_11718,YKS_TYT_AYT,Mezun,Yarıda Bırakan,325,14.6,4,0.45,60.8,0.61,4.3,0.1,1
STU_11719,LGS,8,Telefonla Dağılan,653,26.0,7,0.77,58.3,0.65,4.9,0.46,0
STU_11720,LGS,8,Kaygıyla Erteleyen,362,47.5,2,0.39,66.5,0.4,8.2,0.27,0
STU_11721,LGS,8,Başlayamayan,99,10.5,2,0.07,50.4,0.71,7.5,0.53,1
STU_11722,LGS,8,Başlayamayan,88,15.7,2,0.06,40.7,0.84,6.9,0.39,1
STU_11723,LGS,8,Geceye Kayan,649,39.5,2,0.52,69.7,0.32,3.7,0.63,0
STU_11724,YKS_TYT_AYT,12,Yarıda Bırakan,330,17.4,5,0.51,63.3,0.38,3.0,0.4,0
STU_11725,LGS,8,Telefonla Dağılan,490,16.2,5,0.38,80.4,0.47,2.6,0.3,1
STU_11726,YKS_TYT_AYT,11,Yarıda Bırakan,366,19.1,3,0.27,57.1,0.13,5.6,0.31,0
STU_11727,YKS_TYT_AYT,11,Başlayamayan,84,8.5,1,0.48,49.0,0.65,5.6,0.1,1
STU_11728,YKS_TYT_AYT,11,Telefonla Dağılan,351,18.6,7,0.69,62.4,0.24,2.7,0.41,0
STU_11729,YKS_TYT_AYT,11,Telefonla Dağılan,390,34.1,6,0.56,62.0,0.8,3.4,0.25,1
STU_11730,LGS,8,Başlayamayan,126,10.5,2,0.12,54.8,0.79,5.4,0.51,1
STU_11731,YKS_TYT_AYT,11,Yarıda Bırakan,297,20.0,3,0.57,60.5,0.32,7.1,0.29,1
STU_11732,YKS_TYT_AYT,12,Kaygıyla Erteleyen,585,28.7,2,0.71,61.4,0.76,8.0,0.76,1
STU_11733,YKS_TYT_AYT,Mezun,Telefonla Dağılan,401,35.8,6,0.55,72.4,0.56,3.1,0.17,1
STU_11734,LGS,8,Başlayamayan,61,9.0,1,0.31,54.0,0.41,9.1,0.3,1
STU_11735,YKS_TYT_AYT,11,Telefonla Dağılan,523,22.3,5,0.37,82.7,0.06,3.7,0.53,0
STU_11736,YKS_TYT_AYT,12,Telefonla Dağılan,534,19.5,2,0.14,70.4,0.4,4.1,0.24,0
STU_11737,LGS,8,Kaygıyla Erteleyen,322,19.3,5,0.96,61.8,0.51,8.9,0.07,0
STU_11738,LGS,8,Telefonla Dağılan,449,21.7,10,0.17,71.4,0.59,4.3,0.45,1
STU_11739,LGS,8,Başlayamayan,68,9.2,0,0.01,50.0,0.72,6.7,0.26,1
STU_11740,YKS_TYT_AYT,Mezun,Telefonla Dağılan,493,29.9,5,0.68,62.9,0.11,4.8,0.56,1
STU_11741,YKS_TYT_AYT,12,Telefonla Dağılan,281,22.1,4,0.23,46.0,0.25,8.1,0.33,0
STU_11742,YKS_TYT_AYT,12,Başlayamayan,45,10.2,2,0.14,38.3,0.52,7.1,0.26,1
STU_11743,LGS,8,Yarıda Bırakan,201,22.0,2,0.65,59.9,0.58,4.9,0.28,1
STU_11744,LGS,8,Yarıda Bırakan,234,19.8,6,0.75,44.2,0.84,6.9,0.21,1
STU_11745,YKS_TYT_AYT,Mezun,Telefonla Dağılan,535,27.9,11,0.38,65.6,0.27,3.9,0.48,0
STU_11746,LGS,8,Başlayamayan,139,17.3,2,0.1,50.1,0.55,6.2,0.76,1
STU_11747,LGS,8,Telefonla Dağılan,416,24.4,7,0.78,80.7,0.58,5.8,0.78,1
STU_11748,YKS_TYT_AYT,Mezun,Geceye Kayan,544,34.1,1,0.45,68.7,0.2,7.1,0.89,0
STU_11749,LGS,8,Kaygıyla Erteleyen,185,28.3,1,0.8,53.3,0.75,9.1,0.21,0
STU_11750,YKS_TYT_AYT,12,Geceye Kayan,562,26.3,0,0.43,60.5,0.06,4.8,0.74,0
STU_11751,LGS,8,Geceye Kayan,462,40.8,6,0.57,66.8,0.04,3.1,0.95,1
STU_11752,LGS,8,Başlayamayan,117,14.8,1,0.11,38.9,0.59,6.8,0.23,0
STU_11753,LGS,8,Telefonla Dağılan,492,29.6,3,0.8,87.9,0.69,5.4,0.94,1
STU_11754,YKS_TYT_AYT,Mezun,Yarıda Bırakan,172,25.1,4,0.61,45.0,0.65,6.5,0.64,0
STU_11755,YKS_TYT_AYT,11,Kaygıyla Erteleyen,372,29.3,2,0.6,74.2,0.82,8.7,0.11,1
STU_11756,YKS_TYT_AYT,12,Yarıda Bırakan,178,26.5,5,0.57,47.9,0.27,5.8,0.22,1
STU_11757,YKS_TYT_AYT,Mezun,Geceye Kayan,735,30.9,4,0.71,76.5,0.53,1.6,0.81,0
STU_11758,LGS,8,Telefonla Dağılan,528,27.9,9,0.5,80.3,0.39,5.2,0.49,1
STU_11759,YKS_TYT_AYT,12,Kaygıyla Erteleyen,519,37.3,1,0.85,82.4,0.7,10.0,0.25,0
STU_11760,YKS_TYT_AYT,11,Başlayamayan,94,21.0,1,0.37,42.9,0.53,5.3,0.5,1
STU_11761,YKS_TYT_AYT,12,Başlayamayan,93,12.3,2,0.05,25.6,0.81,6.5,0.37,1
STU_11762,LGS,8,Kaygıyla Erteleyen,248,23.1,1,0.87,56.9,0.49,8.7,0.34,1
STU_11763,YKS_TYT_AYT,12,Başlayamayan,34,7.1,1,0.08,34.0,0.78,6.7,0.62,1
STU_11764,LGS,8,Kaygıyla Erteleyen,324,38.4,2,0.54,66.8,0.74,7.8,0.3,1
STU_11765,LGS,8,Başlayamayan,186,15.1,1,0.19,57.2,0.89,4.1,0.04,1
STU_11766,YKS_TYT_AYT,11,Telefonla Dağılan,459,24.6,7,0.53,77.2,0.62,5.2,0.56,0
STU_11767,YKS_TYT_AYT,12,Yarıda Bırakan,227,18.8,0,0.66,51.9,0.39,3.9,0.14,1
STU_11768,LGS,8,Telefonla Dağılan,354,17.6,3,0.78,61.9,0.55,4.9,0.44,0
STU_11769,LGS,8,Telefonla Dağılan,518,17.1,4,0.47,62.7,0.46,4.5,0.66,0
STU_11770,YKS_TYT_AYT,12,Yarıda Bırakan,219,13.5,1,0.34,70.6,0.68,3.8,0.24,1
STU_11771,YKS_TYT_AYT,12,Başlayamayan,142,11.5,1,0.04,42.0,0.72,8.2,0.53,1
STU_11772,YKS_TYT_AYT,Mezun,Başlayamayan,120,14.7,3,0.52,49.3,0.67,7.1,0.46,1
STU_11773,YKS_TYT_AYT,12,Telefonla Dağılan,663,18.8,4,0.61,68.0,0.49,5.2,0.46,1
STU_11774,YKS_TYT_AYT,Mezun,Telefonla Dağılan,636,21.1,7,0.58,71.7,0.37,3.3,0.64,0
STU_11775,LGS,8,Telefonla Dağılan,545,25.7,9,0.52,53.8,0.33,5.2,0.68,1
STU_11776,YKS_TYT_AYT,12,Telefonla Dağılan,338,17.4,1,0.55,68.7,0.78,5.4,0.52,1
STU_11777,YKS_TYT_AYT,11,Yarıda Bırakan,325,14.6,1,0.37,49.7,0.79,5.7,0.3,0
STU_11778,LGS,8,Yarıda Bırakan,216,18.0,2,0.17,54.8,0.71,3.5,0.2,1
STU_11779,YKS_TYT_AYT,11,Başlayamayan,149,17.0,1,0.27,39.3,0.52,6.2,0.21,1
STU_11780,LGS,8,Yarıda Bırakan,130,14.3,3,0.53,51.1,0.58,6.6,0.27,1
STU_11781,YKS_TYT_AYT,12,Geceye Kayan,550,34.2,4,0.42,71.3,0.22,3.2,0.67,0
STU_11782,YKS_TYT_AYT,12,Kaygıyla Erteleyen,429,29.0,4,0.81,42.3,0.84,10.0,0.33,1
STU_11783,YKS_TYT_AYT,12,Yarıda Bırakan,332,15.2,3,0.68,53.7,0.35,3.9,0.1,0
STU_11784,YKS_TYT_AYT,11,Telefonla Dağılan,400,11.5,6,0.64,62.2,0.44,6.7,0.29,0
STU_11785,YKS_TYT_AYT,12,Kaygıyla Erteleyen,393,50.4,0,0.88,90.6,0.68,9.0,0.28,1
STU_11786,YKS_TYT_AYT,12,Yarıda Bırakan,346,22.6,3,0.18,42.1,0.41,5.6,0.15,0
STU_11787,YKS_TYT_AYT,Mezun,Başlayamayan,127,16.6,3,0.28,54.6,0.61,6.1,0.48,1
STU_11788,LGS,8,Başlayamayan,77,16.8,2,0.15,55.6,0.79,5.5,0.63,1
STU_11789,YKS_TYT_AYT,Mezun,Telefonla Dağılan,526,19.8,6,0.44,66.4,0.83,5.7,0.64,0
STU_11790,LGS,8,Geceye Kayan,468,36.2,4,0.45,85.9,0.45,3.0,0.95,0
STU_11791,YKS_TYT_AYT,12,Telefonla Dağılan,381,20.8,9,0.59,45.5,0.71,5.5,0.54,0
STU_11792,YKS_TYT_AYT,11,Başlayamayan,179,11.5,2,0.13,48.6,0.75,8.1,0.25,1
STU_11793,YKS_TYT_AYT,12,Başlayamayan,162,7.7,0,0.18,33.9,0.79,8.0,0.12,1
STU_11794,LGS,8,Kaygıyla Erteleyen,261,37.2,1,0.85,44.6,0.81,9.8,0.63,0
STU_11795,LGS,8,Kaygıyla Erteleyen,292,23.7,0,0.82,76.6,0.94,10.0,0.16,0
STU_11796,YKS_TYT_AYT,12,Telefonla Dağılan,593,25.9,10,0.78,37.9,0.38,5.4,0.46,1
STU_11797,LGS,8,Telefonla Dağılan,392,21.9,8,0.49,62.8,0.67,4.0,0.76,1
STU_11798,LGS,8,Başlayamayan,85,3.4,0,0.09,43.5,0.9,9.2,0.53,1
STU_11799,LGS,8,Kaygıyla Erteleyen,199,24.5,2,0.79,72.4,0.69,7.2,0.19,0
STU_11800,YKS_TYT_AYT,11,Kaygıyla Erteleyen,265,27.9,2,0.29,68.7,0.74,8.1,0.3,1
STU_11801,YKS_TYT_AYT,Mezun,Yarıda Bırakan,241,22.8,6,0.24,50.6,0.68,4.4,0.38,0
STU_11802,LGS,8,Telefonla Dağılan,534,15.7,7,0.41,48.6,0.61,4.4,0.53,1
STU_11803,LGS,8,Başlayamayan,136,5.7,2,0.25,44.3,0.92,7.1,0.01,1
STU_11804,LGS,8,Başlayamayan,120,11.8,2,0.57,36.1,0.45,6.6,0.28,1
STU_11805,YKS_TYT_AYT,12,Başlayamayan,204,15.9,1,0.17,60.4,0.74,7.5,0.15,1
STU_11806,YKS_TYT_AYT,12,Başlayamayan,103,13.1,0,0.42,40.8,0.78,6.6,0.71,1
STU_11807,LGS,8,Yarıda Bırakan,219,11.1,4,0.43,58.1,0.55,5.6,0.43,1
STU_11808,LGS,8,Yarıda Bırakan,293,12.4,2,0.3,53.1,0.4,5.6,0.13,0
STU_11809,LGS,8,Telefonla Dağılan,620,15.3,2,0.42,58.6,0.71,5.3,0.76,0
STU_11810,YKS_TYT_AYT,Mezun,Telefonla Dağılan,376,19.8,10,0.67,75.1,0.36,3.8,0.47,1
STU_11811,YKS_TYT_AYT,Mezun,Yarıda Bırakan,155,27.6,1,0.04,52.3,0.59,5.4,0.63,1
STU_11812,LGS,8,Başlayamayan,95,9.5,1,0.22,35.4,0.74,6.0,0.27,0
STU_11813,LGS,8,Telefonla Dağılan,742,27.2,3,0.61,81.9,0.12,4.1,0.79,0
STU_11814,LGS,8,Yarıda Bırakan,253,19.3,3,0.57,65.6,0.49,5.6,0.57,1
STU_11815,YKS_TYT_AYT,11,Yarıda Bırakan,215,10.4,3,0.3,47.6,0.63,5.0,0.21,1
STU_11816,LGS,8,Kaygıyla Erteleyen,169,20.8,2,0.76,62.0,0.66,8.5,0.36,1
STU_11817,YKS_TYT_AYT,12,Telefonla Dağılan,367,27.7,8,0.75,52.3,0.62,5.2,0.37,0
STU_11818,YKS_TYT_AYT,Mezun,Kaygıyla Erteleyen,279,39.9,2,0.66,92.8,0.83,9.5,0.02,0
STU_11819,LGS,8,Telefonla Dağılan,394,20.8,7,0.24,64.8,0.38,1.8,0.63,1
STU_11820,LGS,8,Başlayamayan,87,13.3,1,0.54,62.3,0.51,5.3,0.47,1
STU_11821,LGS,8,Telefonla Dağılan,416,28.3,4,0.47,49.4,0.25,3.8,0.5,1
STU_11822,YKS_TYT_AYT,12,Başlayamayan,150,11.8,4,0.24,47.3,0.41,6.3,0.28,0
STU_11823,YKS_TYT_AYT,11,Yarıda Bırakan,236,8.2,1,0.35,42.8,0.57,3.3,0.85,0
STU_11824,YKS_TYT_AYT,Mezun,Başlayamayan,110,8.7,3,0.18,57.5,0.28,8.2,0.3,0
STU_11825,YKS_TYT_AYT,12,Kaygıyla Erteleyen,247,33.1,2,0.55,51.0,0.71,8.7,0.03,1
STU_11826,LGS,8,Başlayamayan,90,11.2,0,0.43,54.7,0.93,9.5,0.24,1
STU_11827,YKS_TYT_AYT,11,Geceye Kayan,568,37.1,4,0.81,80.0,0.29,4.3,0.64,0
STU_11828,YKS_TYT_AYT,12,Kaygıyla Erteleyen,204,19.7,2,0.81,54.1,0.6,10.0,0.07,0
STU_11829,LGS,8,Yarıda Bırakan,144,23.6,6,0.46,49.7,0.57,5.6,0.23,1
STU_11830,YKS_TYT_AYT,11,Telefonla Dağılan,553,26.0,6,0.69,55.5,0.28,3.0,0.57,1
STU_11831,YKS_TYT_AYT,11,Telefonla Dağılan,546,16.3,6,0.57,60.6,0.39,5.9,0.47,0
STU_11832,YKS_TYT_AYT,Mezun,Kaygıyla Erteleyen,248,27.4,2,0.79,59.0,0.72,9.3,0.46,1
STU_11833,YKS_TYT_AYT,11,Yarıda Bırakan,129,23.0,2,0.29,67.7,0.52,3.5,0.09,1
STU_11834,YKS_TYT_AYT,11,Kaygıyla Erteleyen,216,45.7,3,0.68,81.9,0.98,6.2,0.14,0
STU_11835,YKS_TYT_AYT,12,Yarıda Bırakan,250,13.5,1,0.53,61.8,0.57,4.4,0.37,0
STU_11836,LGS,8,Geceye Kayan,685,24.1,6,0.29,79.6,0.33,4.7,0.67,0
STU_11837,LGS,8,Telefonla Dağılan,447,29.0,14,0.64,94.5,0.52,6.7,0.69,0
STU_11838,YKS_TYT_AYT,12,Yarıda Bırakan,245,19.8,2,0.21,58.5,0.29,6.9,0.3,0
STU_11839,LGS,8,Kaygıyla Erteleyen,374,40.0,0,0.64,57.0,0.75,7.5,0.25,0
STU_11840,LGS,8,Kaygıyla Erteleyen,322,37.4,2,0.85,48.9,0.95,8.3,0.05,0
STU_11841,YKS_TYT_AYT,11,Telefonla Dağılan,538,29.9,7,0.68,46.5,0.69,2.9,0.91,1
STU_11842,YKS_TYT_AYT,Mezun,Başlayamayan,44,10.6,1,0.14,41.1,0.83,5.7,0.52,1
STU_11843,YKS_TYT_AYT,11,Yarıda Bırakan,213,17.1,2,0.5,54.9,0.75,3.1,0.49,0
STU_11844,YKS_TYT_AYT,11,Geceye Kayan,470,34.6,4,0.58,75.7,0.5,5.4,0.78,0
STU_11845,LGS,8,Kaygıyla Erteleyen,356,36.7,2,0.94,77.7,0.73,10.0,0.62,0
STU_11846,LGS,8,Kaygıyla Erteleyen,298,25.2,2,0.89,100.0,0.96,9.6,0.14,0
STU_11847,LGS,8,Başlayamayan,86,6.0,2,0.13,41.3,0.94,3.5,0.4,1
STU_11848,YKS_TYT_AYT,12,Yarıda Bırakan,398,17.6,3,0.38,67.8,0.56,6.3,0.13,1
STU_11849,YKS_TYT_AYT,11,Telefonla Dağılan,621,25.8,4,0.67,68.7,0.6,1.7,0.36,0
STU_11850,LGS,8,Kaygıyla Erteleyen,397,26.2,2,0.81,56.7,0.68,6.9,0.35,1
STU_11851,YKS_TYT_AYT,12,Başlayamayan,154,3.0,2,0.25,19.6,0.92,5.2,0.54,0
STU_11852,YKS_TYT_AYT,12,Kaygıyla Erteleyen,221,13.7,1,0.62,63.4,0.5,7.8,0.23,1
STU_11853,YKS_TYT_AYT,12,Telefonla Dağılan,363,19.0,9,0.76,38.4,0.72,2.0,0.3,0
STU_11854,YKS_TYT_AYT,12,Başlayamayan,63,13.2,2,0.22,56.1,0.89,5.4,0.38,1
STU_11855,LGS,8,Yarıda Bırakan,217,7.3,0,0.34,63.5,0.53,4.8,0.56,1
STU_11856,YKS_TYT_AYT,12,Yarıda Bırakan,267,23.7,1,0.6,65.5,0.17,4.5,0.49,0
STU_11857,YKS_TYT_AYT,11,Telefonla Dağılan,523,14.8,3,0.69,52.7,0.37,3.9,0.55,0
STU_11858,YKS_TYT_AYT,12,Başlayamayan,156,17.4,2,0.3,48.7,0.39,6.9,0.47,1
STU_11859,YKS_TYT_AYT,Mezun,Başlayamayan,132,9.0,2,0.75,46.9,0.75,6.9,0.19,1
STU_11860,YKS_TYT_AYT,Mezun,Kaygıyla Erteleyen,433,25.4,4,0.69,91.2,0.83,10.0,0.38,0
STU_11861,YKS_TYT_AYT,Mezun,Başlayamayan,133,9.5,0,0.29,34.7,0.85,7.1,0.32,0
STU_11862,LGS,8,Yarıda Bırakan,400,10.9,1,0.64,53.9,0.61,3.8,0.56,1
STU_11863,YKS_TYT_AYT,12,Yarıda Bırakan,259,19.0,4,0.13,22.5,0.53,6.1,0.27,1
STU_11864,YKS_TYT_AYT,12,Telefonla Dağılan,328,27.2,5,0.56,76.6,0.47,2.6,0.31,0
STU_11865,YKS_TYT_AYT,12,Kaygıyla Erteleyen,351,39.5,3,0.88,89.1,0.93,8.5,0.62,1
STU_11866,LGS,8,Yarıda Bırakan,225,16.9,2,0.7,47.7,0.59,4.6,0.13,1
STU_11867,LGS,8,Kaygıyla Erteleyen,307,26.5,2,0.54,40.0,0.45,7.9,0.67,0
STU_11868,LGS,8,Telefonla Dağılan,427,21.9,6,0.66,41.6,0.45,5.0,0.22,1
STU_11869,YKS_TYT_AYT,12,Başlayamayan,63,11.1,0,0.11,22.6,0.88,4.5,0.04,1
STU_11870,YKS_TYT_AYT,12,Başlayamayan,124,14.3,1,0.38,49.8,0.68,4.9,0.22,1
STU_11871,LGS,8,Yarıda Bırakan,157,11.1,1,0.23,37.9,0.57,3.3,0.31,1
STU_11872,YKS_TYT_AYT,11,Yarıda Bırakan,297,16.5,3,0.34,54.3,0.78,4.9,0.31,1
STU_11873,YKS_TYT_AYT,12,Telefonla Dağılan,454,29.6,5,0.61,65.6,0.64,4.3,0.42,0
STU_11874,YKS_TYT_AYT,Mezun,Telefonla Dağılan,622,21.4,6,0.56,61.5,0.28,6.0,0.69,1
STU_11875,YKS_TYT_AYT,12,Yarıda Bırakan,183,11.5,1,0.28,72.9,0.75,3.3,0.03,1
STU_11876,YKS_TYT_AYT,12,Başlayamayan,106,15.1,1,0.56,49.4,0.78,10.0,0.15,0
STU_11877,YKS_TYT_AYT,11,Yarıda Bırakan,311,15.4,3,0.12,50.7,0.72,4.5,0.58,1
STU_11878,LGS,8,Telefonla Dağılan,425,19.5,11,0.85,59.4,0.47,5.7,0.67,0
STU_11879,YKS_TYT_AYT,Mezun,Yarıda Bırakan,248,25.7,4,0.26,48.3,0.68,5.7,0.37,0
STU_11880,YKS_TYT_AYT,12,Telefonla Dağılan,604,13.1,4,0.57,74.2,0.28,5.1,0.58,0
STU_11881,YKS_TYT_AYT,12,Başlayamayan,97,10.9,2,0.16,39.7,0.87,3.9,0.65,1
STU_11882,YKS_TYT_AYT,11,Telefonla Dağılan,501,27.8,9,0.21,62.1,0.48,5.3,0.9,1
STU_11883,YKS_TYT_AYT,11,Kaygıyla Erteleyen,393,21.6,1,0.77,61.1,0.92,8.9,0.24,0
STU_11884,LGS,8,Yarıda Bırakan,334,13.3,6,0.52,56.0,0.38,6.4,0.15,1
STU_11885,YKS_TYT_AYT,12,Telefonla Dağılan,598,23.5,5,0.57,60.3,0.18,3.3,0.82,0
STU_11886,LGS,8,Geceye Kayan,569,34.1,5,0.61,64.9,0.09,7.8,0.7,0
STU_11887,LGS,8,Yarıda Bırakan,225,10.2,2,0.42,51.3,0.56,7.1,0.21,1
STU_11888,YKS_TYT_AYT,12,Telefonla Dağılan,570,22.0,5,0.77,45.7,0.57,4.8,0.4,0
STU_11889,YKS_TYT_AYT,Mezun,Başlayamayan,95,5.4,0,0.37,41.7,0.7,3.1,0.37,0
STU_11890,LGS,8,Telefonla Dağılan,504,21.7,5,0.49,44.7,0.45,4.0,0.3,1
STU_11891,LGS,8,Başlayamayan,97,8.4,2,0.16,42.7,0.93,7.7,0.36,0
STU_11892,YKS_TYT_AYT,12,Geceye Kayan,802,20.7,4,0.51,64.1,0.36,7.2,0.72,1
STU_11893,LGS,8,Telefonla Dağılan,553,28.5,4,0.81,57.1,0.62,3.3,0.18,0
STU_11894,YKS_TYT_AYT,12,Kaygıyla Erteleyen,361,22.4,1,0.58,81.5,0.7,9.8,0.57,1
STU_11895,YKS_TYT_AYT,Mezun,Telefonla Dağılan,645,24.6,4,0.37,75.0,0.58,4.1,0.25,0
STU_11896,YKS_TYT_AYT,12,Telefonla Dağılan,502,29.9,7,0.35,54.7,0.4,5.3,0.38,0
STU_11897,LGS,8,Yarıda Bırakan,232,13.9,3,0.66,48.5,0.51,3.9,0.19,0
STU_11898,LGS,8,Kaygıyla Erteleyen,519,33.2,1,0.83,66.4,0.48,9.8,0.27,1
STU_11899,YKS_TYT_AYT,11,Geceye Kayan,658,38.1,3,0.51,71.9,0.26,7.1,0.76,0
STU_11900,YKS_TYT_AYT,12,Telefonla Dağılan,669,13.5,2,0.47,53.5,0.51,3.5,0.18,1
STU_11901,LGS,8,Geceye Kayan,564,32.6,8,0.89,58.9,0.43,5.1,0.88,1
STU_11902,YKS_TYT_AYT,Mezun,Telefonla Dağılan,484,25.3,4,0.45,65.3,0.41,5.3,0.5,1
STU_11903,LGS,8,Telefonla Dağılan,413,28.0,7,0.12,66.0,0.39,6.2,0.59,0
STU_11904,YKS_TYT_AYT,12,Yarıda Bırakan,232,20.1,3,0.38,66.9,0.21,8.1,0.18,1
STU_11905,LGS,8,Başlayamayan,98,19.0,0,0.26,36.8,0.84,6.6,0.54,1
STU_11906,YKS_TYT_AYT,11,Başlayamayan,150,12.2,2,0.2,45.8,0.74,6.2,0.19,1
STU_11907,LGS,8,Yarıda Bırakan,256,16.1,2,0.46,63.3,0.08,5.1,0.63,0
STU_11908,LGS,8,Telefonla Dağılan,486,41.3,11,0.68,65.6,0.43,1.0,0.31,0
STU_11909,LGS,8,Yarıda Bırakan,206,9.9,1,0.46,60.3,0.6,5.5,0.38,0
STU_11910,LGS,8,Yarıda Bırakan,302,22.0,3,0.42,38.4,0.34,4.7,0.33,0
STU_11911,YKS_TYT_AYT,11,Geceye Kayan,654,46.4,4,0.63,64.5,0.17,3.4,0.9,0
STU_11912,YKS_TYT_AYT,12,Yarıda Bırakan,244,13.8,5,0.33,49.9,0.69,6.0,0.45,1
STU_11913,LGS,8,Yarıda Bırakan,275,14.0,3,0.59,64.4,0.61,6.1,0.23,0
STU_11914,YKS_TYT_AYT,11,Başlayamayan,174,15.9,1,0.33,50.8,0.66,4.0,0.06,0
STU_11915,YKS_TYT_AYT,Mezun,Başlayamayan,146,14.0,1,0.27,57.9,0.66,5.9,0.39,1
STU_11916,YKS_TYT_AYT,11,Kaygıyla Erteleyen,458,18.1,5,0.52,77.5,0.78,8.7,0.44,1
STU_11917,YKS_TYT_AYT,11,Telefonla Dağılan,503,25.4,3,0.69,62.0,0.23,2.6,0.5,1
STU_11918,LGS,8,Kaygıyla Erteleyen,379,23.1,3,0.59,68.9,0.59,9.5,0.47,0
STU_11919,LGS,8,Başlayamayan,78,15.4,0,0.04,68.0,0.94,6.2,0.33,1
STU_11920,YKS_TYT_AYT,12,Telefonla Dağılan,383,20.2,9,0.63,70.6,0.27,1.9,0.67,1
STU_11921,LGS,8,Yarıda Bırakan,287,10.3,2,0.31,83.6,0.3,4.3,0.27,1
STU_11922,YKS_TYT_AYT,11,Yarıda Bırakan,244,25.4,1,0.53,52.6,0.46,6.0,0.23,1
STU_11923,LGS,8,Başlayamayan,103,9.8,1,0.25,68.8,0.34,6.6,0.2,1
STU_11924,YKS_TYT_AYT,12,Başlayamayan,137,5.8,3,0.47,45.5,0.45,7.4,0.47,1
STU_11925,LGS,8,Yarıda Bırakan,238,15.9,2,0.71,50.8,0.23,2.9,0.38,1
STU_11926,YKS_TYT_AYT,Mezun,Başlayamayan,104,13.7,0,0.18,71.5,0.38,3.9,0.48,1
STU_11927,YKS_TYT_AYT,11,Geceye Kayan,494,28.4,3,0.52,73.0,0.2,5.6,0.66,0
STU_11928,YKS_TYT_AYT,12,Yarıda Bırakan,294,23.2,4,0.27,65.8,0.69,5.0,0.12,1
STU_11929,LGS,8,Başlayamayan,97,13.7,2,0.37,30.5,0.52,7.2,0.4,1
STU_11930,YKS_TYT_AYT,12,Başlayamayan,90,7.7,2,0.26,45.7,0.74,5.3,0.38,1
STU_11931,YKS_TYT_AYT,Mezun,Telefonla Dağılan,527,19.1,5,0.91,52.9,0.39,4.9,0.42,1
STU_11932,YKS_TYT_AYT,11,Başlayamayan,73,6.6,0,0.2,49.6,0.85,6.0,0.51,0
STU_11933,YKS_TYT_AYT,Mezun,Kaygıyla Erteleyen,344,18.0,3,0.77,76.8,0.77,10.0,0.35,1
STU_11934,YKS_TYT_AYT,12,Geceye Kayan,651,32.8,2,0.81,73.9,0.24,3.6,0.77,1
STU_11935,YKS_TYT_AYT,Mezun,Yarıda Bırakan,203,13.3,2,0.29,64.7,0.1,8.6,0.55,0
STU_11936,LGS,8,Yarıda Bırakan,206,16.9,1,0.32,66.2,0.35,2.8,0.33,0
STU_11937,YKS_TYT_AYT,12,Başlayamayan,115,11.0,2,0.67,37.9,0.85,6.4,0.46,0
STU_11938,YKS_TYT_AYT,Mezun,Telefonla Dağılan,338,24.9,7,0.78,46.4,0.45,4.4,0.94,0
STU_11939,LGS,8,Yarıda Bırakan,303,19.0,2,0.42,66.0,0.63,3.3,0.09,1
STU_11940,LGS,8,Yarıda Bırakan,260,27.3,1,0.25,62.3,0.56,5.5,0.13,1
STU_11941,LGS,8,Başlayamayan,121,10.8,1,0.22,48.3,0.3,5.0,0.59,1
STU_11942,YKS_TYT_AYT,12,Telefonla Dağılan,253,27.1,7,0.65,77.6,0.49,5.8,0.21,1
STU_11943,YKS_TYT_AYT,Mezun,Yarıda Bırakan,384,29.6,3,0.19,46.0,0.47,5.4,0.16,1
STU_11944,YKS_TYT_AYT,11,Başlayamayan,96,12.8,0,0.27,39.9,0.48,3.8,0.11,1
STU_11945,YKS_TYT_AYT,12,Telefonla Dağılan,549,23.0,11,0.58,54.7,0.38,5.3,0.89,1
STU_11946,YKS_TYT_AYT,12,Telefonla Dağılan,501,24.2,11,0.58,61.0,0.3,4.6,0.32,0
STU_11947,LGS,8,Kaygıyla Erteleyen,358,26.3,3,0.95,40.5,0.84,7.9,0.24,0
STU_11948,LGS,8,Başlayamayan,69,11.4,1,0.27,68.7,0.44,6.1,0.33,1
STU_11949,YKS_TYT_AYT,12,Kaygıyla Erteleyen,316,22.7,1,0.81,65.3,0.44,7.3,0.23,1
STU_11950,LGS,8,Telefonla Dağılan,516,29.0,7,0.65,87.4,0.21,5.5,0.28,1
STU_11951,LGS,8,Başlayamayan,124,4.7,2,0.21,58.5,0.71,6.7,0.25,0
STU_11952,YKS_TYT_AYT,12,Telefonla Dağılan,388,30.7,2,0.68,52.0,0.23,2.9,0.3,0
STU_11953,YKS_TYT_AYT,12,Yarıda Bırakan,177,21.5,3,0.23,52.7,0.53,3.8,0.74,1
STU_11954,YKS_TYT_AYT,Mezun,Geceye Kayan,568,21.1,5,0.71,45.4,0.3,6.8,0.89,0
STU_11955,YKS_TYT_AYT,12,Başlayamayan,89,8.9,2,0.11,62.0,0.79,7.0,0.06,1
STU_11956,YKS_TYT_AYT,Mezun,Telefonla Dağılan,543,20.2,3,0.68,40.4,0.21,4.9,0.64,1
STU_11957,YKS_TYT_AYT,12,Yarıda Bırakan,309,12.2,1,0.33,62.0,0.46,3.7,0.32,1
STU_11958,YKS_TYT_AYT,Mezun,Geceye Kayan,489,33.5,4,0.35,63.5,0.41,7.5,0.74,1
STU_11959,YKS_TYT_AYT,11,Yarıda Bırakan,243,11.3,2,0.2,53.4,0.22,5.2,0.16,0
STU_11960,LGS,8,Geceye Kayan,559,24.5,5,0.58,75.0,0.25,4.6,0.94,0
STU_11961,LGS,8,Geceye Kayan,680,34.5,4,0.71,66.2,0.3,6.1,0.86,0
STU_11962,YKS_TYT_AYT,12,Yarıda Bırakan,241,18.6,2,0.63,49.0,0.46,4.4,0.3,0
STU_11963,LGS,8,Kaygıyla Erteleyen,162,17.4,2,0.53,63.5,0.79,8.6,0.46,1
STU_11964,YKS_TYT_AYT,12,Geceye Kayan,678,29.3,6,0.42,83.5,0.32,5.6,0.52,0
STU_11965,YKS_TYT_AYT,12,Yarıda Bırakan,353,30.3,1,0.56,57.3,0.48,5.9,0.16,0
STU_11966,LGS,8,Yarıda Bırakan,242,16.1,2,0.59,71.7,0.63,5.0,0.62,0
STU_11967,LGS,8,Telefonla Dağılan,420,24.8,5,0.55,63.4,0.52,3.5,0.7,1
STU_11968,LGS,8,Yarıda Bırakan,266,25.7,2,0.58,43.0,0.59,4.4,0.5,0
STU_11969,LGS,8,Başlayamayan,206,5.8,0,0.34,54.0,0.76,6.9,0.25,0
STU_11970,LGS,8,Yarıda Bırakan,205,16.2,2,0.21,48.7,0.43,5.6,0.41,1
STU_11971,YKS_TYT_AYT,12,Yarıda Bırakan,185,16.6,2,0.22,41.6,0.15,3.4,0.22,0
STU_11972,LGS,8,Yarıda Bırakan,256,24.3,6,0.25,65.1,0.18,6.1,0.47,0
STU_11973,YKS_TYT_AYT,12,Başlayamayan,129,14.3,1,0.21,45.3,0.79,6.2,0.4,1
STU_11974,LGS,8,Kaygıyla Erteleyen,341,28.9,6,0.67,73.3,0.64,10.0,0.63,1
STU_11975,YKS_TYT_AYT,11,Telefonla Dağılan,672,27.1,6,0.59,57.1,0.32,6.0,0.43,1
STU_11976,LGS,8,Başlayamayan,52,15.0,1,0.23,50.8,0.62,3.8,0.81,1
STU_11977,YKS_TYT_AYT,Mezun,Telefonla Dağılan,657,20.1,3,0.74,54.1,0.38,5.0,0.27,0
STU_11978,YKS_TYT_AYT,11,Telefonla Dağılan,561,38.7,3,0.19,67.0,0.11,3.7,0.42,1
STU_11979,YKS_TYT_AYT,12,Geceye Kayan,612,25.2,4,0.91,64.2,0.17,5.7,0.95,0
STU_11980,LGS,8,Başlayamayan,113,7.8,3,0.34,52.4,0.51,4.2,0.43,0
STU_11981,YKS_TYT_AYT,12,Yarıda Bırakan,130,18.3,2,0.56,59.7,0.66,5.3,0.68,0
STU_11982,YKS_TYT_AYT,12,Geceye Kayan,697,46.7,0,0.61,80.7,0.6,8.3,0.59,1
STU_11983,YKS_TYT_AYT,12,Geceye Kayan,403,40.0,5,0.69,75.0,0.19,5.6,0.92,1
STU_11984,LGS,8,Telefonla Dağılan,642,23.7,3,0.79,56.2,0.35,4.9,0.51,1
STU_11985,LGS,8,Kaygıyla Erteleyen,419,30.3,2,0.34,41.9,0.75,9.8,0.09,0
STU_11986,YKS_TYT_AYT,12,Başlayamayan,124,19.9,3,0.15,47.7,0.51,6.6,0.18,1
STU_11987,YKS_TYT_AYT,12,Telefonla Dağılan,626,19.3,4,0.6,67.1,0.38,3.1,0.25,0
STU_11988,YKS_TYT_AYT,11,Yarıda Bırakan,411,21.0,3,0.45,64.4,0.5,5.3,0.19,1
STU_11989,YKS_TYT_AYT,12,Başlayamayan,64,10.3,2,0.41,37.8,0.81,9.2,0.67,0
STU_11990,YKS_TYT_AYT,Mezun,Kaygıyla Erteleyen,440,9.3,2,0.82,86.7,0.59,9.8,0.48,1
STU_11991,LGS,8,Başlayamayan,113,7.5,2,0.2,57.3,0.8,6.9,0.27,0
STU_11992,YKS_TYT_AYT,12,Yarıda Bırakan,222,22.7,3,0.56,44.2,0.64,4.3,0.71,0
STU_11993,LGS,8,Geceye Kayan,561,35.8,3,0.5,81.9,0.75,5.5,0.99,0
STU_11994,YKS_TYT_AYT,12,Başlayamayan,174,15.4,2,0.69,43.1,0.8,7.2,0.39,1
STU_11995,YKS_TYT_AYT,12,Geceye Kayan,379,28.2,6,0.6,57.5,0.43,4.0,0.84,0
STU_11996,YKS_TYT_AYT,12,Geceye Kayan,545,21.9,4,0.44,76.1,0.29,5.4,0.92,1
STU_11997,LGS,8,Telefonla Dağılan,430,27.9,6,0.31,70.7,0.46,2.7,0.22,0
STU_11998,LGS,8,Başlayamayan,79,17.1,1,0.16,43.2,0.85,6.3,0.09,1
STU_11999,LGS,8,Yarıda Bırakan,248,18.1,3,0.69,60.7,0.77,4.4,0.17,0
STU_12000,LGS,8,Yarıda Bırakan,236,20.6,4,0.62,66.3,0.72,2.8,0.41,1
STU_12001,LGS,8,Yarıda Bırakan,219,21.2,2,0.5,52.4,0.34,4.4,0.39,0
STU_12002,YKS_TYT_AYT,12,Yarıda Bırakan,268,18.5,3,0.71,52.0,0.8,5.5,0.09,1
STU_12003,LGS,8,Geceye Kayan,628,41.7,1,0.46,68.4,0.59,8.2,0.86,1
STU_12004,LGS,8,Başlayamayan,127,12.4,2,0.23,49.3,0.74,6.7,0.23,0
STU_12005,YKS_TYT_AYT,12,Telefonla Dağılan,805,26.2,2,0.71,60.7,0.55,4.5,0.4,0
STU_12006,YKS_TYT_AYT,11,Başlayamayan,84,11.7,0,0.27,38.3,0.87,5.3,0.39,0
STU_12007,YKS_TYT_AYT,12,Telefonla Dağılan,574,27.7,11,0.81,74.5,0.41,5.2,0.3,1
STU_12008,LGS,8,Geceye Kayan,606,33.5,1,0.77,69.1,0.33,5.4,0.73,1
STU_12009,YKS_TYT_AYT,Mezun,Yarıda Bırakan,359,15.4,1,0.44,47.7,0.66,3.6,0.19,1
STU_12010,LGS,8,Başlayamayan,132,9.4,4,0.43,49.3,0.83,8.1,0.31,1
STU_12011,LGS,8,Telefonla Dağılan,332,28.9,6,0.73,61.9,0.76,7.6,0.31,0
STU_12012,YKS_TYT_AYT,12,Telefonla Dağılan,456,35.7,4,0.7,62.6,0.3,6.9,0.36,1
STU_12013,LGS,8,Telefonla Dağılan,437,13.7,4,0.88,58.5,0.51,2.4,0.49,1
STU_12014,YKS_TYT_AYT,Mezun,Yarıda Bırakan,295,25.7,1,0.45,51.0,0.5,4.6,0.25,0
STU_12015,LGS,8,Yarıda Bırakan,240,16.8,2,0.36,54.6,0.48,6.1,0.3,0
STU_12016,LGS,8,Geceye Kayan,596,37.4,4,0.46,47.2,0.46,4.6,0.79,0
STU_12017,YKS_TYT_AYT,12,Geceye Kayan,517,26.3,5,0.41,68.6,0.09,4.7,0.69,1
STU_12018,LGS,8,Yarıda Bırakan,175,14.1,5,0.06,44.5,0.32,5.5,0.27,1
STU_12019,YKS_TYT_AYT,12,Kaygıyla Erteleyen,319,29.5,2,0.64,82.5,0.68,6.5,0.56,0
STU_12020,YKS_TYT_AYT,11,Yarıda Bırakan,237,30.3,4,0.07,63.4,0.37,5.3,0.57,1
STU_12021,YKS_TYT_AYT,11,Yarıda Bırakan,119,16.3,2,0.45,69.1,0.48,6.4,0.26,1
STU_12022,YKS_TYT_AYT,12,Başlayamayan,78,16.1,1,0.24,70.0,0.72,6.6,0.2,1
STU_12023,LGS,8,Yarıda Bırakan,183,18.4,3,0.79,39.6,0.57,5.3,0.5,1
STU_12024,LGS,8,Telefonla Dağılan,501,22.3,4,0.33,51.9,0.48,5.2,0.2,0
STU_12025,LGS,8,Başlayamayan,92,14.7,0,0.08,52.8,0.82,6.0,0.49,1
STU_12026,YKS_TYT_AYT,11,Yarıda Bırakan,237,16.1,3,0.87,65.1,0.57,4.8,0.22,1
STU_12027,YKS_TYT_AYT,12,Kaygıyla Erteleyen,330,33.4,3,0.92,51.0,0.79,7.5,0.19,0
STU_12028,LGS,8,Telefonla Dağılan,534,30.6,4,0.76,52.2,0.36,2.0,0.09,1
STU_12029,YKS_TYT_AYT,12,Telefonla Dağılan,667,15.4,9,0.85,46.8,0.2,3.5,0.78,1
STU_12030,LGS,8,Geceye Kayan,438,27.7,2,0.34,72.4,0.04,7.8,0.81,0
STU_12031,YKS_TYT_AYT,12,Başlayamayan,140,7.5,4,0.27,68.7,0.44,6.6,0.31,1
STU_12032,YKS_TYT_AYT,11,Telefonla Dağılan,385,24.2,5,0.59,72.6,0.49,5.4,0.25,0
STU_12033,YKS_TYT_AYT,Mezun,Kaygıyla Erteleyen,186,29.9,2,0.51,74.2,0.85,8.1,0.22,1
STU_12034,YKS_TYT_AYT,12,Telefonla Dağılan,443,17.7,7,0.33,65.3,0.18,5.5,0.18,1
STU_12035,LGS,8,Yarıda Bırakan,172,16.6,3,0.53,46.0,0.75,6.1,0.21,0
STU_12036,LGS,8,Başlayamayan,117,11.7,2,0.06,38.5,0.73,9.2,0.44,1
STU_12037,LGS,8,Geceye Kayan,653,29.2,6,0.84,68.7,0.23,4.9,0.88,1
STU_12038,LGS,8,Telefonla Dağılan,454,26.8,9,0.76,61.9,0.23,5.2,0.67,1
STU_12039,LGS,8,Kaygıyla Erteleyen,246,16.7,2,0.54,77.4,0.6,8.4,0.44,0
STU_12040,YKS_TYT_AYT,12,Telefonla Dağılan,473,34.3,6,0.44,39.3,0.49,5.7,0.74,1
STU_12041,YKS_TYT_AYT,11,Telefonla Dağılan,537,21.7,4,0.22,49.2,0.05,5.7,0.39,0
STU_12042,YKS_TYT_AYT,11,Kaygıyla Erteleyen,340,35.2,2,0.77,55.6,0.71,9.3,0.37,1
STU_12043,LGS,8,Telefonla Dağılan,493,30.3,9,0.91,58.7,0.42,2.4,0.72,0
STU_12044,YKS_TYT_AYT,12,Yarıda Bırakan,142,22.4,0,0.11,62.9,0.47,6.6,0.37,0
STU_12045,YKS_TYT_AYT,11,Telefonla Dağılan,503,19.1,5,0.43,59.1,0.3,5.4,0.5,1
STU_12046,LGS,8,Kaygıyla Erteleyen,188,34.5,1,0.77,85.0,0.47,9.4,0.38,1
STU_12047,YKS_TYT_AYT,12,Yarıda Bırakan,192,27.2,6,0.32,44.6,0.33,3.8,0.3,1
STU_12048,YKS_TYT_AYT,12,Yarıda Bırakan,263,26.9,3,0.28,56.6,0.41,5.9,0.24,0
STU_12049,LGS,8,Başlayamayan,156,13.3,5,0.21,38.9,0.54,3.5,0.42,1
STU_12050,YKS_TYT_AYT,12,Geceye Kayan,677,36.1,4,0.63,70.0,0.3,6.6,0.61,0
STU_12051,YKS_TYT_AYT,11,Başlayamayan,168,11.6,1,0.12,62.6,0.96,6.4,0.22,0
STU_12052,LGS,8,Telefonla Dağılan,528,18.4,7,0.44,71.8,0.52,5.9,0.69,0
STU_12053,YKS_TYT_AYT,Mezun,Yarıda Bırakan,234,20.1,4,0.23,59.4,0.4,4.2,0.29,1
STU_12054,YKS_TYT_AYT,12,Yarıda Bırakan,284,14.8,1,0.26,56.6,0.57,5.7,0.31,1
STU_12055,YKS_TYT_AYT,12,Telefonla Dağılan,428,18.9,6,0.4,68.4,0.44,4.2,0.71,1
STU_12056,YKS_TYT_AYT,12,Başlayamayan,95,13.2,3,0.25,62.9,0.87,6.6,0.76,1
STU_12057,LGS,8,Telefonla Dağılan,549,19.5,9,0.87,58.0,0.26,5.8,0.57,0
STU_12058,YKS_TYT_AYT,Mezun,Kaygıyla Erteleyen,298,30.9,2,0.87,78.8,0.73,9.2,0.58,0
STU_12059,YKS_TYT_AYT,Mezun,Kaygıyla Erteleyen,395,17.2,1,0.55,62.0,0.8,10.0,0.43,0
STU_12060,LGS,8,Başlayamayan,167,6.2,0,0.09,46.4,0.78,8.1,0.14,1
STU_12061,YKS_TYT_AYT,12,Geceye Kayan,561,28.5,3,0.68,75.8,0.33,5.0,0.97,0
STU_12062,YKS_TYT_AYT,Mezun,Telefonla Dağılan,664,21.2,7,0.79,62.4,0.43,5.6,0.37,1
STU_12063,YKS_TYT_AYT,Mezun,Geceye Kayan,677,38.4,2,0.75,74.3,0.21,4.2,0.38,1
STU_12064,LGS,8,Telefonla Dağılan,624,24.6,6,0.84,44.3,0.42,4.7,0.8,1
STU_12065,YKS_TYT_AYT,12,Telefonla Dağılan,453,10.8,6,0.82,43.9,0.31,3.8,0.28,0
STU_12066,LGS,8,Geceye Kayan,912,10.7,3,0.59,64.6,0.45,5.1,0.96,0
STU_12067,LGS,8,Geceye Kayan,473,38.5,4,0.47,71.5,0.3,5.1,0.89,1
STU_12068,LGS,8,Yarıda Bırakan,213,19.3,1,0.23,67.4,0.6,3.9,0.27,0
STU_12069,LGS,8,Yarıda Bırakan,181,21.2,6,0.3,58.7,0.35,4.5,0.14,1
STU_12070,YKS_TYT_AYT,12,Yarıda Bırakan,204,17.0,1,0.38,55.9,0.85,4.6,0.5,1
STU_12071,YKS_TYT_AYT,12,Yarıda Bırakan,296,19.5,1,0.58,56.1,0.41,8.7,0.21,1
STU_12072,LGS,8,Yarıda Bırakan,308,20.4,1,0.48,72.7,0.45,7.0,0.09,0
STU_12073,YKS_TYT_AYT,Mezun,Yarıda Bırakan,238,14.0,1,0.67,35.8,0.64,4.7,0.08,1
STU_12074,YKS_TYT_AYT,11,Kaygıyla Erteleyen,216,13.9,0,0.75,54.0,0.9,8.9,0.38,1
STU_12075,YKS_TYT_AYT,12,Başlayamayan,94,27.0,3,0.07,53.3,0.83,7.8,0.33,0
STU_12076,LGS,8,Telefonla Dağılan,440,29.3,5,0.66,74.0,0.41,4.3,0.29,0
STU_12077,YKS_TYT_AYT,11,Başlayamayan,75,13.9,2,0.38,60.7,0.84,5.0,0.56,1
STU_12078,YKS_TYT_AYT,12,Yarıda Bırakan,324,28.4,4,0.45,64.3,0.44,6.8,0.29,1
STU_12079,YKS_TYT_AYT,12,Başlayamayan,173,4.5,1,0.55,36.6,0.67,5.5,0.19,0
STU_12080,LGS,8,Yarıda Bırakan,377,23.3,4,0.25,66.4,0.85,3.0,0.9,1
STU_12081,LGS,8,Kaygıyla Erteleyen,203,28.1,1,0.93,62.1,0.58,7.0,0.55,0
STU_12082,YKS_TYT_AYT,11,Geceye Kayan,658,36.7,0,0.77,71.5,0.21,7.0,0.82,1
STU_12083,YKS_TYT_AYT,12,Yarıda Bırakan,288,13.3,0,0.45,43.5,0.47,5.1,0.52,0
STU_12084,YKS_TYT_AYT,Mezun,Yarıda Bırakan,238,14.9,4,0.36,67.7,0.12,5.6,0.24,1
STU_12085,YKS_TYT_AYT,Mezun,Telefonla Dağılan,434,26.4,5,0.87,76.7,0.13,7.4,0.67,1
STU_12086,LGS,8,Kaygıyla Erteleyen,381,30.8,2,0.87,80.5,0.43,8.8,0.13,0
STU_12087,YKS_TYT_AYT,12,Kaygıyla Erteleyen,443,26.3,3,0.52,50.2,0.68,7.9,0.32,1
STU_12088,YKS_TYT_AYT,Mezun,Telefonla Dağılan,673,26.9,5,0.42,73.3,0.14,4.5,0.71,0
STU_12089,LGS,8,Telefonla Dağılan,630,22.5,10,0.47,71.2,0.12,3.8,0.47,0
STU_12090,YKS_TYT_AYT,Mezun,Kaygıyla Erteleyen,509,31.6,3,0.63,68.0,0.81,8.9,0.16,0
STU_12091,YKS_TYT_AYT,Mezun,Başlayamayan,161,20.7,1,0.4,26.1,0.62,8.6,0.08,0
STU_12092,LGS,8,Yarıda Bırakan,264,17.0,2,0.22,55.9,0.18,4.6,0.62,1
STU_12093,YKS_TYT_AYT,11,Geceye Kayan,656,36.3,3,0.88,58.7,0.26,8.7,0.71,1
STU_12094,LGS,8,Telefonla Dağılan,312,11.0,7,0.45,53.1,0.22,5.8,0.29,0
STU_12095,YKS_TYT_AYT,12,Telefonla Dağılan,666,27.0,7,0.61,49.4,0.24,4.1,0.52,1
STU_12096,YKS_TYT_AYT,11,Telefonla Dağılan,350,24.6,8,0.57,54.2,0.64,2.2,0.43,0
STU_12097,YKS_TYT_AYT,12,Yarıda Bırakan,301,16.0,5,0.35,71.5,0.51,3.3,0.37,1
STU_12098,YKS_TYT_AYT,12,Telefonla Dağılan,340,36.5,9,0.27,84.7,0.34,4.1,0.71,1
STU_12099,LGS,8,Telefonla Dağılan,627,33.7,7,0.33,60.6,0.37,7.0,0.1,0
STU_12100,YKS_TYT_AYT,12,Yarıda Bırakan,155,19.1,4,0.49,30.1,0.52,3.6,0.21,1
STU_12101,YKS_TYT_AYT,Mezun,Telefonla Dağılan,736,23.1,10,0.47,67.6,0.53,3.7,0.34,0
STU_12102,LGS,8,Kaygıyla Erteleyen,239,30.3,3,0.36,65.2,0.63,9.4,0.05,1
STU_12103,YKS_TYT_AYT,12,Başlayamayan,84,16.0,5,0.25,41.4,0.69,7.2,0.21,1
STU_12104,YKS_TYT_AYT,12,Yarıda Bırakan,252,19.5,1,0.13,83.3,0.15,6.4,0.13,0
STU_12105,LGS,8,Yarıda Bırakan,251,14.5,4,0.51,43.2,0.34,4.9,0.37,1
STU_12106,YKS_TYT_AYT,11,Telefonla Dağılan,541,26.9,3,0.69,52.4,0.43,4.5,0.34,0
STU_12107,YKS_TYT_AYT,Mezun,Yarıda Bırakan,183,13.0,4,0.26,45.8,0.13,3.9,0.62,0
STU_12108,LGS,8,Telefonla Dağılan,628,29.5,3,0.79,67.8,0.45,4.8,0.48,0
STU_12109,YKS_TYT_AYT,12,Kaygıyla Erteleyen,291,21.1,3,0.91,72.9,0.95,8.7,0.66,1
STU_12110,LGS,8,Yarıda Bırakan,143,11.3,4,0.54,48.6,0.18,5.3,0.53,1
STU_12111,LGS,8,Geceye Kayan,602,29.4,5,0.43,84.6,0.06,6.2,0.7,0
STU_12112,LGS,8,Geceye Kayan,443,35.0,4,0.78,76.3,0.17,7.2,0.79,1
STU_12113,YKS_TYT_AYT,12,Başlayamayan,116,14.0,2,0.36,43.3,0.47,4.7,0.11,0
STU_12114,YKS_TYT_AYT,12,Yarıda Bırakan,258,18.3,2,0.43,71.6,0.77,5.2,0.24,1
STU_12115,LGS,8,Geceye Kayan,615,18.7,4,0.53,81.1,0.14,5.5,0.96,0
STU_12116,YKS_TYT_AYT,12,Geceye Kayan,458,28.9,2,0.4,70.1,0.54,4.1,0.58,1
STU_12117,YKS_TYT_AYT,12,Başlayamayan,104,13.7,2,0.57,40.4,0.57,4.6,0.15,1
STU_12118,LGS,8,Başlayamayan,58,18.1,0,0.45,40.3,0.86,7.8,0.12,1
STU_12119,YKS_TYT_AYT,11,Başlayamayan,231,12.7,2,0.19,37.7,0.7,4.7,0.42,0
STU_12120,YKS_TYT_AYT,12,Geceye Kayan,492,31.7,3,0.65,79.3,0.59,5.4,0.77,1
STU_12121,YKS_TYT_AYT,12,Başlayamayan,99,11.1,2,0.15,35.4,0.79,6.2,0.71,0
STU_12122,YKS_TYT_AYT,12,Telefonla Dağılan,331,13.7,5,0.71,81.9,0.37,5.4,0.77,0
STU_12123,LGS,8,Kaygıyla Erteleyen,223,33.2,2,0.76,77.4,0.6,7.6,0.24,0
STU_12124,YKS_TYT_AYT,12,Başlayamayan,111,3.0,2,0.47,31.7,0.93,6.6,0.11,1
STU_12125,YKS_TYT_AYT,12,Telefonla Dağılan,626,24.2,6,0.77,67.0,0.33,3.1,0.25,0
STU_12126,YKS_TYT_AYT,12,Yarıda Bırakan,287,24.0,4,0.48,57.0,0.24,4.7,0.38,1
STU_12127,LGS,8,Kaygıyla Erteleyen,296,23.8,0,0.62,89.8,0.76,8.4,0.18,0
STU_12128,YKS_TYT_AYT,Mezun,Yarıda Bırakan,138,19.0,2,0.48,43.0,0.34,4.5,0.34,0
STU_12129,YKS_TYT_AYT,11,Telefonla Dağılan,438,24.7,8,0.51,74.3,0.27,6.1,0.29,0
STU_12130,LGS,8,Telefonla Dağılan,469,21.8,3,0.54,61.0,0.14,1.6,0.63,0
STU_12131,LGS,8,Yarıda Bırakan,148,14.6,5,0.38,60.3,0.59,3.2,0.59,1
STU_12132,YKS_TYT_AYT,12,Başlayamayan,158,14.9,4,0.42,36.0,0.44,7.6,0.34,1
STU_12133,YKS_TYT_AYT,11,Yarıda Bırakan,264,17.6,2,0.35,59.2,0.7,5.8,0.63,1
STU_12134,YKS_TYT_AYT,12,Yarıda Bırakan,332,21.0,4,0.52,58.1,0.35,4.4,0.65,0
STU_12135,YKS_TYT_AYT,12,Kaygıyla Erteleyen,447,40.0,2,0.77,65.8,0.99,9.1,0.28,1
STU_12136,LGS,8,Kaygıyla Erteleyen,332,27.0,4,0.7,57.5,0.61,9.9,0.57,1
STU_12137,YKS_TYT_AYT,Mezun,Yarıda Bırakan,170,23.3,5,0.28,63.1,0.61,3.6,0.51,1
STU_12138,LGS,8,Telefonla Dağılan,442,18.9,7,0.89,71.5,0.29,4.5,0.69,0
STU_12139,YKS_TYT_AYT,Mezun,Telefonla Dağılan,462,26.8,6,0.78,70.6,0.41,6.2,0.57,0
STU_12140,YKS_TYT_AYT,11,Kaygıyla Erteleyen,302,28.8,3,0.64,80.5,0.91,7.8,0.28,1
STU_12141,YKS_TYT_AYT,12,Yarıda Bırakan,301,19.8,6,0.55,52.2,0.61,4.8,0.13,1
STU_12142,YKS_TYT_AYT,Mezun,Yarıda Bırakan,269,14.7,4,0.18,41.4,0.48,5.5,0.68,0
STU_12143,LGS,8,Yarıda Bırakan,377,18.1,2,0.17,50.0,0.55,5.5,0.14,0
STU_12144,YKS_TYT_AYT,12,Telefonla Dağılan,441,23.1,2,0.48,77.7,0.52,4.2,0.29,0
STU_12145,YKS_TYT_AYT,12,Yarıda Bırakan,278,21.0,2,0.55,34.0,0.29,4.8,0.19,1
STU_12146,YKS_TYT_AYT,11,Yarıda Bırakan,284,15.0,5,0.32,44.4,0.71,5.5,0.3,0
STU_12147,LGS,8,Başlayamayan,130,16.1,3,0.15,47.6,0.8,5.8,0.45,0
STU_12148,YKS_TYT_AYT,12,Telefonla Dağılan,582,34.3,10,0.71,71.0,0.04,4.3,0.54,1
STU_12149,YKS_TYT_AYT,Mezun,Başlayamayan,120,6.8,4,0.58,54.4,0.68,4.2,0.36,1
STU_12150,LGS,8,Başlayamayan,133,3.2,2,0.2,51.8,0.6,7.1,0.28,1
STU_12151,LGS,8,Yarıda Bırakan,311,20.4,2,0.48,55.6,0.25,4.3,0.48,1
STU_12152,YKS_TYT_AYT,Mezun,Yarıda Bırakan,185,17.8,5,0.71,39.6,0.57,5.9,0.25,0
STU_12153,YKS_TYT_AYT,11,Telefonla Dağılan,435,11.8,4,0.54,76.4,0.76,3.0,0.48,0
STU_12154,LGS,8,Yarıda Bırakan,232,16.7,4,0.3,53.7,0.75,4.6,0.59,0
STU_12155,LGS,8,Yarıda Bırakan,239,21.1,2,0.12,52.4,0.17,5.7,0.26,0
STU_12156,LGS,8,Telefonla Dağılan,525,20.7,7,0.74,72.1,0.8,6.4,0.5,1
STU_12157,LGS,8,Başlayamayan,64,5.0,2,0.22,41.5,0.83,6.7,0.09,1
STU_12158,YKS_TYT_AYT,12,Başlayamayan,153,14.0,3,0.14,58.4,0.63,6.7,0.1,1
STU_12159,YKS_TYT_AYT,12,Geceye Kayan,402,36.3,2,0.55,94.2,0.19,6.9,0.61,0
STU_12160,YKS_TYT_AYT,12,Yarıda Bırakan,166,32.9,3,0.67,75.3,0.36,2.8,0.31,1
STU_12161,YKS_TYT_AYT,12,Yarıda Bırakan,122,23.4,2,0.57,58.7,0.43,4.6,0.13,1
STU_12162,LGS,8,Başlayamayan,107,15.1,3,0.4,54.3,0.74,7.1,0.36,1
STU_12163,YKS_TYT_AYT,11,Telefonla Dağılan,387,21.4,6,0.42,63.2,0.41,5.3,0.51,0
STU_12164,YKS_TYT_AYT,11,Telefonla Dağılan,579,21.1,5,0.57,65.7,0.21,5.0,0.79,0
STU_12165,YKS_TYT_AYT,12,Telefonla Dağılan,589,25.7,6,0.68,78.2,0.71,4.3,0.48,0
STU_12166,YKS_TYT_AYT,12,Telefonla Dağılan,528,14.9,6,0.63,49.7,0.21,2.7,0.37,0
STU_12167,LGS,8,Başlayamayan,75,17.6,1,0.17,57.9,0.71,6.3,0.36,1
STU_12168,YKS_TYT_AYT,12,Yarıda Bırakan,279,24.5,3,0.62,70.4,0.47,3.3,0.43,0
STU_12169,LGS,8,Kaygıyla Erteleyen,621,20.4,0,0.69,85.2,0.94,8.6,0.67,1
STU_12170,YKS_TYT_AYT,11,Geceye Kayan,608,35.4,5,0.39,74.3,0.64,3.3,0.72,0
STU_12171,LGS,8,Başlayamayan,167,16.9,0,0.4,42.1,0.71,7.2,0.27,0
STU_12172,LGS,8,Telefonla Dağılan,482,32.6,8,0.73,61.7,0.33,2.4,0.39,0
STU_12173,YKS_TYT_AYT,12,Başlayamayan,150,14.4,0,0.2,53.4,0.48,3.5,0.41,1
STU_12174,LGS,8,Başlayamayan,94,17.2,2,0.72,26.2,0.56,6.7,0.66,1
STU_12175,YKS_TYT_AYT,12,Yarıda Bırakan,249,28.9,3,0.55,52.6,0.45,4.3,0.06,1
STU_12176,LGS,8,Başlayamayan,49,14.7,3,0.29,62.6,0.84,6.3,0.61,1
STU_12177,YKS_TYT_AYT,11,Telefonla Dağılan,503,26.4,7,0.59,60.6,0.27,5.7,0.37,0
STU_12178,YKS_TYT_AYT,12,Telefonla Dağılan,576,22.6,4,0.77,52.8,0.21,5.2,0.69,0
STU_12179,YKS_TYT_AYT,12,Başlayamayan,105,3.6,1,0.22,36.8,0.4,7.3,0.19,0
STU_12180,LGS,8,Başlayamayan,86,16.3,0,0.59,42.4,0.97,7.0,0.62,0
STU_12181,LGS,8,Kaygıyla Erteleyen,304,22.3,2,0.87,81.7,0.93,9.2,0.33,0
STU_12182,LGS,8,Başlayamayan,61,5.4,3,0.06,47.7,0.85,5.9,0.28,0
STU_12183,LGS,8,Telefonla Dağılan,272,25.6,4,0.56,64.6,0.12,7.5,0.36,0
STU_12184,YKS_TYT_AYT,12,Yarıda Bırakan,223,18.3,1,0.68,61.2,0.72,4.7,0.46,0
STU_12185,YKS_TYT_AYT,12,Telefonla Dağılan,479,25.9,8,0.94,45.8,0.41,5.0,0.56,0
STU_12186,YKS_TYT_AYT,11,Yarıda Bırakan,312,14.3,2,0.22,43.3,0.3,5.5,0.43,1
STU_12187,YKS_TYT_AYT,Mezun,Başlayamayan,91,11.8,1,0.25,43.8,0.52,8.0,0.05,1
STU_12188,YKS_TYT_AYT,11,Yarıda Bırakan,333,7.1,1,0.46,61.5,0.82,5.3,0.36,1
STU_12189,YKS_TYT_AYT,Mezun,Başlayamayan,328,8.4,2,0.56,60.3,0.79,6.5,0.24,1
STU_12190,LGS,8,Yarıda Bırakan,248,24.5,2,0.3,62.3,0.3,4.7,0.16,0
STU_12191,YKS_TYT_AYT,11,Telefonla Dağılan,518,23.6,3,0.29,49.9,0.68,2.9,0.3,1
STU_12192,YKS_TYT_AYT,11,Yarıda Bırakan,150,19.8,1,0.4,66.0,0.54,1.0,0.52,0
STU_12193,YKS_TYT_AYT,Mezun,Başlayamayan,135,13.4,3,0.09,49.8,0.83,7.6,0.18,1
STU_12194,LGS,8,Telefonla Dağılan,485,29.3,4,0.3,60.8,0.67,5.8,0.56,0
STU_12195,YKS_TYT_AYT,11,Telefonla Dağılan,529,20.7,4,0.27,48.0,0.59,6.5,0.35,0
STU_12196,YKS_TYT_AYT,12,Geceye Kayan,532,30.0,0,0.4,68.0,0.35,4.7,0.9,0
STU_12197,YKS_TYT_AYT,12,Telefonla Dağılan,521,24.9,5,0.91,47.3,0.37,2.4,0.42,1
STU_12198,YKS_TYT_AYT,12,Telefonla Dağılan,503,33.3,4,0.78,88.4,0.13,5.0,0.67,1
STU_12199,LGS,8,Telefonla Dağılan,723,20.6,6,0.46,58.5,0.55,4.4,0.29,1
STU_12200,YKS_TYT_AYT,12,Geceye Kayan,436,28.3,2,0.44,76.5,0.18,5.3,0.64,0
STU_12201,LGS,8,Kaygıyla Erteleyen,445,36.2,5,0.83,42.6,0.84,10.0,0.44,0
STU_12202,YKS_TYT_AYT,11,Yarıda Bırakan,323,16.3,4,0.56,62.7,0.38,3.9,0.18,1
STU_12203,LGS,8,Yarıda Bırakan,350,13.4,2,0.56,63.3,0.18,5.4,0.3,1
STU_12204,YKS_TYT_AYT,12,Yarıda Bırakan,210,20.4,5,0.28,52.8,0.32,5.3,0.08,0
STU_12205,YKS_TYT_AYT,11,Telefonla Dağılan,520,20.7,4,0.38,60.2,0.54,6.8,0.65,1
STU_12206,LGS,8,Telefonla Dağılan,711,23.0,9,0.63,55.4,0.18,3.5,0.42,1
STU_12207,YKS_TYT_AYT,12,Telefonla Dağılan,449,21.4,7,0.35,63.6,0.07,5.1,0.21,0
STU_12208,LGS,8,Başlayamayan,55,13.8,1,0.49,47.0,0.83,6.2,0.29,1
STU_12209,YKS_TYT_AYT,Mezun,Telefonla Dağılan,741,22.2,8,0.8,59.5,0.49,4.9,0.4,0
STU_12210,YKS_TYT_AYT,Mezun,Kaygıyla Erteleyen,317,28.2,1,0.84,90.5,0.74,8.8,0.29,1
STU_12211,YKS_TYT_AYT,11,Yarıda Bırakan,154,16.0,3,0.87,54.3,0.92,5.1,0.66,0
STU_12212,LGS,8,Telefonla Dağılan,363,21.2,5,0.47,62.3,0.59,3.9,0.54,1
STU_12213,YKS_TYT_AYT,12,Yarıda Bırakan,326,24.0,4,0.19,61.8,0.28,2.1,0.39,0
STU_12214,YKS_TYT_AYT,12,Geceye Kayan,454,37.7,3,0.36,74.5,0.15,4.4,0.83,1
STU_12215,LGS,8,Kaygıyla Erteleyen,391,39.5,1,0.42,68.5,0.77,9.0,0.2,1
STU_12216,YKS_TYT_AYT,12,Telefonla Dağılan,525,26.5,4,0.51,57.8,0.08,4.0,0.51,1
STU_12217,LGS,8,Telefonla Dağılan,910,24.4,9,0.69,71.6,0.27,4.4,0.19,1
STU_12218,YKS_TYT_AYT,Mezun,Geceye Kayan,513,54.4,3,0.39,57.7,0.21,8.0,0.73,0
STU_12219,LGS,8,Telefonla Dağılan,514,20.2,4,0.58,64.3,0.42,5.7,0.54,0
STU_12220,YKS_TYT_AYT,12,Yarıda Bırakan,191,23.8,1,0.24,49.1,0.49,5.8,0.09,1
STU_12221,YKS_TYT_AYT,12,Kaygıyla Erteleyen,263,16.9,3,0.61,49.2,0.99,8.5,0.58,1
STU_12222,LGS,8,Yarıda Bırakan,224,21.6,3,0.4,77.6,0.71,3.9,0.57,1
STU_12223,LGS,8,Yarıda Bırakan,226,17.8,3,0.51,52.9,0.57,5.1,0.29,1
STU_12224,LGS,8,Kaygıyla Erteleyen,463,24.5,1,0.85,79.1,0.78,6.8,0.24,0
STU_12225,YKS_TYT_AYT,12,Telefonla Dağılan,507,28.6,5,0.68,53.1,0.25,7.0,0.69,1
STU_12226,LGS,8,Yarıda Bırakan,329,20.3,3,0.46,61.2,0.69,4.6,0.1,1
STU_12227,YKS_TYT_AYT,12,Başlayamayan,100,13.1,1,0.32,54.9,0.61,4.4,0.57,1
STU_12228,LGS,8,Yarıda Bırakan,325,12.8,3,0.15,44.0,0.39,4.5,0.26,0
STU_12229,LGS,8,Yarıda Bırakan,160,24.9,2,0.2,51.7,0.41,3.8,0.24,1
STU_12230,YKS_TYT_AYT,Mezun,Başlayamayan,101,12.6,0,0.39,35.6,0.67,8.0,0.67,0
STU_12231,LGS,8,Telefonla Dağılan,584,28.9,13,0.64,55.9,0.43,6.4,0.79,0
STU_12232,YKS_TYT_AYT,12,Yarıda Bırakan,250,20.2,2,0.23,62.5,0.37,2.1,0.22,1
STU_12233,YKS_TYT_AYT,12,Yarıda Bırakan,348,22.6,3,0.24,54.7,0.43,3.9,0.38,0
STU_12234,YKS_TYT_AYT,12,Yarıda Bırakan,221,29.5,0,0.29,63.3,0.52,6.6,0.31,1
STU_12235,YKS_TYT_AYT,Mezun,Geceye Kayan,437,47.2,4,0.65,74.9,0.73,7.3,0.77,0
STU_12236,YKS_TYT_AYT,11,Yarıda Bırakan,237,22.0,4,0.56,59.9,0.45,4.4,0.43,0
STU_12237,LGS,8,Başlayamayan,128,18.2,3,0.26,56.2,0.83,5.2,0.06,1
STU_12238,LGS,8,Başlayamayan,132,9.6,1,0.33,52.3,0.89,6.0,0.3,1
STU_12239,LGS,8,Telefonla Dağılan,746,8.7,5,0.25,60.0,0.76,6.1,0.97,1
STU_12240,YKS_TYT_AYT,11,Telefonla Dağılan,414,24.8,6,0.12,52.2,0.65,3.0,0.34,0
STU_12241,LGS,8,Yarıda Bırakan,361,13.8,3,0.15,59.0,0.86,5.2,0.11,0
STU_12242,YKS_TYT_AYT,12,Yarıda Bırakan,187,11.8,6,0.43,52.1,0.66,4.2,0.24,1
STU_12243,YKS_TYT_AYT,12,Başlayamayan,65,12.3,2,0.06,39.7,0.62,7.8,0.25,1
STU_12244,YKS_TYT_AYT,12,Telefonla Dağılan,581,17.4,6,0.5,65.8,0.23,5.5,0.48,0
STU_12245,YKS_TYT_AYT,12,Telefonla Dağılan,615,22.5,4,0.44,65.3,0.39,2.2,0.66,0
STU_12246,LGS,8,Başlayamayan,55,13.4,2,0.24,42.4,0.72,5.6,0.15,1
STU_12247,YKS_TYT_AYT,Mezun,Başlayamayan,85,7.6,5,0.08,70.4,0.73,7.6,0.28,0
STU_12248,YKS_TYT_AYT,12,Başlayamayan,110,9.4,1,0.27,30.1,0.53,7.0,0.36,1
STU_12249,LGS,8,Başlayamayan,64,3.8,1,0.27,35.3,0.88,4.6,0.04,1
STU_12250,LGS,8,Telefonla Dağılan,547,28.5,3,0.81,67.4,0.31,4.8,0.47,0
STU_12251,YKS_TYT_AYT,11,Başlayamayan,107,12.3,1,0.6,37.2,0.88,6.0,0.41,1
STU_12252,YKS_TYT_AYT,11,Yarıda Bırakan,246,16.2,2,0.46,60.7,0.74,4.1,0.23,0
STU_12253,YKS_TYT_AYT,12,Başlayamayan,155,10.7,0,0.07,49.6,0.29,6.5,0.81,1
STU_12254,YKS_TYT_AYT,12,Geceye Kayan,532,44.2,2,0.68,77.9,0.42,6.9,0.93,1
STU_12255,YKS_TYT_AYT,11,Kaygıyla Erteleyen,277,15.7,1,0.75,92.7,0.61,9.5,0.19,1
STU_12256,YKS_TYT_AYT,12,Yarıda Bırakan,342,14.8,2,0.4,50.5,0.81,3.8,0.1,1
STU_12257,YKS_TYT_AYT,12,Yarıda Bırakan,340,21.3,0,0.21,47.9,0.54,7.0,0.35,0
STU_12258,LGS,8,Başlayamayan,121,8.6,2,0.26,39.4,0.56,3.6,0.85,1
STU_12259,YKS_TYT_AYT,12,Telefonla Dağılan,497,26.1,8,0.54,39.9,0.53,2.7,0.23,1
STU_12260,YKS_TYT_AYT,11,Başlayamayan,116,20.6,1,0.11,42.0,0.59,6.1,0.12,1
STU_12261,YKS_TYT_AYT,Mezun,Telefonla Dağılan,656,18.5,6,0.57,51.7,0.21,4.9,0.59,0
STU_12262,YKS_TYT_AYT,Mezun,Telefonla Dağılan,520,30.2,6,0.46,73.3,0.76,4.4,0.25,1
STU_12263,YKS_TYT_AYT,12,Geceye Kayan,504,19.6,3,0.77,68.9,0.2,5.7,0.88,0
STU_12264,YKS_TYT_AYT,11,Başlayamayan,146,11.4,2,0.18,34.6,0.43,4.7,0.62,0
STU_12265,YKS_TYT_AYT,12,Kaygıyla Erteleyen,367,29.4,0,0.43,46.1,0.86,8.2,0.34,0
STU_12266,YKS_TYT_AYT,Mezun,Kaygıyla Erteleyen,431,21.5,3,0.71,66.4,0.83,7.7,0.2,0
STU_12267,YKS_TYT_AYT,12,Başlayamayan,123,12.1,1,0.41,59.4,0.73,4.7,0.15,0
STU_12268,LGS,8,Yarıda Bırakan,323,13.1,4,0.42,62.1,0.36,6.2,0.49,0
STU_12269,YKS_TYT_AYT,12,Başlayamayan,105,6.6,3,0.14,57.6,0.78,7.0,0.24,1
STU_12270,LGS,8,Yarıda Bırakan,244,15.4,3,0.41,48.9,0.26,5.6,0.1,1
STU_12271,LGS,8,Yarıda Bırakan,214,14.1,4,0.48,51.5,0.66,7.6,0.37,0
STU_12272,YKS_TYT_AYT,12,Telefonla Dağılan,408,31.3,6,0.68,74.0,0.58,3.1,0.33,0
STU_12273,YKS_TYT_AYT,12,Yarıda Bırakan,254,18.0,1,0.77,52.8,0.46,3.8,0.38,1
STU_12274,YKS_TYT_AYT,12,Geceye Kayan,424,27.1,3,0.57,73.2,0.84,1.6,0.84,0
STU_12275,YKS_TYT_AYT,11,Başlayamayan,172,11.6,1,0.27,39.7,0.63,4.1,0.01,1
STU_12276,YKS_TYT_AYT,12,Geceye Kayan,513,32.4,6,0.85,84.2,0.42,7.2,0.81,0
STU_12277,YKS_TYT_AYT,11,Yarıda Bırakan,269,16.2,2,0.59,72.7,0.54,5.8,0.38,0
STU_12278,YKS_TYT_AYT,12,Kaygıyla Erteleyen,440,27.6,1,0.48,63.7,0.82,10.0,0.12,1
STU_12279,LGS,8,Yarıda Bırakan,164,18.4,4,0.44,41.0,0.88,4.6,0.14,0
STU_12280,LGS,8,Başlayamayan,99,12.9,1,0.52,54.0,0.82,5.7,0.06,1
STU_12281,LGS,8,Kaygıyla Erteleyen,222,31.3,1,0.81,64.3,0.47,7.2,0.23,0
STU_12282,YKS_TYT_AYT,12,Yarıda Bırakan,257,21.7,3,0.62,64.8,0.24,5.1,0.78,1
STU_12283,LGS,8,Telefonla Dağılan,580,21.5,7,0.53,73.5,0.26,5.1,0.32,1
STU_12284,LGS,8,Telefonla Dağılan,384,25.2,9,0.07,63.0,0.16,5.0,0.41,1
STU_12285,LGS,8,Telefonla Dağılan,651,20.0,6,0.42,53.8,0.24,5.0,0.61,1
STU_12286,YKS_TYT_AYT,11,Telefonla Dağılan,529,24.4,6,0.88,54.6,0.58,5.5,0.51,0
STU_12287,LGS,8,Telefonla Dağılan,389,22.3,6,0.54,49.9,0.39,5.6,0.83,0
STU_12288,YKS_TYT_AYT,12,Başlayamayan,113,12.5,1,0.22,53.4,0.54,3.1,0.54,1
STU_12289,LGS,8,Telefonla Dağılan,566,17.4,4,0.65,58.6,0.35,6.3,0.46,1
STU_12290,YKS_TYT_AYT,11,Geceye Kayan,626,24.4,3,0.65,58.2,0.21,6.1,0.67,0
STU_12291,LGS,8,Başlayamayan,145,7.0,4,0.08,80.5,0.58,7.4,0.2,1
STU_12292,LGS,8,Başlayamayan,242,16.3,0,0.31,43.6,0.89,5.7,0.62,1
STU_12293,YKS_TYT_AYT,Mezun,Telefonla Dağılan,403,36.1,8,0.45,75.8,0.36,4.3,0.57,0
STU_12294,LGS,8,Yarıda Bırakan,292,16.8,3,0.63,55.1,0.88,7.5,0.37,0
STU_12295,LGS,8,Yarıda Bırakan,150,16.1,1,0.52,59.5,0.51,4.5,0.37,1
STU_12296,LGS,8,Başlayamayan,146,12.5,4,0.13,35.4,0.74,7.0,0.55,1
STU_12297,LGS,8,Telefonla Dağılan,924,26.9,7,0.8,37.6,0.31,3.7,0.46,0
STU_12298,LGS,8,Başlayamayan,105,20.9,1,0.81,37.7,0.67,7.4,0.7,1
STU_12299,LGS,8,Telefonla Dağılan,383,23.6,10,0.53,60.7,0.54,4.7,0.43,0
STU_12300,YKS_TYT_AYT,12,Kaygıyla Erteleyen,339,44.4,3,0.84,66.6,0.79,8.8,0.51,0
STU_12301,YKS_TYT_AYT,12,Yarıda Bırakan,300,15.0,2,0.32,55.2,0.51,5.1,0.44,1
STU_12302,YKS_TYT_AYT,Mezun,Telefonla Dağılan,471,25.9,3,0.96,80.3,0.4,3.9,0.36,0
STU_12303,LGS,8,Geceye Kayan,455,39.8,1,0.64,75.4,0.42,3.2,0.77,1
STU_12304,YKS_TYT_AYT,Mezun,Telefonla Dağılan,658,22.3,7,0.7,75.3,0.19,4.7,0.57,1
STU_12305,LGS,8,Kaygıyla Erteleyen,289,23.7,4,0.86,52.6,0.78,9.0,0.36,0
STU_12306,LGS,8,Yarıda Bırakan,143,15.1,4,0.33,69.9,0.22,6.4,0.32,0
STU_12307,YKS_TYT_AYT,12,Kaygıyla Erteleyen,521,35.7,1,0.73,90.2,0.81,6.8,0.22,1
STU_12308,LGS,8,Başlayamayan,81,13.8,1,0.06,46.6,0.83,8.5,0.13,0
STU_12309,LGS,8,Başlayamayan,68,14.0,1,0.31,48.8,0.8,7.8,0.16,1
STU_12310,YKS_TYT_AYT,12,Başlayamayan,171,13.4,1,0.57,28.0,0.89,5.2,0.43,1
STU_12311,YKS_TYT_AYT,Mezun,Yarıda Bırakan,147,7.6,2,0.12,40.4,0.67,3.5,0.5,1
STU_12312,YKS_TYT_AYT,12,Kaygıyla Erteleyen,320,20.9,1,0.86,65.8,0.73,8.9,0.21,1
STU_12313,YKS_TYT_AYT,12,Yarıda Bırakan,170,19.6,3,0.57,49.9,0.71,4.9,0.02,1
STU_12314,YKS_TYT_AYT,Mezun,Telefonla Dağılan,495,4.0,5,0.39,78.7,0.45,5.2,0.72,0
STU_12315,LGS,8,Telefonla Dağılan,402,30.1,8,0.67,69.3,0.26,5.8,0.25,1
STU_12316,LGS,8,Telefonla Dağılan,392,17.9,10,0.38,49.5,0.42,5.7,0.36,1
STU_12317,LGS,8,Yarıda Bırakan,368,23.8,3,0.21,38.0,0.58,6.9,0.2,1
STU_12318,YKS_TYT_AYT,Mezun,Telefonla Dağılan,426,25.3,9,0.52,66.7,0.31,3.7,0.76,0
STU_12319,LGS,8,Yarıda Bırakan,260,17.3,2,0.56,41.9,0.3,4.0,0.41,0
STU_12320,YKS_TYT_AYT,Mezun,Başlayamayan,118,19.4,1,0.38,53.6,0.76,5.9,0.24,1
STU_12321,YKS_TYT_AYT,11,Geceye Kayan,634,42.1,2,0.49,73.9,0.49,6.1,0.94,0
STU_12322,YKS_TYT_AYT,Mezun,Başlayamayan,91,9.9,4,0.48,34.1,0.47,6.5,0.08,0
STU_12323,LGS,8,Başlayamayan,76,17.2,4,0.29,35.2,0.86,6.6,0.1,0
STU_12324,YKS_TYT_AYT,12,Kaygıyla Erteleyen,329,29.8,0,0.59,56.5,0.94,8.1,0.08,1
STU_12325,YKS_TYT_AYT,11,Yarıda Bırakan,318,14.4,1,0.6,60.8,0.24,3.6,0.2,1
STU_12326,YKS_TYT_AYT,12,Telefonla Dağılan,441,27.3,6,0.2,42.8,0.36,4.2,0.17,0
STU_12327,LGS,8,Yarıda Bırakan,115,21.8,6,0.45,50.3,0.57,8.1,0.3,0
STU_12328,YKS_TYT_AYT,Mezun,Yarıda Bırakan,298,18.4,0,0.16,52.7,0.81,5.6,0.14,0
STU_12329,LGS,8,Yarıda Bırakan,228,17.7,1,0.61,63.2,0.58,6.3,0.33,1
STU_12330,LGS,8,Yarıda Bırakan,268,14.6,4,0.75,49.4,0.27,3.8,0.34,0
STU_12331,LGS,8,Yarıda Bırakan,259,23.8,6,0.42,60.8,0.42,3.9,0.66,1
STU_12332,YKS_TYT_AYT,Mezun,Telefonla Dağılan,379,26.5,6,0.68,49.2,0.53,6.4,0.41,1
STU_12333,YKS_TYT_AYT,12,Telefonla Dağılan,548,22.9,4,0.67,67.4,0.32,6.4,0.64,1
STU_12334,LGS,8,Geceye Kayan,357,25.0,2,0.4,76.0,0.52,6.2,0.72,0
STU_12335,LGS,8,Başlayamayan,132,5.3,2,0.28,57.1,0.9,6.7,0.44,1
STU_12336,YKS_TYT_AYT,12,Telefonla Dağılan,220,19.3,11,0.49,67.4,0.74,5.1,0.31,0
STU_12337,LGS,8,Telefonla Dağılan,427,20.8,2,0.63,88.3,0.34,2.9,0.45,0
STU_12338,LGS,8,Geceye Kayan,732,31.9,3,0.73,70.3,0.35,4.2,0.87,0
STU_12339,LGS,8,Başlayamayan,118,8.7,1,0.5,41.1,0.94,7.4,0.2,0
STU_12340,YKS_TYT_AYT,12,Telefonla Dağılan,492,26.2,11,0.37,55.4,0.48,3.6,0.48,1
STU_12341,LGS,8,Kaygıyla Erteleyen,240,37.3,1,0.29,56.7,0.77,8.2,0.39,0
STU_12342,LGS,8,Yarıda Bırakan,368,25.1,4,0.63,54.1,0.34,7.0,0.69,0
STU_12343,LGS,8,Kaygıyla Erteleyen,382,32.7,2,0.7,67.1,0.85,8.0,0.17,0
STU_12344,YKS_TYT_AYT,12,Başlayamayan,144,10.7,3,0.36,34.0,0.61,6.5,0.3,1
STU_12345,YKS_TYT_AYT,12,Telefonla Dağılan,322,23.1,7,0.65,67.6,0.22,1.9,0.63,0
STU_12346,YKS_TYT_AYT,12,Geceye Kayan,539,42.7,5,0.51,83.8,0.4,4.9,0.68,0
STU_12347,LGS,8,Telefonla Dağılan,512,31.6,6,0.55,46.9,0.65,5.8,0.19,1
STU_12348,YKS_TYT_AYT,12,Yarıda Bırakan,283,19.8,2,0.71,59.3,0.27,5.4,0.03,0
STU_12349,LGS,8,Başlayamayan,128,15.3,0,0.57,46.4,0.5,6.4,0.45,1
STU_12350,YKS_TYT_AYT,12,Geceye Kayan,559,28.4,6,0.38,79.0,0.4,7.0,0.86,0
STU_12351,YKS_TYT_AYT,12,Telefonla Dağılan,431,20.3,9,0.35,51.8,0.42,2.6,0.32,1
STU_12352,YKS_TYT_AYT,11,Başlayamayan,178,20.4,1,0.35,39.4,0.72,8.8,0.3,1
STU_12353,YKS_TYT_AYT,12,Telefonla Dağılan,551,27.4,6,0.49,64.3,0.45,4.8,0.53,1
STU_12354,YKS_TYT_AYT,11,Telefonla Dağılan,485,21.4,7,0.7,50.5,0.51,5.3,0.17,1
STU_12355,LGS,8,Başlayamayan,55,7.8,4,0.08,56.7,0.98,8.6,0.28,0
STU_12356,YKS_TYT_AYT,Mezun,Başlayamayan,63,12.8,1,0.71,61.2,0.92,6.5,0.46,1
STU_12357,LGS,8,Başlayamayan,99,14.5,2,0.36,55.1,0.74,6.8,0.55,1
STU_12358,YKS_TYT_AYT,12,Telefonla Dağılan,891,28.9,4,0.36,66.5,0.47,6.9,0.82,0
STU_12359,LGS,8,Telefonla Dağılan,305,18.7,7,0.53,70.9,0.53,3.1,0.87,0
STU_12360,LGS,8,Telefonla Dağılan,561,31.7,3,0.88,53.4,0.77,3.4,0.33,1
STU_12361,YKS_TYT_AYT,12,Kaygıyla Erteleyen,229,27.6,3,0.71,53.9,0.85,10.0,0.36,0
STU_12362,LGS,8,Kaygıyla Erteleyen,313,32.3,3,0.86,71.7,0.9,8.6,0.21,0
STU_12363,YKS_TYT_AYT,11,Telefonla Dağılan,691,17.7,7,0.77,65.8,0.2,4.8,0.42,1
STU_12364,YKS_TYT_AYT,12,Başlayamayan,35,13.8,1,0.18,38.1,0.81,6.6,0.13,0
STU_12365,LGS,8,Telefonla Dağılan,617,29.1,5,0.43,70.4,0.36,5.1,0.65,1
STU_12366,LGS,8,Yarıda Bırakan,244,27.4,2,0.48,69.2,0.19,5.1,0.18,1
STU_12367,YKS_TYT_AYT,11,Telefonla Dağılan,392,28.5,10,0.52,64.0,0.18,4.2,0.9,1
STU_12368,LGS,8,Telefonla Dağılan,536,33.1,11,0.25,62.9,0.37,4.0,0.55,1
STU_12369,YKS_TYT_AYT,11,Yarıda Bırakan,220,16.9,2,0.6,58.1,0.43,6.6,0.48,0
STU_12370,YKS_TYT_AYT,11,Geceye Kayan,758,44.0,1,0.76,60.4,0.5,4.5,0.77,0
STU_12371,YKS_TYT_AYT,Mezun,Başlayamayan,119,11.4,2,0.17,47.5,0.85,4.9,0.57,1
STU_12372,YKS_TYT_AYT,Mezun,Telefonla Dağılan,361,19.2,4,0.43,49.2,0.46,4.3,0.53,1
STU_12373,YKS_TYT_AYT,12,Başlayamayan,175,9.8,3,0.49,15.6,0.88,8.0,0.5,1
STU_12374,YKS_TYT_AYT,11,Geceye Kayan,518,42.1,5,0.72,51.6,0.72,6.6,0.66,1
STU_12375,LGS,8,Başlayamayan,92,7.4,2,0.28,70.3,0.56,5.6,0.23,1
STU_12376,LGS,8,Başlayamayan,132,12.1,1,0.46,42.1,0.63,4.6,0.31,1
STU_12377,YKS_TYT_AYT,12,Yarıda Bırakan,256,15.3,4,0.47,26.8,0.64,4.2,0.24,1
STU_12378,YKS_TYT_AYT,12,Yarıda Bırakan,312,18.9,2,0.39,52.4,0.22,4.0,0.35,1
STU_12379,YKS_TYT_AYT,11,Başlayamayan,64,18.2,1,0.36,43.7,0.72,8.9,0.2,0
STU_12380,YKS_TYT_AYT,12,Telefonla Dağılan,591,28.0,5,0.64,53.8,0.25,3.6,0.62,1
STU_12381,YKS_TYT_AYT,12,Yarıda Bırakan,309,11.3,8,0.34,68.9,0.41,5.1,0.42,0
STU_12382,YKS_TYT_AYT,11,Başlayamayan,102,14.6,1,0.35,58.8,0.63,6.0,0.56,1
STU_12383,YKS_TYT_AYT,11,Yarıda Bırakan,201,17.5,2,0.5,61.4,0.61,3.8,0.11,1
STU_12384,LGS,8,Kaygıyla Erteleyen,321,35.8,1,0.43,61.1,0.94,8.3,0.17,1
STU_12385,YKS_TYT_AYT,11,Telefonla Dağılan,395,22.7,4,0.76,68.6,0.75,3.8,0.19,0
STU_12386,LGS,8,Telefonla Dağılan,536,19.9,6,0.49,67.5,0.32,4.3,0.64,1
STU_12387,YKS_TYT_AYT,Mezun,Telefonla Dağılan,635,12.1,9,0.53,65.4,0.47,3.7,0.54,0
STU_12388,YKS_TYT_AYT,11,Yarıda Bırakan,219,20.0,1,0.26,33.6,0.62,4.8,0.75,0
STU_12389,YKS_TYT_AYT,11,Başlayamayan,177,9.1,3,0.46,26.3,0.82,1.0,0.27,1
STU_12390,LGS,8,Yarıda Bırakan,178,9.0,4,0.49,51.8,0.74,5.2,0.19,1
STU_12391,LGS,8,Kaygıyla Erteleyen,472,22.6,1,0.87,61.3,0.77,8.4,0.29,1
STU_12392,YKS_TYT_AYT,12,Geceye Kayan,619,33.0,3,0.59,71.9,0.14,6.4,0.72,1
STU_12393,LGS,8,Telefonla Dağılan,422,24.4,9,0.45,62.2,0.5,4.9,0.45,1
STU_12394,YKS_TYT_AYT,12,Başlayamayan,103,6.3,4,0.23,35.8,0.75,7.5,0.58,0
STU_12395,LGS,8,Başlayamayan,88,15.2,3,0.51,25.0,0.67,7.5,0.27,0
STU_12396,LGS,8,Yarıda Bırakan,215,13.2,2,0.57,49.3,0.7,4.5,0.47,1
STU_12397,LGS,8,Telefonla Dağılan,480,24.0,6,0.53,67.8,0.71,5.9,0.62,0
STU_12398,YKS_TYT_AYT,12,Başlayamayan,102,12.8,2,0.38,46.4,0.74,7.2,0.43,1
STU_12399,YKS_TYT_AYT,12,Geceye Kayan,569,42.5,5,0.71,84.6,0.13,3.4,0.68,1
STU_12400,LGS,8,Yarıda Bırakan,186,12.4,4,0.47,51.7,0.43,3.8,0.08,1
STU_12401,LGS,8,Geceye Kayan,680,22.9,3,0.43,75.9,0.2,5.3,0.86,1
STU_12402,LGS,8,Kaygıyla Erteleyen,256,33.8,4,0.91,85.5,0.69,8.4,0.26,0
STU_12403,LGS,8,Kaygıyla Erteleyen,399,31.4,1,0.89,74.8,0.9,8.6,0.24,1
STU_12404,YKS_TYT_AYT,11,Telefonla Dağılan,480,16.0,6,0.87,50.8,0.08,5.5,0.61,0
STU_12405,YKS_TYT_AYT,11,Telefonla Dağılan,508,17.9,5,0.79,72.4,0.49,2.6,0.5,0
STU_12406,LGS,8,Telefonla Dağılan,575,18.6,5,0.4,51.3,0.44,6.9,0.49,0
STU_12407,LGS,8,Telefonla Dağılan,541,30.7,5,0.82,72.8,0.15,3.7,0.4,0
STU_12408,YKS_TYT_AYT,Mezun,Telefonla Dağılan,573,31.3,7,0.5,60.5,0.53,4.0,0.16,0
STU_12409,YKS_TYT_AYT,12,Geceye Kayan,856,38.3,5,0.78,69.0,0.34,4.5,0.82,0
STU_12410,YKS_TYT_AYT,11,Telefonla Dağılan,362,11.1,4,0.23,64.1,0.67,7.2,0.37,0
STU_12411,LGS,8,Kaygıyla Erteleyen,304,47.3,3,0.59,76.7,0.58,9.0,0.05,0
STU_12412,YKS_TYT_AYT,Mezun,Kaygıyla Erteleyen,336,18.7,3,0.7,60.5,0.67,9.6,0.62,0
STU_12413,LGS,8,Başlayamayan,213,15.3,3,0.38,42.5,0.61,7.4,0.01,1
STU_12414,YKS_TYT_AYT,12,Başlayamayan,94,4.9,1,0.08,56.0,0.44,2.9,0.12,0
STU_12415,YKS_TYT_AYT,12,Telefonla Dağılan,475,23.9,8,0.34,60.2,0.43,6.5,0.32,0
STU_12416,LGS,8,Telefonla Dağılan,546,31.7,6,0.58,68.7,0.3,3.2,0.38,0
STU_12417,LGS,8,Kaygıyla Erteleyen,332,20.7,1,0.68,72.7,0.66,9.0,0.43,0
STU_12418,LGS,8,Yarıda Bırakan,188,18.2,6,0.26,59.4,0.57,6.2,0.06,1
STU_12419,LGS,8,Telefonla Dağılan,378,19.6,4,0.75,64.3,0.17,4.3,0.35,0
STU_12420,LGS,8,Telefonla Dağılan,356,20.8,8,0.76,67.8,0.46,6.9,0.6,0
STU_12421,LGS,8,Başlayamayan,100,9.5,1,0.02,62.5,0.64,6.7,0.24,1
STU_12422,YKS_TYT_AYT,12,Telefonla Dağılan,461,23.0,9,0.87,72.0,0.41,3.8,0.46,1
STU_12423,YKS_TYT_AYT,12,Kaygıyla Erteleyen,408,15.2,2,0.84,77.2,0.85,9.3,0.33,1
STU_12424,LGS,8,Başlayamayan,121,13.1,1,0.24,40.8,0.87,8.5,0.09,1
STU_12425,YKS_TYT_AYT,11,Telefonla Dağılan,514,21.4,11,0.27,63.9,0.34,5.1,0.43,0
STU_12426,LGS,8,Telefonla Dağılan,751,27.5,5,0.67,74.7,0.31,5.6,0.8,0
STU_12427,YKS_TYT_AYT,11,Başlayamayan,158,11.3,2,0.27,35.7,0.78,6.3,0.77,1
STU_12428,LGS,8,Başlayamayan,113,4.3,1,0.27,41.4,0.41,6.2,0.38,0
STU_12429,YKS_TYT_AYT,11,Geceye Kayan,657,35.1,5,0.62,61.3,0.48,7.3,0.47,1
STU_12430,YKS_TYT_AYT,11,Yarıda Bırakan,360,20.0,2,0.52,64.2,0.61,6.5,0.67,1
STU_12431,YKS_TYT_AYT,12,Yarıda Bırakan,237,24.2,2,0.36,43.4,0.38,4.2,0.14,0
STU_12432,YKS_TYT_AYT,Mezun,Başlayamayan,65,15.6,1,0.27,57.6,0.75,7.1,0.09,1
STU_12433,LGS,8,Telefonla Dağılan,500,18.2,7,0.55,55.1,0.19,4.6,0.45,1
STU_12434,YKS_TYT_AYT,11,Telefonla Dağılan,455,25.4,4,0.49,60.2,0.45,5.0,0.51,0
STU_12435,LGS,8,Telefonla Dağılan,584,29.6,8,0.72,55.4,0.94,2.9,0.52,0
STU_12436,LGS,8,Başlayamayan,257,7.5,2,0.4,46.3,0.51,5.6,0.17,1
STU_12437,LGS,8,Geceye Kayan,784,43.0,5,0.28,84.7,0.3,7.3,0.76,0
STU_12438,YKS_TYT_AYT,11,Yarıda Bırakan,234,23.6,4,0.59,57.9,0.45,7.5,0.41,0
STU_12439,LGS,8,Yarıda Bırakan,315,27.3,6,0.38,51.9,0.4,3.3,0.12,0
STU_12440,YKS_TYT_AYT,11,Yarıda Bırakan,226,18.7,6,0.46,60.7,0.49,5.6,0.15,0
STU_12441,YKS_TYT_AYT,11,Yarıda Bırakan,181,13.8,5,0.21,74.0,0.51,5.3,0.16,0
STU_12442,YKS_TYT_AYT,12,Kaygıyla Erteleyen,346,20.2,1,0.42,55.8,0.88,7.0,0.21,0
STU_12443,YKS_TYT_AYT,12,Geceye Kayan,504,26.8,3,0.64,63.0,0.42,5.8,0.66,1
STU_12444,YKS_TYT_AYT,12,Yarıda Bırakan,211,14.7,3,0.19,73.5,0.43,9.1,0.64,0
STU_12445,LGS,8,Kaygıyla Erteleyen,433,30.2,0,0.71,65.9,0.71,8.4,0.1,1
STU_12446,LGS,8,Kaygıyla Erteleyen,322,35.6,2,0.64,45.5,0.91,8.7,0.08,1
STU_12447,LGS,8,Geceye Kayan,665,44.9,5,0.82,60.5,0.11,2.7,0.81,0
STU_12448,LGS,8,Yarıda Bırakan,251,22.0,2,0.43,54.3,0.77,7.1,0.46,1
STU_12449,LGS,8,Telefonla Dağılan,523,23.5,10,0.48,62.2,0.47,5.2,0.79,0
STU_12450,LGS,8,Yarıda Bırakan,287,23.3,1,0.39,46.5,0.63,5.8,0.49,0
STU_12451,YKS_TYT_AYT,12,Kaygıyla Erteleyen,223,29.3,1,0.54,54.4,0.71,7.7,0.59,0
STU_12452,YKS_TYT_AYT,12,Başlayamayan,155,10.0,2,0.42,59.5,0.58,7.1,0.51,0
STU_12453,LGS,8,Telefonla Dağılan,619,31.4,5,0.79,43.7,0.24,5.1,0.59,0
STU_12454,YKS_TYT_AYT,Mezun,Yarıda Bırakan,221,19.8,6,0.43,56.2,0.47,6.1,0.26,0
STU_12455,LGS,8,Yarıda Bırakan,480,17.6,2,0.12,44.5,0.49,3.4,0.29,1
STU_12456,YKS_TYT_AYT,Mezun,Telefonla Dağılan,552,36.6,8,0.72,58.3,0.12,5.8,0.4,0
STU_12457,YKS_TYT_AYT,11,Kaygıyla Erteleyen,372,32.3,2,0.51,55.4,0.66,8.1,0.51,1
STU_12458,YKS_TYT_AYT,12,Telefonla Dağılan,808,27.5,6,0.41,62.5,0.66,3.4,0.12,0
STU_12459,LGS,8,Kaygıyla Erteleyen,318,20.8,3,0.73,91.8,0.84,7.7,0.45,0
STU_12460,YKS_TYT_AYT,11,Yarıda Bırakan,193,21.3,3,0.49,43.1,0.55,4.3,0.28,1
STU_12461,YKS_TYT_AYT,Mezun,Telefonla Dağılan,535,21.4,1,0.61,39.9,0.35,4.0,0.18,0
STU_12462,YKS_TYT_AYT,12,Yarıda Bırakan,207,21.1,2,0.52,58.2,0.53,5.8,0.23,1
STU_12463,YKS_TYT_AYT,Mezun,Başlayamayan,128,8.5,1,0.03,34.8,0.83,8.2,0.19,1
STU_12464,YKS_TYT_AYT,12,Telefonla Dağılan,499,32.1,5,0.68,64.0,0.52,5.8,0.5,0
STU_12465,LGS,8,Telefonla Dağılan,539,29.1,8,0.21,50.2,0.43,2.5,0.53,0
STU_12466,LGS,8,Telefonla Dağılan,632,20.8,4,0.32,45.7,0.12,4.2,0.79,1
STU_12467,LGS,8,Telefonla Dağılan,436,24.8,7,0.46,67.6,0.68,3.5,0.43,0
STU_12468,YKS_TYT_AYT,11,Telefonla Dağılan,401,13.2,1,0.26,58.1,0.33,5.0,0.58,0
STU_12469,YKS_TYT_AYT,11,Başlayamayan,113,11.4,4,0.24,58.2,0.76,6.1,0.51,0
STU_12470,LGS,8,Başlayamayan,112,11.4,0,0.54,65.0,0.7,7.2,0.45,0
STU_12471,YKS_TYT_AYT,12,Telefonla Dağılan,392,26.7,6,0.74,36.8,0.36,6.5,0.19,0
STU_12472,YKS_TYT_AYT,12,Yarıda Bırakan,297,11.4,1,0.08,46.0,0.61,5.4,0.3,1
STU_12473,YKS_TYT_AYT,11,Başlayamayan,61,14.5,2,0.1,45.3,0.65,6.3,0.47,1
STU_12474,YKS_TYT_AYT,11,Yarıda Bırakan,189,26.5,4,0.43,32.9,0.71,5.0,0.53,0
STU_12475,YKS_TYT_AYT,12,Telefonla Dağılan,518,30.1,13,0.57,64.0,0.28,3.6,0.38,0
STU_12476,LGS,8,Yarıda Bırakan,339,13.8,1,0.43,61.1,0.82,5.7,0.13,1
STU_12477,YKS_TYT_AYT,11,Telefonla Dağılan,700,21.6,11,0.65,74.0,0.41,4.5,0.44,0
STU_12478,LGS,8,Telefonla Dağılan,633,27.9,5,0.69,68.4,0.59,3.6,0.26,0
STU_12479,YKS_TYT_AYT,Mezun,Yarıda Bırakan,289,18.1,3,0.48,52.5,0.19,3.9,0.36,0
STU_12480,LGS,8,Kaygıyla Erteleyen,303,19.9,3,0.76,73.5,0.74,8.8,0.36,1
STU_12481,YKS_TYT_AYT,12,Telefonla Dağılan,465,31.6,7,0.35,76.2,0.52,4.3,0.81,0
STU_12482,YKS_TYT_AYT,12,Telefonla Dağılan,388,36.9,2,0.51,65.7,0.33,5.2,0.3,1
STU_12483,LGS,8,Telefonla Dağılan,344,25.4,7,0.56,54.5,0.44,4.1,0.78,0
STU_12484,YKS_TYT_AYT,12,Başlayamayan,129,17.7,2,0.31,43.9,0.9,5.6,0.16,1
STU_12485,YKS_TYT_AYT,12,Telefonla Dağılan,609,21.3,5,0.51,60.7,0.4,3.9,0.79,0
STU_12486,YKS_TYT_AYT,12,Yarıda Bırakan,216,26.9,1,0.61,42.0,0.49,5.2,0.58,1
STU_12487,YKS_TYT_AYT,12,Geceye Kayan,896,43.1,1,0.42,87.9,0.27,4.3,0.98,0
STU_12488,YKS_TYT_AYT,11,Kaygıyla Erteleyen,373,33.5,3,0.23,68.1,0.62,9.9,0.47,0
STU_12489,LGS,8,Telefonla Dağılan,702,15.4,5,0.52,67.0,0.4,5.2,0.61,0
STU_12490,LGS,8,Yarıda Bırakan,242,24.9,3,0.27,42.2,0.57,5.4,0.14,0
STU_12491,LGS,8,Başlayamayan,88,12.9,3,0.06,29.6,0.8,5.1,0.15,1
STU_12492,YKS_TYT_AYT,Mezun,Yarıda Bırakan,155,9.9,3,0.37,51.9,0.58,5.1,0.39,1
STU_12493,LGS,8,Telefonla Dağılan,389,30.5,2,0.78,68.9,0.22,6.0,0.36,1
STU_12494,YKS_TYT_AYT,11,Yarıda Bırakan,173,24.0,4,0.66,42.2,0.66,5.3,0.03,0
STU_12495,YKS_TYT_AYT,12,Telefonla Dağılan,449,23.6,6,0.98,66.9,0.45,2.5,0.47,0
STU_12496,YKS_TYT_AYT,12,Başlayamayan,108,11.5,1,0.57,49.8,0.83,5.7,0.72,1
STU_12497,YKS_TYT_AYT,Mezun,Geceye Kayan,688,44.4,5,0.59,56.7,0.34,2.9,0.74,0
STU_12498,YKS_TYT_AYT,Mezun,Başlayamayan,119,21.5,2,0.36,46.1,0.42,5.1,0.15,1
STU_12499,LGS,8,Geceye Kayan,749,35.8,3,0.44,66.9,0.23,4.2,0.76,0
STU_12500,YKS_TYT_AYT,11,Geceye Kayan,806,40.5,7,0.55,65.2,0.43,4.5,0.7,0
STU_12501,YKS_TYT_AYT,12,Telefonla Dağılan,765,30.0,9,0.55,66.0,0.41,5.2,0.87,1
STU_12502,YKS_TYT_AYT,11,Telefonla Dağılan,816,19.2,9,0.32,58.9,0.49,3.2,0.78,1
STU_12503,YKS_TYT_AYT,12,Yarıda Bırakan,244,14.9,6,0.35,67.1,0.58,6.0,0.61,1
STU_12504,LGS,8,Telefonla Dağılan,526,20.4,4,0.95,55.5,0.55,5.4,0.46,0
STU_12505,LGS,8,Yarıda Bırakan,186,15.7,5,0.48,53.1,0.23,3.4,0.57,0
STU_12506,YKS_TYT_AYT,12,Yarıda Bırakan,332,5.6,2,0.23,57.6,0.73,5.4,0.57,0
STU_12507,YKS_TYT_AYT,12,Telefonla Dağılan,397,21.9,4,0.77,34.4,0.45,3.9,0.81,0
STU_12508,YKS_TYT_AYT,12,Telefonla Dağılan,522,36.1,6,0.58,80.6,0.61,7.0,0.22,1
STU_12509,YKS_TYT_AYT,12,Telefonla Dağılan,629,22.8,7,0.49,56.2,0.64,4.5,0.5,1
STU_12510,LGS,8,Yarıda Bırakan,156,19.2,2,0.11,61.8,0.51,6.0,0.26,1
STU_12511,YKS_TYT_AYT,Mezun,Yarıda Bırakan,187,26.0,0,0.6,59.9,0.45,2.9,0.44,0
STU_12512,YKS_TYT_AYT,Mezun,Başlayamayan,127,16.1,3,0.78,56.7,0.91,8.2,0.5,1
STU_12513,YKS_TYT_AYT,11,Başlayamayan,157,8.9,3,0.22,47.2,0.76,5.6,0.5,1
STU_12514,YKS_TYT_AYT,Mezun,Yarıda Bırakan,145,24.7,1,0.55,46.1,0.57,3.0,0.47,1
STU_12515,YKS_TYT_AYT,12,Başlayamayan,120,8.9,1,0.67,48.7,0.83,8.2,0.34,1
STU_12516,LGS,8,Başlayamayan,78,6.1,1,0.29,52.0,0.9,4.8,0.14,0
STU_12517,YKS_TYT_AYT,11,Kaygıyla Erteleyen,217,38.3,1,0.77,100.0,0.81,7.5,0.41,0
STU_12518,YKS_TYT_AYT,12,Başlayamayan,134,5.1,1,0.43,49.7,0.87,5.5,0.33,1
STU_12519,YKS_TYT_AYT,Mezun,Telefonla Dağılan,634,30.2,6,0.62,52.5,0.54,7.3,0.6,0
STU_12520,YKS_TYT_AYT,12,Yarıda Bırakan,246,9.4,4,0.34,55.7,0.38,3.4,0.24,0
STU_12521,LGS,8,Kaygıyla Erteleyen,324,29.3,0,0.92,65.8,0.9,8.6,0.3,0
STU_12522,LGS,8,Telefonla Dağılan,593,20.0,5,0.96,54.1,0.28,5.5,0.62,0
STU_12523,LGS,8,Yarıda Bırakan,266,18.2,2,0.52,56.8,0.46,5.2,0.38,1
STU_12524,YKS_TYT_AYT,11,Telefonla Dağılan,518,33.4,8,0.67,74.4,0.16,4.7,0.45,1
STU_12525,LGS,8,Yarıda Bırakan,152,15.5,3,0.58,33.2,0.84,6.2,0.18,0
STU_12526,LGS,8,Telefonla Dağılan,487,21.7,3,0.58,50.5,0.22,5.1,0.77,0
STU_12527,YKS_TYT_AYT,11,Başlayamayan,74,6.5,0,0.22,56.6,0.51,6.4,0.45,1
STU_12528,LGS,8,Geceye Kayan,739,53.4,3,0.49,68.3,0.54,8.8,0.79,1
STU_12529,YKS_TYT_AYT,11,Yarıda Bırakan,203,18.9,4,0.58,52.9,0.47,5.1,0.25,1
STU_12530,YKS_TYT_AYT,12,Yarıda Bırakan,232,15.7,3,0.43,52.8,0.51,3.7,0.06,0
STU_12531,YKS_TYT_AYT,12,Telefonla Dağılan,431,16.7,7,0.86,64.3,0.21,1.9,0.23,1
STU_12532,LGS,8,Yarıda Bırakan,186,26.8,1,0.17,55.6,0.6,4.7,0.22,0
STU_12533,LGS,8,Kaygıyla Erteleyen,215,33.7,1,0.92,48.2,0.96,10.0,0.12,0
STU_12534,YKS_TYT_AYT,11,Yarıda Bırakan,302,7.4,2,0.46,62.2,0.12,3.6,0.36,0
STU_12535,YKS_TYT_AYT,Mezun,Telefonla Dağılan,756,19.7,5,0.37,76.7,0.53,5.3,0.52,0
STU_12536,YKS_TYT_AYT,12,Başlayamayan,68,7.0,0,0.38,33.3,0.89,8.2,0.38,1
STU_12537,LGS,8,Kaygıyla Erteleyen,305,45.8,1,0.67,54.0,0.54,9.4,0.36,0
STU_12538,YKS_TYT_AYT,Mezun,Telefonla Dağılan,452,22.6,7,0.51,39.0,0.5,4.5,0.68,1
STU_12539,YKS_TYT_AYT,11,Başlayamayan,241,10.6,0,0.42,40.2,0.83,6.4,0.48,0
STU_12540,YKS_TYT_AYT,12,Başlayamayan,242,15.1,1,0.2,57.1,0.81,5.4,0.51,1
STU_12541,YKS_TYT_AYT,12,Yarıda Bırakan,144,16.2,4,0.57,45.2,0.89,5.4,0.43,0
STU_12542,YKS_TYT_AYT,Mezun,Geceye Kayan,906,46.5,7,0.68,68.5,0.27,6.0,0.89,0
STU_12543,YKS_TYT_AYT,Mezun,Yarıda Bırakan,245,15.0,3,0.22,45.6,0.18,6.6,0.24,1
STU_12544,LGS,8,Yarıda Bırakan,209,24.7,2,0.6,44.2,0.35,6.7,0.29,0
STU_12545,YKS_TYT_AYT,12,Başlayamayan,61,10.8,1,0.21,41.6,0.62,5.9,0.19,1
STU_12546,LGS,8,Yarıda Bırakan,237,23.8,2,0.55,50.4,0.83,5.8,0.43,1
STU_12547,LGS,8,Telefonla Dağılan,443,24.8,10,0.55,68.2,0.65,4.4,0.28,1
STU_12548,LGS,8,Geceye Kayan,385,39.2,2,0.51,73.1,0.68,4.1,0.83,0
STU_12549,LGS,8,Telefonla Dağılan,530,24.3,8,0.41,65.3,0.43,4.3,0.79,0
STU_12550,LGS,8,Kaygıyla Erteleyen,355,24.7,1,0.48,80.2,0.76,9.0,0.15,1
STU_12551,LGS,8,Telefonla Dağılan,580,23.6,7,0.77,63.4,0.26,4.5,0.46,0
STU_12552,YKS_TYT_AYT,12,Başlayamayan,172,18.3,1,0.29,32.8,0.61,5.8,0.35,0
STU_12553,YKS_TYT_AYT,Mezun,Yarıda Bırakan,254,15.0,4,0.43,39.9,0.21,3.0,0.25,0
STU_12554,LGS,8,Telefonla Dağılan,457,31.1,7,0.65,75.2,0.24,5.6,0.57,1
STU_12555,YKS_TYT_AYT,11,Geceye Kayan,613,43.8,3,0.62,67.1,0.15,7.5,0.62,0
STU_12556,YKS_TYT_AYT,12,Kaygıyla Erteleyen,282,16.5,0,0.51,51.2,0.97,8.2,0.11,1
STU_12557,LGS,8,Yarıda Bırakan,285,18.1,4,0.56,47.2,0.82,2.9,0.37,0
STU_12558,LGS,8,Yarıda Bırakan,418,23.0,4,0.57,70.4,0.32,5.3,0.31,1
STU_12559,YKS_TYT_AYT,12,Başlayamayan,140,18.9,4,0.24,34.2,0.89,6.3,0.2,1
STU_12560,YKS_TYT_AYT,11,Geceye Kayan,712,35.1,4,0.8,62.3,0.11,5.5,0.57,0
STU_12561,YKS_TYT_AYT,Mezun,Kaygıyla Erteleyen,365,36.6,4,0.84,74.4,0.91,7.7,0.21,0
STU_12562,LGS,8,Kaygıyla Erteleyen,336,25.8,1,0.56,61.1,0.76,8.7,0.41,0
STU_12563,LGS,8,Yarıda Bırakan,206,12.8,0,0.16,46.4,0.71,5.0,0.59,0
STU_12564,LGS,8,Telefonla Dağılan,581,27.5,11,0.72,40.8,0.53,3.0,0.44,0
STU_12565,LGS,8,Yarıda Bırakan,350,20.2,1,0.68,45.2,0.48,5.1,0.27,0
STU_12566,LGS,8,Yarıda Bırakan,379,22.3,3,0.19,58.9,0.4,4.6,0.41,1
STU_12567,LGS,8,Telefonla Dağılan,465,29.0,10,0.46,51.4,0.47,5.4,0.67,0
STU_12568,YKS_TYT_AYT,Mezun,Başlayamayan,121,15.1,0,0.48,41.9,0.75,7.6,0.35,0
STU_12569,YKS_TYT_AYT,12,Başlayamayan,98,10.6,1,0.39,57.5,0.6,6.3,0.88,1
STU_12570,LGS,8,Geceye Kayan,703,27.1,4,0.72,74.8,0.18,5.4,0.72,1
STU_12571,YKS_TYT_AYT,12,Kaygıyla Erteleyen,508,40.2,1,0.52,91.2,0.97,10.0,0.2,0
STU_12572,LGS,8,Yarıda Bırakan,170,17.7,5,0.24,61.3,0.64,6.2,0.2,0
STU_12573,YKS_TYT_AYT,12,Telefonla Dağılan,507,15.7,7,0.38,64.8,0.67,4.0,0.4,1
STU_12574,LGS,8,Yarıda Bırakan,331,24.9,2,0.32,56.3,0.48,5.2,0.14,1
STU_12575,YKS_TYT_AYT,12,Telefonla Dağılan,435,25.6,8,0.53,41.1,0.26,7.0,0.74,0
STU_12576,YKS_TYT_AYT,12,Kaygıyla Erteleyen,461,24.9,0,0.77,57.7,0.75,9.7,0.23,0
STU_12577,YKS_TYT_AYT,11,Kaygıyla Erteleyen,331,21.1,2,0.75,79.2,0.88,7.5,0.28,0
STU_12578,LGS,8,Telefonla Dağılan,613,27.9,8,0.24,51.6,0.69,6.8,0.63,0
STU_12579,YKS_TYT_AYT,12,Başlayamayan,48,3.0,1,0.44,41.8,0.46,6.0,0.48,0
STU_12580,LGS,8,Yarıda Bırakan,239,11.1,2,0.38,78.6,0.78,5.5,0.53,1
STU_12581,YKS_TYT_AYT,12,Yarıda Bırakan,234,22.0,4,0.3,58.5,0.66,6.0,0.15,0
STU_12582,YKS_TYT_AYT,Mezun,Yarıda Bırakan,221,19.8,2,0.54,45.5,0.36,6.5,0.18,0
STU_12583,YKS_TYT_AYT,12,Kaygıyla Erteleyen,319,15.6,3,0.85,65.1,0.82,10.0,0.33,0
STU_12584,YKS_TYT_AYT,12,Yarıda Bırakan,324,12.8,4,0.42,56.1,0.44,6.3,0.49,1
STU_12585,YKS_TYT_AYT,12,Başlayamayan,158,9.2,0,0.29,48.0,0.75,8.3,0.6,1
STU_12586,LGS,8,Yarıda Bırakan,146,7.4,2,0.64,65.3,0.67,4.3,0.35,1
STU_12587,YKS_TYT_AYT,12,Geceye Kayan,548,32.0,3,0.39,70.4,0.5,5.1,0.93,0
STU_12588,LGS,8,Yarıda Bırakan,234,18.4,1,0.14,74.9,0.29,6.5,0.19,1
STU_12589,YKS_TYT_AYT,12,Telefonla Dağılan,451,19.1,4,0.47,76.5,0.3,4.7,0.86,0
STU_12590,YKS_TYT_AYT,12,Yarıda Bırakan,408,21.4,2,0.68,85.4,0.61,7.5,0.13,1
STU_12591,YKS_TYT_AYT,11,Başlayamayan,137,13.3,0,0.31,47.5,0.92,5.3,0.28,1
STU_12592,YKS_TYT_AYT,11,Telefonla Dağılan,733,25.5,8,0.55,73.9,0.31,2.7,0.49,1
STU_12593,YKS_TYT_AYT,11,Telefonla Dağılan,638,29.8,9,0.75,81.9,0.16,6.6,0.57,1
STU_12594,LGS,8,Telefonla Dağılan,556,23.6,9,0.25,64.2,0.42,4.7,0.34,1
STU_12595,YKS_TYT_AYT,11,Kaygıyla Erteleyen,271,34.8,4,0.86,89.5,0.95,8.4,0.35,0
STU_12596,LGS,8,Yarıda Bırakan,194,19.2,2,0.53,61.2,0.35,4.4,0.07,0
STU_12597,YKS_TYT_AYT,12,Başlayamayan,165,10.2,4,0.45,51.4,0.64,7.6,0.64,1
STU_12598,LGS,8,Geceye Kayan,791,48.2,5,0.81,71.2,0.29,4.9,0.84,0
STU_12599,LGS,8,Yarıda Bırakan,229,17.1,1,0.14,48.8,0.73,4.7,0.57,0
STU_12600,YKS_TYT_AYT,11,Telefonla Dağılan,483,29.0,14,0.28,61.5,0.22,5.4,0.58,1
STU_12601,LGS,8,Kaygıyla Erteleyen,221,31.3,1,0.93,65.6,0.69,10.0,0.52,0
STU_12602,YKS_TYT_AYT,Mezun,Yarıda Bırakan,330,15.6,1,0.15,62.9,0.54,5.1,0.17,1
STU_12603,LGS,8,Telefonla Dağılan,441,20.5,12,0.48,64.0,0.69,4.1,0.3,0
STU_12604,LGS,8,Başlayamayan,115,5.9,2,0.12,37.1,0.44,6.3,0.21,0
STU_12605,YKS_TYT_AYT,12,Yarıda Bırakan,235,24.6,1,0.58,37.6,0.79,3.2,0.14,1
STU_12606,LGS,8,Başlayamayan,79,8.3,2,0.39,40.0,0.61,3.2,0.11,1
STU_12607,LGS,8,Kaygıyla Erteleyen,215,31.2,5,0.8,57.4,0.78,8.8,0.08,1
STU_12608,YKS_TYT_AYT,11,Yarıda Bırakan,308,19.8,1,0.53,58.8,0.5,5.3,0.51,1
STU_12609,LGS,8,Telefonla Dağılan,454,18.5,5,0.71,67.9,0.36,3.0,0.73,1
STU_12610,YKS_TYT_AYT,12,Geceye Kayan,592,52.1,2,0.33,71.9,0.29,7.0,0.73,0
STU_12611,LGS,8,Telefonla Dağılan,611,17.9,9,0.75,61.6,0.41,5.2,0.36,0
STU_12612,LGS,8,Telefonla Dağılan,714,26.0,9,0.76,51.4,0.66,3.8,0.67,1
STU_12613,YKS_TYT_AYT,12,Yarıda Bırakan,265,11.3,1,0.4,69.8,0.21,5.9,0.06,0
STU_12614,LGS,8,Yarıda Bırakan,404,22.4,1,0.32,57.0,0.24,6.1,0.15,0
STU_12615,LGS,8,Telefonla Dağılan,608,30.9,5,0.58,60.2,0.46,7.0,0.47,1
STU_12616,LGS,8,Telefonla Dağılan,449,29.2,6,0.44,74.7,0.66,2.8,0.48,1
STU_12617,LGS,8,Geceye Kayan,736,27.7,5,0.48,66.6,0.25,3.3,0.95,0
STU_12618,YKS_TYT_AYT,Mezun,Geceye Kayan,660,42.0,2,0.69,75.3,0.35,5.8,0.65,0
STU_12619,LGS,8,Kaygıyla Erteleyen,454,35.0,0,0.77,68.7,0.64,9.7,0.26,1
STU_12620,YKS_TYT_AYT,11,Geceye Kayan,749,34.9,1,0.61,71.0,0.26,3.0,0.86,0
STU_12621,YKS_TYT_AYT,11,Yarıda Bırakan,153,10.3,3,0.62,51.3,0.47,5.5,0.23,0
STU_12622,YKS_TYT_AYT,12,Telefonla Dağılan,348,29.0,6,0.94,82.9,0.42,5.2,0.29,0
STU_12623,YKS_TYT_AYT,Mezun,Geceye Kayan,463,48.8,3,0.18,74.3,0.18,6.2,0.52,0
STU_12624,LGS,8,Yarıda Bırakan,238,16.2,4,0.39,54.0,0.31,6.5,0.55,0
STU_12625,YKS_TYT_AYT,12,Geceye Kayan,692,38.9,1,0.5,60.4,0.27,6.5,0.82,0
STU_12626,LGS,8,Yarıda Bırakan,145,12.1,6,0.43,52.9,0.55,5.3,0.17,0
STU_12627,YKS_TYT_AYT,12,Telefonla Dağılan,390,29.6,9,0.52,57.2,0.33,2.8,0.54,1
STU_12628,YKS_TYT_AYT,12,Telefonla Dağılan,473,25.8,5,0.79,76.1,0.09,5.7,0.58,1
STU_12629,LGS,8,Geceye Kayan,547,30.5,4,0.33,57.5,0.37,6.1,0.62,1
STU_12630,YKS_TYT_AYT,11,Yarıda Bırakan,206,23.1,2,0.39,59.1,0.7,4.2,0.45,0
STU_12631,YKS_TYT_AYT,12,Telefonla Dağılan,446,29.6,5,0.77,67.7,0.42,4.4,0.72,0
STU_12632,LGS,8,Telefonla Dağılan,739,32.6,5,0.49,51.1,0.68,5.0,0.29,1
STU_12633,LGS,8,Yarıda Bırakan,246,19.2,1,0.26,61.3,0.53,7.0,0.35,0
STU_12634,YKS_TYT_AYT,12,Kaygıyla Erteleyen,201,11.6,2,0.56,81.8,0.8,7.5,0.15,0
STU_12635,YKS_TYT_AYT,12,Telefonla Dağılan,550,23.0,6,0.42,54.8,0.28,5.4,0.4,1
STU_12636,YKS_TYT_AYT,12,Telefonla Dağılan,470,39.9,4,0.56,69.9,0.29,1.4,0.51,0
STU_12637,YKS_TYT_AYT,Mezun,Yarıda Bırakan,270,15.9,6,0.46,32.0,0.53,4.4,0.15,1
STU_12638,YKS_TYT_AYT,Mezun,Telefonla Dağılan,561,17.7,7,0.6,61.6,0.4,6.6,0.44,0
STU_12639,YKS_TYT_AYT,12,Telefonla Dağılan,387,34.5,5,0.68,37.8,0.82,2.3,0.23,0
STU_12640,LGS,8,Yarıda Bırakan,305,21.6,5,0.57,47.4,0.35,5.1,0.46,0
STU_12641,LGS,8,Başlayamayan,81,15.1,3,0.45,38.8,0.85,5.8,0.46,0
STU_12642,YKS_TYT_AYT,12,Geceye Kayan,628,36.9,2,0.42,77.6,0.38,5.1,0.84,0
STU_12643,YKS_TYT_AYT,11,Telefonla Dağılan,396,18.4,12,0.54,76.7,0.7,3.9,0.39,1
STU_12644,LGS,8,Telefonla Dağılan,390,26.4,7,0.8,67.6,0.56,4.7,0.62,0
STU_12645,LGS,8,Yarıda Bırakan,210,22.7,1,0.64,31.1,0.69,3.2,0.38,1
STU_12646,YKS_TYT_AYT,Mezun,Yarıda Bırakan,240,11.9,1,0.71,39.0,0.57,4.3,0.12,1
STU_12647,YKS_TYT_AYT,12,Yarıda Bırakan,265,24.8,1,0.44,59.3,0.56,4.8,0.21,1
STU_12648,YKS_TYT_AYT,Mezun,Yarıda Bırakan,164,20.0,5,0.3,54.2,0.42,6.0,0.2,0
STU_12649,YKS_TYT_AYT,12,Telefonla Dağılan,510,21.4,9,0.7,58.7,0.39,7.2,0.27,0
STU_12650,LGS,8,Telefonla Dağılan,666,29.0,6,0.51,48.4,0.42,3.2,0.42,0
STU_12651,LGS,8,Telefonla Dağılan,440,24.0,5,0.62,61.4,0.29,4.6,0.48,1
STU_12652,LGS,8,Başlayamayan,178,4.7,0,0.21,45.9,0.68,5.4,0.43,1
STU_12653,LGS,8,Telefonla Dağılan,622,29.4,5,0.49,52.5,0.52,6.4,0.32,1
STU_12654,YKS_TYT_AYT,11,Başlayamayan,146,12.3,3,0.47,33.9,0.9,8.0,0.35,1
STU_12655,LGS,8,Başlayamayan,95,14.0,1,0.47,49.3,0.91,8.1,0.24,1
STU_12656,YKS_TYT_AYT,12,Geceye Kayan,462,26.2,4,0.28,71.2,0.26,7.1,0.73,0
STU_12657,YKS_TYT_AYT,12,Telefonla Dağılan,713,18.6,6,0.82,62.0,0.28,3.4,0.6,0
STU_12658,LGS,8,Telefonla Dağılan,422,30.6,1,0.51,61.7,0.54,3.7,0.19,0
STU_12659,YKS_TYT_AYT,11,Yarıda Bırakan,404,23.7,3,0.5,51.7,0.82,6.5,0.12,0
STU_12660,YKS_TYT_AYT,12,Geceye Kayan,554,44.4,4,0.39,71.4,0.16,3.3,0.9,1
STU_12661,YKS_TYT_AYT,Mezun,Telefonla Dağılan,500,20.1,3,0.49,53.5,0.33,5.6,0.89,0
STU_12662,LGS,8,Kaygıyla Erteleyen,385,25.8,3,0.46,78.6,0.75,6.9,0.07,1
STU_12663,YKS_TYT_AYT,12,Yarıda Bırakan,175,20.6,3,0.35,59.5,0.43,5.3,0.24,1
STU_12664,YKS_TYT_AYT,12,Geceye Kayan,549,36.7,2,0.41,71.7,0.29,5.5,0.79,0
STU_12665,LGS,8,Kaygıyla Erteleyen,487,31.2,3,0.64,72.2,0.69,10.0,0.54,1
STU_12666,LGS,8,Kaygıyla Erteleyen,291,25.5,2,0.49,67.7,0.89,9.6,0.29,0
STU_12667,YKS_TYT_AYT,12,Başlayamayan,115,15.2,0,0.07,61.3,0.75,7.6,0.63,1
STU_12668,YKS_TYT_AYT,12,Yarıda Bırakan,224,19.2,2,0.49,55.2,0.51,7.2,0.06,0
STU_12669,LGS,8,Yarıda Bırakan,409,16.0,3,0.5,64.7,0.44,5.6,0.57,1
STU_12670,YKS_TYT_AYT,11,Yarıda Bırakan,183,19.9,2,0.68,44.3,0.91,3.8,0.07,0
STU_12671,LGS,8,Kaygıyla Erteleyen,254,24.4,3,0.95,66.0,0.63,9.6,0.61,0
STU_12672,YKS_TYT_AYT,11,Başlayamayan,127,16.4,3,0.41,51.3,0.73,4.9,0.73,1
STU_12673,LGS,8,Başlayamayan,71,14.8,4,0.06,49.4,0.91,9.3,0.24,1
STU_12674,YKS_TYT_AYT,11,Yarıda Bırakan,319,21.1,4,0.49,66.6,0.34,4.8,0.4,0
STU_12675,LGS,8,Başlayamayan,146,11.3,4,0.15,58.5,0.84,6.5,0.12,1
STU_12676,LGS,8,Yarıda Bırakan,174,5.4,1,0.45,53.9,0.67,2.8,0.75,1
STU_12677,LGS,8,Kaygıyla Erteleyen,261,25.6,3,0.7,73.0,0.57,8.9,0.09,0
STU_12678,LGS,8,Telefonla Dağılan,519,30.6,6,0.56,52.1,0.36,3.0,0.54,0
STU_12679,YKS_TYT_AYT,Mezun,Başlayamayan,92,9.0,0,0.59,54.5,0.63,6.8,0.21,1
STU_12680,LGS,8,Yarıda Bırakan,261,19.5,1,0.3,44.6,0.43,4.3,0.45,0
STU_12681,YKS_TYT_AYT,12,Yarıda Bırakan,312,21.9,3,0.35,55.7,0.4,5.2,0.32,1
STU_12682,LGS,8,Başlayamayan,72,18.2,1,0.28,60.7,0.56,9.0,0.17,1
STU_12683,LGS,8,Telefonla Dağılan,611,16.0,7,0.73,50.9,0.18,7.4,0.53,0
STU_12684,LGS,8,Telefonla Dağılan,631,21.2,9,0.56,40.2,0.41,5.1,0.4,0
STU_12685,LGS,8,Telefonla Dağılan,524,24.0,2,0.59,34.4,0.48,1.8,0.44,0
STU_12686,LGS,8,Telefonla Dağılan,629,34.3,9,0.33,56.2,0.28,2.3,0.72,0
STU_12687,LGS,8,Başlayamayan,129,12.8,1,0.22,42.4,0.83,7.9,0.18,1
STU_12688,YKS_TYT_AYT,11,Geceye Kayan,685,37.5,5,0.44,73.7,0.59,4.9,0.93,0
STU_12689,LGS,8,Kaygıyla Erteleyen,237,25.4,1,0.68,75.9,0.63,8.7,0.32,0
STU_12690,YKS_TYT_AYT,12,Geceye Kayan,603,41.0,4,0.47,62.7,0.41,6.0,0.75,0
STU_12691,YKS_TYT_AYT,11,Başlayamayan,116,14.4,2,0.49,68.6,0.9,7.7,0.08,1
STU_12692,LGS,8,Geceye Kayan,507,34.6,4,0.42,66.3,0.37,7.9,0.92,0
STU_12693,YKS_TYT_AYT,Mezun,Kaygıyla Erteleyen,399,24.6,2,0.77,65.2,0.79,8.6,0.37,0
STU_12694,YKS_TYT_AYT,Mezun,Kaygıyla Erteleyen,399,41.6,4,0.9,69.9,0.56,8.4,0.31,1
STU_12695,YKS_TYT_AYT,12,Başlayamayan,102,17.6,2,0.09,47.3,0.67,4.4,0.2,1
STU_12696,YKS_TYT_AYT,12,Telefonla Dağılan,477,16.0,9,0.22,44.7,0.58,5.3,0.66,0
STU_12697,LGS,8,Geceye Kayan,539,21.8,1,0.31,51.6,0.22,4.8,0.91,0
STU_12698,YKS_TYT_AYT,12,Telefonla Dağılan,646,22.4,9,0.86,51.6,0.38,5.9,0.47,1
STU_12699,YKS_TYT_AYT,Mezun,Telefonla Dağılan,408,3.0,10,0.65,78.5,0.66,4.3,0.84,0
STU_12700,YKS_TYT_AYT,11,Geceye Kayan,433,45.7,5,0.89,82.6,0.63,5.9,0.86,1
STU_12701,YKS_TYT_AYT,11,Yarıda Bırakan,304,24.4,1,0.3,58.3,0.62,3.3,0.52,1
STU_12702,LGS,8,Telefonla Dağılan,617,17.0,4,0.65,76.0,0.28,5.9,0.45,0
STU_12703,LGS,8,Telefonla Dağılan,532,23.9,1,0.55,71.0,0.44,2.4,0.8,0
STU_12704,YKS_TYT_AYT,11,Geceye Kayan,762,34.6,7,0.8,63.2,0.15,5.3,0.86,0
STU_12705,YKS_TYT_AYT,12,Başlayamayan,159,8.7,2,0.19,67.4,0.56,7.2,0.02,1
STU_12706,LGS,8,Telefonla Dağılan,738,28.0,10,0.49,77.3,0.53,3.5,0.45,0
STU_12707,LGS,8,Telefonla Dağılan,439,21.5,3,0.6,74.7,0.56,4.5,0.53,1
STU_12708,LGS,8,Kaygıyla Erteleyen,265,38.6,1,0.64,100.0,0.49,7.8,0.17,0
STU_12709,LGS,8,Telefonla Dağılan,418,22.5,5,0.32,73.9,0.24,5.5,0.64,0
STU_12710,YKS_TYT_AYT,12,Geceye Kayan,514,34.1,1,0.5,54.2,0.36,4.9,0.67,1
STU_12711,YKS_TYT_AYT,Mezun,Geceye Kayan,442,25.6,6,0.51,58.6,0.64,10.0,0.77,1
STU_12712,LGS,8,Başlayamayan,93,10.8,1,0.37,34.6,0.81,8.4,0.59,0
STU_12713,LGS,8,Yarıda Bırakan,322,16.5,1,0.6,58.5,0.62,3.3,0.29,0
STU_12714,LGS,8,Başlayamayan,171,8.7,0,0.18,37.3,0.4,6.4,0.39,1
STU_12715,LGS,8,Yarıda Bırakan,271,18.6,4,0.56,62.5,0.3,4.6,0.45,0
STU_12716,YKS_TYT_AYT,Mezun,Telefonla Dağılan,546,23.0,4,0.48,65.8,0.77,4.7,0.48,1
STU_12717,YKS_TYT_AYT,11,Geceye Kayan,759,45.1,4,0.52,67.1,0.16,2.1,0.76,0
STU_12718,YKS_TYT_AYT,Mezun,Kaygıyla Erteleyen,225,36.2,3,0.79,86.4,0.84,9.3,0.19,0
STU_12719,LGS,8,Başlayamayan,137,5.9,4,0.18,41.7,0.79,6.0,0.1,0
STU_12720,YKS_TYT_AYT,12,Başlayamayan,71,10.3,2,0.32,43.6,0.85,5.8,0.19,1
STU_12721,YKS_TYT_AYT,11,Telefonla Dağılan,502,27.7,6,0.84,71.1,0.24,3.7,0.73,1
STU_12722,YKS_TYT_AYT,Mezun,Telefonla Dağılan,577,41.0,6,0.88,58.8,0.41,4.7,0.27,1
STU_12723,YKS_TYT_AYT,Mezun,Yarıda Bırakan,316,20.5,3,0.22,55.4,0.55,4.5,0.36,1
STU_12724,LGS,8,Geceye Kayan,709,36.3,7,0.54,85.9,0.59,5.9,0.89,0
STU_12725,LGS,8,Geceye Kayan,585,43.1,3,0.71,79.4,0.16,5.9,0.73,0
STU_12726,LGS,8,Yarıda Bırakan,283,22.6,2,0.53,42.5,0.56,4.1,0.26,0
STU_12727,LGS,8,Geceye Kayan,393,23.7,2,0.83,97.0,0.53,5.9,0.82,1
STU_12728,LGS,8,Yarıda Bırakan,125,33.8,2,0.26,59.8,0.3,3.0,0.24,1
STU_12729,YKS_TYT_AYT,12,Telefonla Dağılan,659,25.6,9,0.27,69.0,0.37,4.5,0.76,0
STU_12730,YKS_TYT_AYT,12,Telefonla Dağılan,427,18.7,6,0.43,50.4,0.62,4.2,0.77,0
STU_12731,YKS_TYT_AYT,11,Başlayamayan,82,7.5,4,0.27,45.7,0.74,6.2,0.7,1
STU_12732,LGS,8,Geceye Kayan,387,20.5,5,0.68,71.8,0.22,7.0,0.56,0
STU_12733,YKS_TYT_AYT,11,Yarıda Bırakan,326,23.8,0,0.4,51.4,0.39,4.6,0.36,0
STU_12734,YKS_TYT_AYT,11,Telefonla Dağılan,532,19.2,9,0.49,59.7,0.2,4.0,0.67,0
STU_12735,YKS_TYT_AYT,11,Yarıda Bırakan,302,22.8,3,0.45,51.4,0.34,4.2,0.22,1
STU_12736,YKS_TYT_AYT,12,Başlayamayan,86,8.5,1,0.13,61.4,0.86,6.9,0.5,0
STU_12737,YKS_TYT_AYT,Mezun,Başlayamayan,84,9.0,2,0.29,44.3,0.71,6.0,0.3,0
STU_12738,YKS_TYT_AYT,12,Telefonla Dağılan,381,16.9,3,0.42,69.6,0.24,5.1,0.23,0
STU_12739,LGS,8,Telefonla Dağılan,499,28.3,4,0.53,66.5,0.37,6.2,0.76,1
STU_12740,LGS,8,Yarıda Bırakan,330,22.0,2,0.2,49.3,0.86,4.5,0.15,0
STU_12741,LGS,8,Telefonla Dağılan,681,24.5,7,0.66,61.3,0.4,2.1,0.6,0
STU_12742,LGS,8,Telefonla Dağılan,686,22.4,7,0.74,78.9,0.61,2.6,0.47,1
STU_12743,LGS,8,Telefonla Dağılan,507,28.3,12,0.59,69.1,0.38,5.1,0.62,0
STU_12744,YKS_TYT_AYT,11,Telefonla Dağılan,409,16.9,5,0.5,73.1,0.5,3.0,0.3,1
STU_12745,YKS_TYT_AYT,12,Geceye Kayan,534,47.9,6,0.25,82.4,0.1,6.6,0.47,0
STU_12746,YKS_TYT_AYT,12,Telefonla Dağılan,420,21.3,7,0.6,65.0,0.57,3.6,0.53,0
STU_12747,LGS,8,Yarıda Bırakan,311,20.0,4,0.21,49.2,0.47,5.4,0.52,1
STU_12748,YKS_TYT_AYT,12,Başlayamayan,66,9.5,2,0.04,32.2,0.74,7.9,0.27,0
STU_12749,YKS_TYT_AYT,11,Yarıda Bırakan,330,23.7,1,0.39,46.8,0.65,5.6,0.41,0
STU_12750,LGS,8,Başlayamayan,164,14.3,1,0.65,53.3,0.59,9.8,0.22,0
STU_12751,YKS_TYT_AYT,11,Telefonla Dağılan,804,19.4,6,0.22,62.6,0.46,3.9,0.63,0
STU_12752,LGS,8,Yarıda Bırakan,229,24.8,2,0.59,59.4,0.72,6.0,0.19,1
STU_12753,LGS,8,Yarıda Bırakan,382,17.5,3,0.51,39.5,0.47,4.9,0.18,0
STU_12754,YKS_TYT_AYT,11,Kaygıyla Erteleyen,368,25.1,3,0.79,88.7,0.81,9.4,0.25,1
STU_12755,LGS,8,Yarıda Bırakan,313,6.7,2,0.4,40.3,0.69,5.8,0.51,1
STU_12756,YKS_TYT_AYT,12,Yarıda Bırakan,325,23.0,1,0.32,44.0,0.55,3.9,0.23,1
STU_12757,YKS_TYT_AYT,11,Başlayamayan,207,10.1,1,0.59,63.2,0.49,6.2,0.36,0
STU_12758,YKS_TYT_AYT,12,Kaygıyla Erteleyen,571,27.1,1,0.74,52.2,0.42,7.7,0.4,0
STU_12759,LGS,8,Başlayamayan,218,12.2,4,0.21,50.1,0.43,7.0,0.26,0
STU_12760,LGS,8,Yarıda Bırakan,237,12.3,4,0.31,36.6,0.47,5.8,0.18,1
STU_12761,LGS,8,Telefonla Dağılan,406,24.5,4,0.4,48.5,0.71,5.4,0.13,0
STU_12762,YKS_TYT_AYT,Mezun,Telefonla Dağılan,506,26.5,5,0.45,78.7,0.32,5.6,0.62,0
STU_12763,YKS_TYT_AYT,12,Telefonla Dağılan,513,18.2,5,0.72,76.4,0.51,5.4,0.54,1
STU_12764,LGS,8,Kaygıyla Erteleyen,257,36.7,0,0.53,77.0,0.78,8.2,0.11,1
STU_12765,YKS_TYT_AYT,12,Başlayamayan,50,6.9,1,0.31,71.9,0.22,7.5,0.09,0
STU_12766,YKS_TYT_AYT,11,Yarıda Bırakan,269,23.5,1,0.46,51.4,0.2,5.2,0.16,0
STU_12767,LGS,8,Yarıda Bırakan,273,14.1,0,0.63,61.8,0.37,4.1,0.76,0
STU_12768,YKS_TYT_AYT,12,Başlayamayan,177,13.9,3,0.28,45.0,0.81,5.6,0.19,0
STU_12769,YKS_TYT_AYT,11,Yarıda Bırakan,254,18.7,3,0.75,64.6,0.28,5.4,0.22,1
STU_12770,LGS,8,Yarıda Bırakan,250,20.6,4,0.56,48.5,0.48,5.9,0.2,0
STU_12771,LGS,8,Telefonla Dağılan,551,15.3,2,0.89,63.7,0.4,3.2,0.13,0
STU_12772,YKS_TYT_AYT,Mezun,Telefonla Dağılan,558,25.9,8,0.34,67.3,0.44,5.3,0.22,0
STU_12773,YKS_TYT_AYT,11,Yarıda Bırakan,305,25.4,0,0.24,42.7,0.34,6.0,0.56,1
STU_12774,YKS_TYT_AYT,11,Telefonla Dağılan,421,22.8,4,0.69,60.8,0.44,2.3,0.53,0
STU_12775,YKS_TYT_AYT,12,Yarıda Bırakan,216,22.9,1,0.5,56.8,0.63,3.2,0.34,1
STU_12776,LGS,8,Yarıda Bırakan,226,11.2,4,0.54,46.9,0.43,5.8,0.44,1
STU_12777,LGS,8,Telefonla Dağılan,582,19.9,8,0.59,44.6,0.7,4.9,0.9,1
STU_12778,YKS_TYT_AYT,12,Başlayamayan,72,14.5,0,0.43,42.7,0.7,7.8,0.36,1
STU_12779,LGS,8,Başlayamayan,124,9.4,1,0.11,51.5,0.54,5.5,0.13,0
STU_12780,LGS,8,Yarıda Bırakan,354,20.6,4,0.62,71.5,0.33,2.9,0.51,1
STU_12781,YKS_TYT_AYT,12,Geceye Kayan,658,23.7,4,0.48,61.1,0.75,6.7,0.85,1
STU_12782,YKS_TYT_AYT,12,Telefonla Dağılan,517,20.0,5,0.43,52.4,0.14,5.1,0.85,1
STU_12783,YKS_TYT_AYT,11,Başlayamayan,107,18.0,0,0.38,49.7,0.91,7.6,0.17,0
STU_12784,YKS_TYT_AYT,12,Kaygıyla Erteleyen,409,34.2,0,0.79,56.6,0.77,8.7,0.43,0
STU_12785,LGS,8,Telefonla Dağılan,465,19.6,9,0.78,57.4,0.53,3.6,0.83,0
STU_12786,YKS_TYT_AYT,12,Telefonla Dağılan,604,15.6,8,0.66,42.2,0.51,4.4,0.36,0
STU_12787,LGS,8,Kaygıyla Erteleyen,238,27.3,2,0.89,69.0,0.93,6.9,0.09,0
STU_12788,YKS_TYT_AYT,11,Yarıda Bırakan,290,14.3,5,0.65,59.4,0.48,4.8,0.15,0
STU_12789,YKS_TYT_AYT,Mezun,Yarıda Bırakan,166,26.2,3,0.43,69.3,0.22,6.4,0.48,0
STU_12790,YKS_TYT_AYT,12,Telefonla Dağılan,535,31.1,5,0.66,68.4,0.39,5.4,0.42,0
STU_12791,YKS_TYT_AYT,11,Telefonla Dağılan,613,22.5,1,0.68,51.7,0.74,3.5,0.4,0
STU_12792,YKS_TYT_AYT,12,Telefonla Dağılan,470,26.5,10,0.65,56.3,0.48,4.5,0.68,0
STU_12793,LGS,8,Telefonla Dağılan,408,24.0,5,0.35,54.7,0.42,6.4,0.35,1
STU_12794,YKS_TYT_AYT,12,Geceye Kayan,615,36.2,2,0.32,65.0,0.36,4.6,0.88,0
STU_12795,YKS_TYT_AYT,12,Geceye Kayan,702,24.3,3,0.67,74.5,0.28,3.6,0.66,1
STU_12796,LGS,8,Kaygıyla Erteleyen,284,21.9,1,0.69,58.7,0.65,8.0,0.03,0
STU_12797,YKS_TYT_AYT,12,Kaygıyla Erteleyen,284,35.5,3,0.22,87.9,0.74,6.8,0.6,1
STU_12798,YKS_TYT_AYT,Mezun,Geceye Kayan,668,29.6,2,0.37,70.2,0.62,6.1,0.75,0
STU_12799,LGS,8,Başlayamayan,115,17.8,4,0.17,50.0,0.57,8.7,0.34,1
STU_12800,YKS_TYT_AYT,12,Yarıda Bırakan,361,19.4,0,0.2,53.5,0.63,4.1,0.33,1
STU_12801,YKS_TYT_AYT,Mezun,Telefonla Dağılan,701,17.9,8,0.58,73.5,0.39,4.0,0.52,1
STU_12802,YKS_TYT_AYT,12,Kaygıyla Erteleyen,315,22.4,3,0.5,63.4,0.9,8.7,0.3,1
STU_12803,YKS_TYT_AYT,12,Telefonla Dağılan,631,27.2,8,0.76,67.9,0.48,3.1,0.64,0
STU_12804,YKS_TYT_AYT,Mezun,Telefonla Dağılan,620,25.8,6,0.76,50.3,0.49,4.1,0.7,0
STU_12805,YKS_TYT_AYT,12,Başlayamayan,123,4.6,3,0.45,38.8,0.74,8.1,0.6,0
STU_12806,YKS_TYT_AYT,12,Yarıda Bırakan,219,15.8,5,0.34,51.3,0.68,5.2,0.5,1
STU_12807,LGS,8,Telefonla Dağılan,288,10.5,7,0.56,69.3,0.66,4.8,0.44,1
STU_12808,YKS_TYT_AYT,Mezun,Başlayamayan,150,4.6,2,0.12,31.1,0.83,4.4,0.43,0
STU_12809,YKS_TYT_AYT,Mezun,Yarıda Bırakan,262,12.7,2,0.53,59.7,0.58,5.4,0.05,1
STU_12810,LGS,8,Yarıda Bırakan,180,25.0,2,0.59,51.6,0.33,6.1,0.59,1
STU_12811,YKS_TYT_AYT,12,Yarıda Bırakan,318,13.7,3,0.23,38.6,0.07,5.5,0.03,0
STU_12812,YKS_TYT_AYT,12,Telefonla Dağılan,435,30.3,6,0.71,64.8,0.37,5.5,0.38,0
STU_12813,LGS,8,Yarıda Bırakan,281,20.2,1,0.53,50.1,0.44,6.6,0.19,0
STU_12814,YKS_TYT_AYT,11,Telefonla Dağılan,479,28.8,9,0.69,55.6,0.58,5.8,0.75,0
STU_12815,YKS_TYT_AYT,12,Başlayamayan,77,12.4,2,0.24,33.6,0.86,7.5,0.39,0
STU_12816,YKS_TYT_AYT,12,Kaygıyla Erteleyen,200,33.2,1,0.55,91.9,0.91,7.6,0.34,1
STU_12817,LGS,8,Yarıda Bırakan,189,29.1,7,0.08,64.3,0.49,5.7,0.38,1
STU_12818,LGS,8,Telefonla Dağılan,353,18.9,8,0.55,66.8,0.51,3.7,0.46,1
STU_12819,LGS,8,Telefonla Dağılan,443,19.7,9,0.83,39.7,0.58,3.8,0.14,1
STU_12820,YKS_TYT_AYT,Mezun,Başlayamayan,66,14.9,1,0.11,76.2,0.77,7.2,0.24,1
STU_12821,LGS,8,Geceye Kayan,638,37.3,4,0.56,85.9,0.25,5.7,0.55,0
STU_12822,YKS_TYT_AYT,11,Telefonla Dağılan,416,29.7,3,0.67,86.1,0.25,1.5,0.51,1
STU_12823,LGS,8,Yarıda Bırakan,171,21.5,4,0.3,56.0,0.78,5.0,0.36,0
STU_12824,LGS,8,Başlayamayan,105,9.2,1,0.1,44.1,0.47,6.5,0.8,1
STU_12825,YKS_TYT_AYT,11,Geceye Kayan,529,24.5,4,0.78,68.0,0.1,6.1,0.87,0
STU_12826,YKS_TYT_AYT,12,Kaygıyla Erteleyen,264,21.3,3,0.78,76.8,0.87,7.5,0.33,0
STU_12827,LGS,8,Başlayamayan,64,4.0,2,0.06,37.4,0.65,5.7,0.13,0
STU_12828,YKS_TYT_AYT,12,Yarıda Bırakan,310,19.2,5,0.5,52.2,0.7,4.5,0.37,0
STU_12829,LGS,8,Kaygıyla Erteleyen,378,35.9,3,0.68,66.1,0.51,7.6,0.69,0
STU_12830,YKS_TYT_AYT,12,Telefonla Dağılan,522,21.3,4,0.42,62.5,0.57,4.8,0.76,0
STU_12831,YKS_TYT_AYT,Mezun,Kaygıyla Erteleyen,256,24.9,1,0.96,80.7,0.91,8.3,0.11,0
STU_12832,LGS,8,Yarıda Bırakan,275,26.5,1,0.27,57.8,0.46,5.0,0.39,1
STU_12833,LGS,8,Telefonla Dağılan,534,29.8,5,0.69,46.9,0.48,6.4,0.38,1
STU_12834,LGS,8,Yarıda Bırakan,283,18.9,4,0.46,50.0,0.59,7.8,0.25,0
STU_12835,YKS_TYT_AYT,12,Başlayamayan,130,7.5,3,0.27,40.7,0.55,10.0,0.1,1
STU_12836,YKS_TYT_AYT,12,Telefonla Dağılan,448,20.4,5,0.25,62.4,0.62,7.2,0.5,1
STU_12837,LGS,8,Geceye Kayan,591,37.6,3,0.8,75.9,0.23,6.6,0.73,0
STU_12838,YKS_TYT_AYT,12,Yarıda Bırakan,156,18.2,3,0.3,62.7,0.56,5.5,0.03,0
STU_12839,LGS,8,Yarıda Bırakan,332,17.2,3,0.09,50.8,0.41,4.3,0.73,0
STU_12840,LGS,8,Telefonla Dağılan,536,18.5,9,0.71,70.2,0.53,4.0,0.76,1
STU_12841,YKS_TYT_AYT,12,Telefonla Dağılan,673,21.6,2,0.59,71.8,0.48,2.7,0.66,1
STU_12842,YKS_TYT_AYT,12,Kaygıyla Erteleyen,380,44.6,1,0.54,74.8,0.77,6.9,0.67,1
STU_12843,YKS_TYT_AYT,12,Kaygıyla Erteleyen,315,18.9,0,0.84,63.1,0.85,10.0,0.65,0
STU_12844,YKS_TYT_AYT,11,Başlayamayan,148,19.6,1,0.41,24.1,0.62,8.5,0.28,1
STU_12845,LGS,8,Geceye Kayan,322,35.8,2,0.58,67.4,0.15,6.8,0.86,0
STU_12846,YKS_TYT_AYT,11,Kaygıyla Erteleyen,360,18.8,1,0.72,51.4,0.86,9.1,0.35,1
STU_12847,LGS,8,Kaygıyla Erteleyen,245,19.8,1,0.59,49.0,0.78,10.0,0.29,0
STU_12848,YKS_TYT_AYT,11,Telefonla Dağılan,337,23.2,12,0.73,73.6,0.3,6.6,0.36,1
STU_12849,LGS,8,Kaygıyla Erteleyen,216,33.2,2,0.67,36.1,0.8,8.0,0.25,0
STU_12850,YKS_TYT_AYT,12,Başlayamayan,100,4.4,0,0.11,41.6,0.61,7.4,0.09,1
STU_12851,LGS,8,Yarıda Bırakan,243,13.1,3,0.54,57.2,0.28,7.1,0.07,1
STU_12852,LGS,8,Kaygıyla Erteleyen,334,28.9,0,0.65,56.5,0.76,9.0,0.53,0
STU_12853,YKS_TYT_AYT,Mezun,Başlayamayan,91,7.9,2,0.18,38.8,0.4,5.9,0.54,1
STU_12854,LGS,8,Başlayamayan,112,17.7,1,0.08,61.5,0.72,7.3,0.36,0
STU_12855,YKS_TYT_AYT,11,Kaygıyla Erteleyen,310,34.0,1,0.79,83.2,0.74,7.4,0.14,1
STU_12856,LGS,8,Kaygıyla Erteleyen,412,30.1,3,0.9,77.6,0.18,7.5,0.64,1
STU_12857,LGS,8,Başlayamayan,147,11.4,2,0.06,48.3,0.92,5.6,0.79,0
STU_12858,LGS,8,Kaygıyla Erteleyen,322,27.5,4,0.84,59.8,0.62,7.9,0.1,0
STU_12859,LGS,8,Telefonla Dağılan,511,20.8,5,0.82,58.9,0.35,5.7,0.42,0
STU_12860,YKS_TYT_AYT,Mezun,Telefonla Dağılan,377,14.3,6,0.79,60.2,0.3,3.2,0.31,0
STU_12861,LGS,8,Kaygıyla Erteleyen,411,29.1,5,0.73,81.5,0.97,7.7,0.17,1
STU_12862,YKS_TYT_AYT,Mezun,Yarıda Bırakan,221,24.4,4,0.7,41.5,0.7,7.3,0.33,1
STU_12863,YKS_TYT_AYT,12,Başlayamayan,80,4.9,1,0.72,34.3,0.57,4.8,0.2,1
STU_12864,YKS_TYT_AYT,12,Yarıda Bırakan,184,9.7,1,0.55,50.0,0.53,4.6,0.26,1
STU_12865,YKS_TYT_AYT,12,Telefonla Dağılan,529,21.7,5,0.76,76.7,0.5,4.2,0.55,0
STU_12866,YKS_TYT_AYT,12,Telefonla Dağılan,662,21.0,4,0.57,70.5,0.21,5.0,0.39,1
STU_12867,YKS_TYT_AYT,Mezun,Kaygıyla Erteleyen,279,25.3,1,0.52,44.3,0.55,10.0,0.36,1
STU_12868,LGS,8,Kaygıyla Erteleyen,339,18.8,0,0.87,56.3,0.65,10.0,0.19,0
STU_12869,LGS,8,Telefonla Dağılan,651,24.9,6,0.28,49.6,0.16,5.4,0.88,1
STU_12870,YKS_TYT_AYT,11,Kaygıyla Erteleyen,467,35.0,2,0.65,43.2,0.34,8.0,0.4,0
STU_12871,YKS_TYT_AYT,11,Başlayamayan,112,7.2,2,0.46,19.7,0.49,7.4,0.28,0
STU_12872,YKS_TYT_AYT,11,Başlayamayan,91,8.2,1,0.36,49.0,0.87,8.9,0.44,0
STU_12873,LGS,8,Kaygıyla Erteleyen,274,24.8,1,0.8,48.5,0.68,8.7,0.5,1
STU_12874,YKS_TYT_AYT,Mezun,Başlayamayan,129,7.2,2,0.35,45.9,0.4,4.4,0.16,1
STU_12875,YKS_TYT_AYT,12,Yarıda Bırakan,205,23.4,3,0.75,53.3,0.13,3.1,0.24,0
STU_12876,YKS_TYT_AYT,12,Telefonla Dağılan,559,24.7,5,0.39,59.3,0.43,4.6,0.15,0
STU_12877,LGS,8,Yarıda Bırakan,182,14.6,1,0.3,61.4,0.74,5.4,0.06,0
STU_12878,YKS_TYT_AYT,11,Kaygıyla Erteleyen,229,18.6,2,0.92,41.7,0.65,10.0,0.57,1
STU_12879,LGS,8,Yarıda Bırakan,339,21.7,0,0.69,75.1,0.35,6.9,0.05,0
STU_12880,LGS,8,Başlayamayan,108,15.4,3,0.24,65.7,0.86,6.5,0.49,0
STU_12881,YKS_TYT_AYT,12,Yarıda Bırakan,167,16.9,3,0.15,43.9,0.43,5.2,0.36,0
STU_12882,LGS,8,Telefonla Dağılan,424,20.0,7,0.54,64.8,0.21,4.1,0.36,0
STU_12883,LGS,8,Yarıda Bırakan,251,17.9,0,0.42,61.0,0.33,3.8,0.27,1
STU_12884,LGS,8,Telefonla Dağılan,428,19.7,2,0.6,73.6,0.33,5.1,0.62,1
STU_12885,YKS_TYT_AYT,11,Kaygıyla Erteleyen,230,18.1,2,0.8,63.9,0.78,9.3,0.1,0
STU_12886,YKS_TYT_AYT,12,Geceye Kayan,462,41.0,4,0.46,67.3,0.15,5.3,0.91,0
STU_12887,LGS,8,Yarıda Bırakan,157,18.2,0,0.46,61.9,0.44,5.6,0.19,1
STU_12888,YKS_TYT_AYT,12,Yarıda Bırakan,200,15.4,1,0.51,37.5,0.61,3.4,0.34,0
STU_12889,YKS_TYT_AYT,Mezun,Telefonla Dağılan,513,14.8,7,0.5,69.6,0.8,4.7,0.78,1
STU_12890,LGS,8,Geceye Kayan,579,58.1,3,0.54,72.7,0.38,6.4,0.86,1
STU_12891,YKS_TYT_AYT,12,Geceye Kayan,519,23.5,7,0.63,66.0,0.65,5.1,0.9,1
STU_12892,YKS_TYT_AYT,11,Yarıda Bırakan,181,19.1,1,0.41,51.2,0.55,5.0,0.34,0
STU_12893,YKS_TYT_AYT,Mezun,Telefonla Dağılan,604,20.7,4,0.73,81.9,0.7,5.5,0.43,1
STU_12894,LGS,8,Yarıda Bırakan,190,20.6,2,0.44,52.7,0.58,4.8,0.04,1
STU_12895,YKS_TYT_AYT,11,Başlayamayan,54,8.8,1,0.58,59.9,0.41,6.0,0.24,1
STU_12896,YKS_TYT_AYT,12,Başlayamayan,80,9.4,1,0.78,37.9,0.57,8.5,0.6,1
STU_12897,LGS,8,Yarıda Bırakan,186,14.2,2,0.63,33.7,0.41,6.2,0.79,0
STU_12898,YKS_TYT_AYT,12,Telefonla Dağılan,456,23.6,4,0.6,49.3,0.38,4.5,0.35,0
STU_12899,LGS,8,Başlayamayan,95,10.0,0,0.2,44.4,0.44,5.9,0.26,0
STU_12900,LGS,8,Telefonla Dağılan,457,23.8,10,0.64,43.8,0.54,4.4,0.78,1
STU_12901,YKS_TYT_AYT,12,Yarıda Bırakan,142,11.3,1,0.33,68.8,0.42,4.1,0.5,0
STU_12902,LGS,8,Telefonla Dağılan,568,30.3,4,0.28,59.7,0.56,3.1,0.48,1
STU_12903,LGS,8,Yarıda Bırakan,297,18.8,4,0.69,40.8,0.37,5.8,0.46,0
STU_12904,YKS_TYT_AYT,11,Başlayamayan,126,4.4,1,0.41,70.2,0.65,7.2,0.13,1
STU_12905,LGS,8,Yarıda Bırakan,202,24.3,3,0.24,25.4,0.24,6.4,0.23,0
STU_12906,YKS_TYT_AYT,12,Yarıda Bırakan,239,20.5,2,0.32,70.9,0.28,2.6,0.49,0
STU_12907,LGS,8,Telefonla Dağılan,404,28.6,10,0.25,50.1,0.28,7.2,0.61,0
STU_12908,LGS,8,Başlayamayan,134,15.6,2,0.29,41.4,0.81,7.2,0.6,1
STU_12909,LGS,8,Telefonla Dağılan,672,28.9,9,0.52,63.4,0.56,5.0,0.56,1
STU_12910,LGS,8,Başlayamayan,100,14.8,1,0.32,45.6,0.87,6.4,0.3,1
STU_12911,LGS,8,Telefonla Dağılan,396,31.0,13,0.53,54.9,0.52,2.7,0.59,0
STU_12912,YKS_TYT_AYT,11,Kaygıyla Erteleyen,284,21.1,7,0.78,55.3,0.76,7.9,0.21,0
STU_12913,YKS_TYT_AYT,12,Başlayamayan,131,10.1,2,0.26,65.5,0.85,7.7,0.2,0
STU_12914,LGS,8,Yarıda Bırakan,254,18.0,3,0.6,55.1,0.4,5.5,0.24,0
STU_12915,YKS_TYT_AYT,12,Başlayamayan,193,3.5,2,0.3,44.5,0.97,4.9,0.34,1
STU_12916,YKS_TYT_AYT,12,Telefonla Dağılan,456,17.8,9,0.57,66.4,0.23,5.3,0.72,0
STU_12917,YKS_TYT_AYT,Mezun,Yarıda Bırakan,351,7.4,2,0.3,32.0,0.53,5.9,0.38,0
STU_12918,YKS_TYT_AYT,11,Telefonla Dağılan,453,18.8,6,0.84,69.3,0.42,3.8,0.08,0
STU_12919,LGS,8,Telefonla Dağılan,536,15.7,4,0.33,68.7,0.16,5.4,0.18,0
STU_12920,LGS,8,Geceye Kayan,509,30.7,4,0.65,75.6,0.13,5.0,0.64,0
STU_12921,YKS_TYT_AYT,12,Telefonla Dağılan,480,21.0,3,0.7,57.6,0.29,4.7,0.19,0
STU_12922,YKS_TYT_AYT,11,Telefonla Dağılan,516,30.8,7,0.37,60.4,0.3,4.2,0.27,0
STU_12923,LGS,8,Yarıda Bırakan,285,19.8,2,0.29,57.4,0.5,6.3,0.29,1
STU_12924,LGS,8,Geceye Kayan,547,23.7,2,0.53,68.1,0.21,4.5,0.74,1
STU_12925,YKS_TYT_AYT,12,Kaygıyla Erteleyen,237,20.6,3,0.86,74.0,0.94,8.9,0.73,0
STU_12926,YKS_TYT_AYT,12,Yarıda Bırakan,281,13.3,2,0.16,42.4,0.23,5.7,0.48,1
STU_12927,YKS_TYT_AYT,11,Kaygıyla Erteleyen,186,22.9,1,0.8,60.2,0.89,9.1,0.51,1
STU_12928,YKS_TYT_AYT,11,Yarıda Bırakan,198,11.9,1,0.41,31.7,0.48,4.3,0.09,1
STU_12929,LGS,8,Kaygıyla Erteleyen,398,26.0,1,0.79,39.1,0.66,10.0,0.46,1
STU_12930,YKS_TYT_AYT,12,Kaygıyla Erteleyen,265,35.3,3,0.77,65.6,0.65,8.3,0.46,0
STU_12931,YKS_TYT_AYT,11,Başlayamayan,107,10.2,2,0.41,45.5,0.79,5.3,0.03,1
STU_12932,LGS,8,Telefonla Dağılan,465,13.7,5,0.76,66.2,0.42,4.9,0.62,0
STU_12933,YKS_TYT_AYT,Mezun,Yarıda Bırakan,210,19.4,3,0.46,33.4,0.53,5.2,0.65,0
STU_12934,YKS_TYT_AYT,11,Yarıda Bırakan,179,21.0,3,0.69,16.8,0.51,4.1,0.44,1
STU_12935,LGS,8,Yarıda Bırakan,273,14.4,0,0.18,70.2,0.39,3.7,0.45,0
STU_12936,YKS_TYT_AYT,12,Telefonla Dağılan,472,17.4,5,0.67,35.7,0.49,5.4,0.71,0
STU_12937,YKS_TYT_AYT,12,Yarıda Bırakan,225,18.8,3,0.32,46.9,0.47,5.7,0.17,1
STU_12938,YKS_TYT_AYT,11,Başlayamayan,179,12.6,1,0.19,43.9,0.63,5.0,0.69,1
STU_12939,LGS,8,Telefonla Dağılan,690,23.3,7,0.75,85.3,0.44,6.7,0.54,1
STU_12940,LGS,8,Başlayamayan,89,10.0,2,0.55,64.3,0.78,6.7,0.32,1
STU_12941,YKS_TYT_AYT,12,Başlayamayan,137,12.7,3,0.46,36.1,0.86,10.0,0.5,1
STU_12942,LGS,8,Yarıda Bırakan,300,21.2,2,0.73,75.3,0.55,4.0,0.22,1
STU_12943,YKS_TYT_AYT,Mezun,Yarıda Bırakan,310,17.5,3,0.33,31.6,0.44,4.9,0.39,0
STU_12944,YKS_TYT_AYT,12,Telefonla Dağılan,606,34.1,4,0.49,52.6,0.6,3.9,0.51,0
STU_12945,LGS,8,Başlayamayan,68,14.2,1,0.16,42.2,0.74,8.5,0.45,1
STU_12946,YKS_TYT_AYT,11,Geceye Kayan,498,28.0,1,0.92,73.0,0.22,5.2,0.89,0
STU_12947,YKS_TYT_AYT,Mezun,Telefonla Dağılan,424,26.2,3,0.37,42.2,0.44,3.2,0.13,0
STU_12948,LGS,8,Yarıda Bırakan,200,11.1,9,0.48,78.4,0.63,5.0,0.42,0
STU_12949,YKS_TYT_AYT,11,Yarıda Bırakan,424,21.7,3,0.29,57.9,0.45,4.4,0.38,0
STU_12950,YKS_TYT_AYT,12,Yarıda Bırakan,341,26.6,4,0.55,54.5,0.47,5.7,0.49,0
STU_12951,YKS_TYT_AYT,12,Telefonla Dağılan,574,12.6,5,0.32,62.6,0.12,3.5,0.75,0
STU_12952,YKS_TYT_AYT,Mezun,Başlayamayan,121,10.1,3,0.03,50.3,0.8,5.0,0.51,1
STU_12953,YKS_TYT_AYT,12,Başlayamayan,137,15.4,3,0.17,38.0,0.66,8.5,0.05,1
STU_12954,YKS_TYT_AYT,11,Kaygıyla Erteleyen,265,31.6,2,0.9,85.8,0.91,10.0,0.23,1
STU_12955,YKS_TYT_AYT,Mezun,Yarıda Bırakan,232,31.4,2,0.54,45.7,0.55,5.9,0.44,0
STU_12956,YKS_TYT_AYT,12,Yarıda Bırakan,225,17.0,2,0.7,52.0,0.92,5.7,0.17,0
STU_12957,YKS_TYT_AYT,12,Kaygıyla Erteleyen,229,24.8,2,0.97,77.2,0.92,6.9,0.13,1
STU_12958,LGS,8,Telefonla Dağılan,779,26.7,10,0.65,60.3,0.73,1.6,0.73,0
STU_12959,YKS_TYT_AYT,11,Yarıda Bırakan,180,18.6,2,0.47,59.0,0.36,6.0,0.4,1
STU_12960,LGS,8,Telefonla Dağılan,636,33.8,8,0.48,64.4,0.53,4.4,0.75,1
STU_12961,LGS,8,Başlayamayan,67,3.8,0,0.22,49.3,0.22,6.1,0.18,1
STU_12962,LGS,8,Telefonla Dağılan,658,26.4,3,0.61,47.0,0.5,3.4,0.48,0
STU_12963,YKS_TYT_AYT,12,Telefonla Dağılan,465,26.5,6,0.53,62.3,0.48,4.9,0.61,0
STU_12964,YKS_TYT_AYT,12,Kaygıyla Erteleyen,397,27.9,2,0.84,62.5,0.89,9.7,0.11,0
STU_12965,YKS_TYT_AYT,Mezun,Geceye Kayan,656,40.1,5,0.6,66.0,0.26,4.9,0.87,0
STU_12966,YKS_TYT_AYT,11,Geceye Kayan,684,16.8,8,0.62,66.4,0.21,4.3,0.82,0
STU_12967,YKS_TYT_AYT,12,Geceye Kayan,591,43.4,2,0.44,56.4,0.15,5.2,0.89,0
STU_12968,YKS_TYT_AYT,12,Telefonla Dağılan,847,29.8,6,0.41,44.6,0.36,5.7,0.69,1
STU_12969,YKS_TYT_AYT,11,Yarıda Bırakan,344,17.7,5,0.12,75.4,0.21,5.7,0.4,0
STU_12970,LGS,8,Yarıda Bırakan,271,16.7,3,0.35,69.1,0.33,5.8,0.06,0
STU_12971,LGS,8,Telefonla Dağılan,474,24.8,10,0.67,57.4,0.36,4.4,0.5,1
STU_12972,YKS_TYT_AYT,11,Geceye Kayan,653,51.3,5,0.82,71.2,0.16,5.3,0.69,1
STU_12973,YKS_TYT_AYT,12,Başlayamayan,93,10.3,2,0.55,43.1,0.92,5.3,0.36,1
STU_12974,LGS,8,Geceye Kayan,567,41.3,1,0.53,78.3,0.15,4.6,0.77,1
STU_12975,LGS,8,Kaygıyla Erteleyen,380,36.6,3,0.69,55.7,0.92,9.5,0.09,0
STU_12976,YKS_TYT_AYT,11,Geceye Kayan,611,26.0,3,0.44,64.0,0.26,3.3,0.7,0
STU_12977,LGS,8,Geceye Kayan,607,27.3,1,0.56,77.8,0.12,7.3,0.38,0
STU_12978,YKS_TYT_AYT,12,Yarıda Bırakan,267,19.2,6,0.23,59.5,0.77,4.2,0.44,0
STU_12979,YKS_TYT_AYT,12,Başlayamayan,128,14.7,3,0.38,59.1,0.83,8.0,0.05,1
STU_12980,YKS_TYT_AYT,12,Başlayamayan,104,10.9,0,0.43,48.2,0.49,5.5,0.25,0
STU_12981,LGS,8,Yarıda Bırakan,224,17.6,3,0.41,46.6,0.33,4.3,0.44,0
STU_12982,YKS_TYT_AYT,12,Telefonla Dağılan,696,19.4,5,0.81,67.5,0.27,5.7,0.35,0
STU_12983,YKS_TYT_AYT,11,Kaygıyla Erteleyen,258,34.2,0,0.78,76.5,0.87,7.6,0.14,0
STU_12984,YKS_TYT_AYT,12,Geceye Kayan,625,37.7,4,0.82,45.8,0.31,3.0,0.65,1
STU_12985,YKS_TYT_AYT,Mezun,Telefonla Dağılan,582,28.6,6,0.62,86.8,0.36,1.8,0.86,0
STU_12986,LGS,8,Başlayamayan,145,16.8,2,0.19,38.5,0.62,4.5,0.07,1
STU_12987,YKS_TYT_AYT,12,Başlayamayan,105,20.0,1,0.16,61.5,0.56,7.7,0.51,1
STU_12988,YKS_TYT_AYT,Mezun,Başlayamayan,132,8.5,1,0.07,39.3,0.88,6.9,0.03,1
STU_12989,YKS_TYT_AYT,Mezun,Yarıda Bırakan,204,21.1,4,0.76,48.7,0.59,4.7,0.15,1
STU_12990,LGS,8,Telefonla Dağılan,535,37.4,8,0.8,62.5,0.72,2.9,0.7,0
STU_12991,YKS_TYT_AYT,11,Başlayamayan,160,6.3,1,0.21,52.6,0.88,7.6,0.07,0
STU_12992,YKS_TYT_AYT,12,Yarıda Bırakan,268,13.0,3,0.56,53.2,0.21,1.9,0.41,1
STU_12993,LGS,8,Başlayamayan,110,12.2,3,0.13,50.1,0.53,6.3,0.18,1
STU_12994,LGS,8,Telefonla Dağılan,552,24.1,6,0.42,64.4,0.18,4.3,0.3,1
STU_12995,YKS_TYT_AYT,12,Yarıda Bırakan,230,10.7,3,0.5,53.0,0.3,4.7,0.18,0
STU_12996,LGS,8,Telefonla Dağılan,412,35.8,8,0.14,50.1,0.56,3.2,0.62,0
STU_12997,LGS,8,Yarıda Bırakan,162,25.7,6,0.38,46.1,0.4,7.4,0.08,0
STU_12998,LGS,8,Geceye Kayan,486,39.8,4,0.61,59.4,0.36,6.9,0.99,0
STU_12999,YKS_TYT_AYT,11,Başlayamayan,79,15.5,2,0.24,53.4,0.72,7.1,0.33,1
STU_13000,YKS_TYT_AYT,12,Telefonla Dağılan,552,28.7,8,0.43,73.6,0.6,4.0,0.78,1
STU_13001,YKS_TYT_AYT,11,Telefonla Dağılan,651,16.4,4,0.61,69.5,0.84,3.7,0.89,1
STU_13002,LGS,8,Telefonla Dağılan,572,16.5,7,0.46,61.5,0.76,3.0,0.77,0
STU_13003,YKS_TYT_AYT,11,Geceye Kayan,498,35.2,5,0.73,71.0,0.5,4.6,0.76,0
STU_13004,YKS_TYT_AYT,12,Yarıda Bırakan,222,26.0,2,0.48,57.1,0.81,3.9,0.21,0
STU_13005,YKS_TYT_AYT,12,Yarıda Bırakan,237,15.4,4,0.6,50.6,0.58,4.6,0.42,1
STU_13006,YKS_TYT_AYT,12,Başlayamayan,122,13.0,1,0.45,45.4,0.88,5.4,0.35,1
STU_13007,LGS,8,Telefonla Dağılan,506,20.2,3,0.71,67.9,0.66,3.8,0.4,0
STU_13008,YKS_TYT_AYT,Mezun,Yarıda Bırakan,301,10.8,2,0.8,63.6,0.72,4.8,0.5,0
STU_13009,LGS,8,Başlayamayan,155,12.2,3,0.26,48.7,0.73,7.6,0.31,0
STU_13010,YKS_TYT_AYT,11,Telefonla Dağılan,423,23.3,3,0.65,67.8,0.5,5.7,0.33,0
STU_13011,LGS,8,Telefonla Dağılan,343,39.5,1,0.46,59.5,0.26,5.3,0.76,1
STU_13012,LGS,8,Başlayamayan,88,16.1,2,0.2,48.6,0.71,9.1,0.35,0
STU_13013,LGS,8,Telefonla Dağılan,347,19.9,6,0.81,64.9,0.82,3.5,0.35,0
STU_13014,YKS_TYT_AYT,Mezun,Telefonla Dağılan,571,30.5,8,0.65,53.4,0.7,2.8,0.46,1
STU_13015,LGS,8,Başlayamayan,42,9.2,0,0.04,52.6,0.94,8.1,0.12,1
STU_13016,YKS_TYT_AYT,Mezun,Yarıda Bırakan,228,16.8,2,0.53,55.1,0.87,6.7,0.25,1
STU_13017,LGS,8,Telefonla Dağılan,358,28.5,7,0.91,54.7,0.3,4.5,0.21,0
STU_13018,LGS,8,Telefonla Dağılan,622,22.3,8,0.34,69.3,0.1,4.2,0.43,0
STU_13019,YKS_TYT_AYT,12,Yarıda Bırakan,323,19.8,1,0.48,38.8,0.39,3.8,0.01,1
STU_13020,LGS,8,Yarıda Bırakan,211,18.0,2,0.48,66.6,0.24,3.8,0.51,1
STU_13021,YKS_TYT_AYT,Mezun,Telefonla Dağılan,439,16.7,7,0.43,74.4,0.44,4.5,0.52,1
STU_13022,YKS_TYT_AYT,11,Geceye Kayan,563,38.6,1,0.44,71.1,0.68,3.8,0.68,0
STU_13023,LGS,8,Telefonla Dağılan,356,30.4,0,0.57,59.5,0.4,4.9,0.47,0
STU_13024,LGS,8,Başlayamayan,136,11.7,2,0.53,43.0,0.88,6.7,0.46,1
STU_13025,LGS,8,Yarıda Bırakan,284,13.8,1,0.67,58.9,0.08,4.6,0.24,1
STU_13026,YKS_TYT_AYT,12,Geceye Kayan,497,31.9,3,0.44,69.5,0.19,6.0,0.67,0
STU_13027,YKS_TYT_AYT,12,Başlayamayan,80,13.0,0,0.62,31.0,0.91,5.7,0.44,1
STU_13028,YKS_TYT_AYT,Mezun,Geceye Kayan,598,33.1,3,0.65,88.5,0.29,3.4,0.81,0
STU_13029,YKS_TYT_AYT,11,Geceye Kayan,424,31.1,2,0.57,65.0,0.17,4.9,0.95,1
STU_13030,LGS,8,Başlayamayan,83,19.6,2,0.06,53.3,0.85,4.5,0.38,1
STU_13031,LGS,8,Geceye Kayan,778,40.7,1,0.74,81.0,0.31,4.1,0.75,1
STU_13032,YKS_TYT_AYT,12,Yarıda Bırakan,215,13.7,2,0.11,49.7,0.41,4.7,0.29,0
STU_13033,LGS,8,Kaygıyla Erteleyen,309,34.9,2,0.65,63.9,0.83,8.1,0.28,0
STU_13034,LGS,8,Yarıda Bırakan,353,17.4,1,0.8,48.7,0.32,6.3,0.43,0
STU_13035,LGS,8,Yarıda Bırakan,229,27.6,4,0.57,50.1,0.63,3.6,0.28,1
STU_13036,YKS_TYT_AYT,Mezun,Telefonla Dağılan,552,24.0,4,0.61,66.6,0.24,3.6,0.52,1
STU_13037,YKS_TYT_AYT,12,Kaygıyla Erteleyen,361,26.7,1,0.87,98.7,0.74,9.5,0.78,1
STU_13038,LGS,8,Başlayamayan,137,16.2,2,0.17,52.5,0.66,8.2,0.14,1
STU_13039,YKS_TYT_AYT,12,Telefonla Dağılan,603,18.4,4,0.53,38.4,0.3,4.2,0.62,1
STU_13040,LGS,8,Başlayamayan,80,14.6,3,0.35,51.3,0.55,4.7,0.33,1
STU_13041,YKS_TYT_AYT,12,Yarıda Bırakan,272,16.7,5,0.56,57.7,0.88,4.2,0.66,1
STU_13042,LGS,8,Yarıda Bırakan,306,20.3,4,0.48,47.2,0.66,4.5,0.72,1
STU_13043,LGS,8,Yarıda Bırakan,199,7.1,2,0.39,48.0,0.21,4.9,0.7,1
STU_13044,YKS_TYT_AYT,Mezun,Yarıda Bırakan,215,13.4,6,0.64,69.2,0.68,7.7,0.09,0
STU_13045,YKS_TYT_AYT,Mezun,Başlayamayan,108,17.3,0,0.38,50.5,0.73,6.9,0.24,1
STU_13046,YKS_TYT_AYT,12,Başlayamayan,99,12.7,1,0.31,54.1,0.92,7.7,0.17,1
STU_13047,LGS,8,Başlayamayan,46,12.7,3,0.16,62.2,0.58,3.7,0.44,0
STU_13048,LGS,8,Telefonla Dağılan,552,20.6,5,0.45,55.6,0.39,3.8,0.33,0
STU_13049,LGS,8,Geceye Kayan,456,40.8,4,0.7,45.7,0.26,3.4,0.83,1
STU_13050,LGS,8,Başlayamayan,108,13.7,0,0.69,48.3,0.64,7.5,0.31,1
STU_13051,YKS_TYT_AYT,12,Geceye Kayan,688,20.0,3,0.61,90.0,0.41,5.1,0.84,0
STU_13052,LGS,8,Telefonla Dağılan,587,44.1,7,0.57,62.6,0.25,3.5,0.34,1
STU_13053,LGS,8,Telefonla Dağılan,482,33.7,10,0.92,43.7,0.38,4.6,0.29,1
STU_13054,YKS_TYT_AYT,12,Telefonla Dağılan,659,40.1,6,0.54,50.0,0.16,5.3,0.25,0
STU_13055,YKS_TYT_AYT,12,Kaygıyla Erteleyen,247,19.2,3,0.73,62.9,0.8,7.7,0.37,0
STU_13056,YKS_TYT_AYT,12,Başlayamayan,131,15.3,3,0.06,52.0,0.69,8.5,0.51,1
STU_13057,LGS,8,Telefonla Dağılan,478,22.1,7,0.71,54.4,0.63,5.5,0.34,1
STU_13058,LGS,8,Telefonla Dağılan,654,25.1,12,0.4,34.5,0.15,5.8,0.38,1
STU_13059,YKS_TYT_AYT,Mezun,Telefonla Dağılan,536,24.4,6,0.49,72.2,0.56,3.8,0.75,1
STU_13060,LGS,8,Kaygıyla Erteleyen,294,36.3,1,0.85,76.2,0.8,10.0,0.26,1
STU_13061,LGS,8,Başlayamayan,83,13.5,0,0.32,58.0,0.83,5.9,0.6,0
STU_13062,YKS_TYT_AYT,12,Telefonla Dağılan,411,23.8,5,0.22,71.8,0.18,3.0,0.65,1
STU_13063,YKS_TYT_AYT,12,Telefonla Dağılan,574,32.3,6,0.35,55.0,0.31,4.0,0.71,1
STU_13064,YKS_TYT_AYT,12,Yarıda Bırakan,320,9.9,5,0.55,45.6,0.3,6.3,0.44,1
STU_13065,LGS,8,Yarıda Bırakan,308,22.3,2,0.54,49.3,0.28,4.4,0.14,0
STU_13066,LGS,8,Telefonla Dağılan,621,24.9,9,0.34,42.4,0.53,5.2,0.43,0
STU_13067,YKS_TYT_AYT,12,Geceye Kayan,369,32.6,1,0.61,76.9,0.29,3.5,0.85,0
STU_13068,LGS,8,Telefonla Dağılan,546,13.3,9,0.73,67.1,0.35,3.2,0.76,1
STU_13069,YKS_TYT_AYT,11,Kaygıyla Erteleyen,334,24.0,1,0.67,70.5,0.96,8.6,0.08,0
STU_13070,YKS_TYT_AYT,12,Yarıda Bırakan,183,19.7,4,0.82,43.4,0.34,5.0,0.53,1
STU_13071,YKS_TYT_AYT,12,Başlayamayan,76,9.0,2,0.14,34.5,0.81,4.4,0.05,1
STU_13072,LGS,8,Başlayamayan,120,10.9,1,0.26,72.8,0.82,5.5,0.06,1
STU_13073,LGS,8,Başlayamayan,166,11.6,5,0.13,44.8,0.43,8.0,0.44,0
STU_13074,YKS_TYT_AYT,11,Yarıda Bırakan,378,20.3,3,0.69,55.0,0.26,5.7,0.5,1
STU_13075,YKS_TYT_AYT,11,Yarıda Bırakan,247,10.9,1,0.88,45.6,0.53,4.6,0.35,1
STU_13076,YKS_TYT_AYT,Mezun,Telefonla Dağılan,611,27.0,5,0.55,56.2,0.4,6.9,0.46,0
STU_13077,LGS,8,Telefonla Dağılan,493,21.9,6,0.57,62.0,0.11,4.4,0.42,0
STU_13078,LGS,8,Başlayamayan,114,4.6,0,0.08,26.2,0.8,7.2,0.41,1
STU_13079,YKS_TYT_AYT,11,Yarıda Bırakan,187,26.1,3,0.3,51.6,0.63,4.7,0.24,1
STU_13080,YKS_TYT_AYT,11,Yarıda Bırakan,378,16.0,5,0.59,60.8,0.73,4.6,0.54,1
STU_13081,YKS_TYT_AYT,12,Telefonla Dağılan,543,29.1,5,0.42,88.6,0.76,5.3,0.76,0
STU_13082,LGS,8,Başlayamayan,94,8.8,1,0.45,47.8,0.61,7.0,0.56,0
STU_13083,YKS_TYT_AYT,12,Başlayamayan,55,17.6,0,0.22,42.6,0.85,7.3,0.23,1
STU_13084,YKS_TYT_AYT,11,Geceye Kayan,473,29.8,5,0.77,81.4,0.27,3.4,0.82,0
STU_13085,YKS_TYT_AYT,12,Kaygıyla Erteleyen,392,32.4,2,0.53,81.4,0.67,7.9,0.19,0
STU_13086,LGS,8,Başlayamayan,121,8.4,0,0.32,33.3,0.37,7.4,0.37,1
STU_13087,LGS,8,Yarıda Bırakan,320,20.6,1,0.35,52.5,0.53,3.9,0.45,0
STU_13088,YKS_TYT_AYT,12,Yarıda Bırakan,157,21.1,4,0.46,59.4,0.62,4.7,0.42,0
STU_13089,LGS,8,Kaygıyla Erteleyen,294,22.0,0,0.51,68.7,0.85,7.7,0.17,1
STU_13090,YKS_TYT_AYT,11,Telefonla Dağılan,557,21.9,4,0.89,43.4,0.44,5.7,0.47,0
STU_13091,YKS_TYT_AYT,12,Başlayamayan,142,9.4,1,0.32,50.9,0.55,6.1,0.15,1
STU_13092,LGS,8,Telefonla Dağılan,523,26.7,9,0.64,68.9,0.39,5.1,0.32,1
STU_13093,YKS_TYT_AYT,Mezun,Yarıda Bırakan,244,24.8,3,0.43,59.9,0.68,5.7,0.62,0
STU_13094,LGS,8,Yarıda Bırakan,144,12.2,2,0.56,63.7,0.76,7.1,0.02,1
STU_13095,YKS_TYT_AYT,11,Yarıda Bırakan,273,22.1,2,0.6,42.3,0.57,6.4,0.53,0
STU_13096,YKS_TYT_AYT,12,Telefonla Dağılan,433,25.0,8,0.71,64.5,0.44,2.9,0.44,0
STU_13097,LGS,8,Yarıda Bırakan,269,8.7,3,0.35,47.0,0.29,4.7,0.12,1
STU_13098,LGS,8,Yarıda Bırakan,314,18.0,4,0.29,67.9,0.21,4.4,0.45,1
STU_13099,YKS_TYT_AYT,12,Yarıda Bırakan,195,8.9,4,0.32,53.0,0.77,5.9,0.36,1
STU_13100,LGS,8,Başlayamayan,109,13.3,0,0.21,39.1,0.76,6.7,0.42,1
STU_13101,YKS_TYT_AYT,12,Kaygıyla Erteleyen,322,34.1,0,0.52,69.8,0.9,9.2,0.08,0
STU_13102,YKS_TYT_AYT,11,Başlayamayan,87,13.4,1,0.23,50.2,0.81,7.9,0.55,1
STU_13103,YKS_TYT_AYT,12,Başlayamayan,169,15.6,1,0.06,41.9,0.83,6.5,0.73,0
STU_13104,LGS,8,Telefonla Dağılan,486,26.5,7,0.68,78.6,0.32,3.9,0.64,1
STU_13105,YKS_TYT_AYT,Mezun,Kaygıyla Erteleyen,405,33.5,0,0.83,89.7,0.73,8.9,0.58,0
STU_13106,YKS_TYT_AYT,12,Kaygıyla Erteleyen,317,18.2,2,0.81,56.5,0.58,9.3,0.07,0
STU_13107,LGS,8,Telefonla Dağılan,347,22.7,4,0.52,48.7,0.26,3.3,0.84,1
STU_13108,YKS_TYT_AYT,Mezun,Başlayamayan,54,10.2,2,0.36,59.1,0.7,6.6,0.1,1
STU_13109,YKS_TYT_AYT,12,Telefonla Dağılan,503,34.1,3,0.91,70.1,0.39,5.1,0.49,0
STU_13110,YKS_TYT_AYT,11,Telefonla Dağılan,575,26.0,3,0.89,42.6,0.04,2.3,0.28,0
STU_13111,LGS,8,Yarıda Bırakan,240,19.1,4,0.12,70.9,0.6,6.3,0.09,1
STU_13112,YKS_TYT_AYT,11,Geceye Kayan,823,26.3,3,0.57,65.1,0.07,5.0,0.8,0
STU_13113,LGS,8,Başlayamayan,130,8.1,1,0.22,49.8,0.78,3.9,0.44,1
STU_13114,LGS,8,Geceye Kayan,528,38.9,3,0.25,65.9,0.01,5.9,0.7,0
STU_13115,YKS_TYT_AYT,12,Kaygıyla Erteleyen,386,18.9,3,0.81,77.9,0.92,10.0,0.21,0
STU_13116,YKS_TYT_AYT,12,Telefonla Dağılan,634,16.2,9,0.67,64.9,0.37,3.1,0.85,0
STU_13117,LGS,8,Geceye Kayan,559,37.5,3,0.71,92.6,0.23,9.2,0.8,0
STU_13118,LGS,8,Telefonla Dağılan,441,26.6,9,0.41,56.7,0.43,5.0,0.58,0
STU_13119,LGS,8,Başlayamayan,187,4.5,0,0.47,50.6,0.8,6.7,0.22,1
STU_13120,LGS,8,Yarıda Bırakan,506,14.2,5,0.24,61.0,0.19,3.8,0.74,0
STU_13121,LGS,8,Başlayamayan,132,7.7,2,0.23,55.5,0.53,7.8,0.37,1
STU_13122,LGS,8,Yarıda Bırakan,399,12.1,1,0.27,45.7,0.36,4.3,0.47,1
STU_13123,YKS_TYT_AYT,Mezun,Telefonla Dağılan,740,21.6,9,0.8,49.2,0.45,4.9,0.39,1
STU_13124,YKS_TYT_AYT,11,Yarıda Bırakan,457,8.1,2,0.17,72.0,0.65,4.5,0.17,0
STU_13125,YKS_TYT_AYT,11,Yarıda Bırakan,351,17.7,5,0.67,54.2,0.37,6.3,0.12,0
STU_13126,YKS_TYT_AYT,12,Telefonla Dağılan,661,18.8,8,0.53,45.6,0.31,6.0,0.67,1
STU_13127,LGS,8,Kaygıyla Erteleyen,291,32.6,1,0.81,62.7,0.84,9.6,0.38,0
STU_13128,YKS_TYT_AYT,Mezun,Başlayamayan,117,21.0,3,0.28,43.0,0.44,5.8,0.23,1
STU_13129,YKS_TYT_AYT,Mezun,Yarıda Bırakan,322,27.6,2,0.58,49.2,0.61,4.2,0.16,0
STU_13130,YKS_TYT_AYT,12,Başlayamayan,122,16.2,2,0.49,26.7,0.84,6.4,0.36,1
STU_13131,YKS_TYT_AYT,12,Telefonla Dağılan,563,24.8,8,0.22,51.6,0.31,2.9,0.62,0
STU_13132,YKS_TYT_AYT,11,Başlayamayan,79,11.7,2,0.38,68.5,0.94,3.8,0.65,1
STU_13133,YKS_TYT_AYT,11,Telefonla Dağılan,493,19.7,10,0.56,65.3,0.86,6.2,0.66,0
STU_13134,LGS,8,Yarıda Bırakan,219,13.4,4,0.2,55.1,0.62,2.5,0.54,0
STU_13135,YKS_TYT_AYT,12,Başlayamayan,168,5.8,1,0.33,45.8,0.69,5.2,0.22,1
STU_13136,YKS_TYT_AYT,12,Geceye Kayan,972,44.1,4,0.43,63.9,0.35,5.5,0.9,0
STU_13137,YKS_TYT_AYT,12,Başlayamayan,74,10.3,0,0.32,56.3,0.79,7.0,0.36,0
STU_13138,YKS_TYT_AYT,12,Yarıda Bırakan,317,19.5,8,0.37,68.0,0.4,2.6,0.15,0
STU_13139,LGS,8,Başlayamayan,99,14.6,0,0.25,34.3,0.77,6.9,0.11,1
STU_13140,LGS,8,Telefonla Dağılan,437,20.4,7,0.76,72.2,0.52,5.5,0.18,1
STU_13141,YKS_TYT_AYT,12,Telefonla Dağılan,570,26.7,7,0.89,46.5,0.57,3.7,0.67,0
STU_13142,YKS_TYT_AYT,12,Yarıda Bırakan,350,11.6,1,0.31,54.7,0.7,5.7,0.56,1
STU_13143,YKS_TYT_AYT,12,Başlayamayan,89,10.1,1,0.37,64.9,0.92,6.3,0.26,1
STU_13144,LGS,8,Yarıda Bırakan,161,31.0,1,0.6,52.1,0.89,4.7,0.37,0
STU_13145,LGS,8,Telefonla Dağılan,465,37.8,10,0.58,67.9,0.63,5.1,0.47,1
STU_13146,YKS_TYT_AYT,12,Kaygıyla Erteleyen,329,30.9,4,0.5,68.2,0.54,9.5,0.28,0
STU_13147,YKS_TYT_AYT,12,Telefonla Dağılan,308,22.8,4,0.81,59.7,0.49,5.4,0.66,0
STU_13148,YKS_TYT_AYT,12,Telefonla Dağılan,592,16.8,6,0.49,65.3,0.6,4.1,0.35,0
STU_13149,YKS_TYT_AYT,Mezun,Başlayamayan,161,22.6,0,0.37,56.4,0.66,5.3,0.58,1
STU_13150,YKS_TYT_AYT,12,Yarıda Bırakan,358,12.1,1,0.24,29.9,0.31,5.7,0.03,1
STU_13151,LGS,8,Başlayamayan,112,3.9,1,0.1,78.1,0.76,5.0,0.62,1
STU_13152,YKS_TYT_AYT,11,Yarıda Bırakan,210,19.3,0,0.59,55.4,0.6,3.3,0.4,1
STU_13153,YKS_TYT_AYT,Mezun,Yarıda Bırakan,365,18.5,4,0.14,59.0,0.27,6.1,0.38,1
STU_13154,YKS_TYT_AYT,11,Telefonla Dağılan,396,24.5,6,0.69,60.9,0.5,4.0,0.48,1
STU_13155,YKS_TYT_AYT,Mezun,Telefonla Dağılan,495,22.2,9,0.61,67.6,0.28,5.4,0.63,0
STU_13156,YKS_TYT_AYT,12,Geceye Kayan,505,46.7,1,0.91,71.6,0.29,4.0,0.76,0
STU_13157,LGS,8,Başlayamayan,153,16.8,4,0.22,35.9,0.59,7.8,0.07,0
STU_13158,YKS_TYT_AYT,12,Telefonla Dağılan,442,22.3,4,0.57,42.7,0.62,4.3,0.77,0
STU_13159,LGS,8,Kaygıyla Erteleyen,270,42.0,1,0.85,56.1,0.71,9.4,0.74,1
STU_13160,YKS_TYT_AYT,11,Telefonla Dağılan,406,29.0,5,0.1,66.1,0.33,5.8,0.5,0
STU_13161,LGS,8,Yarıda Bırakan,233,16.6,1,0.14,68.3,0.48,4.5,0.05,1
STU_13162,LGS,8,Yarıda Bırakan,256,22.9,1,0.15,49.9,0.58,6.1,0.64,0
STU_13163,YKS_TYT_AYT,12,Başlayamayan,69,7.8,1,0.05,39.5,0.91,7.3,0.08,0
STU_13164,LGS,8,Yarıda Bırakan,249,18.1,2,0.43,42.5,0.62,6.4,0.17,0
STU_13165,YKS_TYT_AYT,12,Telefonla Dağılan,517,28.5,6,0.79,52.8,0.16,7.0,0.56,0
STU_13166,YKS_TYT_AYT,12,Başlayamayan,84,20.9,2,0.33,41.0,0.53,7.5,0.17,1
STU_13167,LGS,8,Başlayamayan,69,11.9,0,0.06,34.8,0.97,5.7,0.21,1
STU_13168,YKS_TYT_AYT,12,Telefonla Dağılan,444,26.5,3,0.35,65.0,0.39,5.9,0.54,0
STU_13169,LGS,8,Kaygıyla Erteleyen,368,29.0,1,0.71,43.7,0.96,7.0,0.44,0
STU_13170,YKS_TYT_AYT,Mezun,Yarıda Bırakan,177,18.5,4,0.37,51.8,0.37,5.6,0.45,1
STU_13171,LGS,8,Telefonla Dağılan,566,29.9,2,0.58,60.1,0.33,4.0,0.66,0
STU_13172,LGS,8,Yarıda Bırakan,188,19.7,1,0.41,56.1,0.36,7.0,0.66,1
STU_13173,LGS,8,Başlayamayan,132,8.7,0,0.13,29.2,0.74,4.4,0.4,1
STU_13174,LGS,8,Yarıda Bırakan,215,18.2,1,0.45,36.4,0.67,3.1,0.35,0
STU_13175,LGS,8,Telefonla Dağılan,422,29.9,6,0.97,39.0,0.41,3.6,0.29,0
STU_13176,YKS_TYT_AYT,Mezun,Geceye Kayan,593,23.0,5,0.32,58.4,0.36,6.0,0.81,0
STU_13177,YKS_TYT_AYT,12,Başlayamayan,109,6.9,2,0.07,52.3,0.74,6.5,0.04,0
STU_13178,YKS_TYT_AYT,12,Telefonla Dağılan,490,22.4,8,0.58,59.6,0.68,4.4,0.56,1
STU_13179,YKS_TYT_AYT,12,Yarıda Bırakan,135,7.4,2,0.44,68.9,0.26,4.9,0.37,0
STU_13180,LGS,8,Telefonla Dağılan,565,31.1,4,0.89,60.5,0.29,4.5,0.51,1
STU_13181,LGS,8,Başlayamayan,35,19.8,1,0.11,60.6,0.12,5.3,0.2,0
STU_13182,LGS,8,Yarıda Bırakan,265,13.5,2,0.17,35.4,0.2,3.8,0.59,1
STU_13183,LGS,8,Kaygıyla Erteleyen,243,35.7,0,0.68,62.0,0.92,9.7,0.5,0
STU_13184,YKS_TYT_AYT,12,Telefonla Dağılan,571,31.8,5,0.83,72.2,0.31,4.8,0.74,0
STU_13185,YKS_TYT_AYT,12,Yarıda Bırakan,170,6.8,1,0.39,56.6,0.23,3.9,0.23,1
STU_13186,LGS,8,Yarıda Bırakan,259,16.7,2,0.4,52.7,0.7,8.1,0.62,1
STU_13187,LGS,8,Yarıda Bırakan,169,12.8,2,0.4,66.1,0.31,3.2,0.26,1
STU_13188,YKS_TYT_AYT,11,Yarıda Bırakan,359,17.1,5,0.27,57.2,0.41,4.4,0.27,1
STU_13189,YKS_TYT_AYT,12,Kaygıyla Erteleyen,296,27.6,0,0.83,71.8,0.56,8.6,0.08,0
STU_13190,LGS,8,Geceye Kayan,525,40.3,2,0.29,69.9,0.16,4.2,0.85,0
STU_13191,YKS_TYT_AYT,11,Yarıda Bırakan,185,14.1,3,0.36,49.4,0.77,5.8,0.19,1
STU_13192,YKS_TYT_AYT,12,Yarıda Bırakan,246,10.4,2,0.16,42.4,0.36,4.1,0.48,1
STU_13193,LGS,8,Kaygıyla Erteleyen,233,29.7,2,0.65,74.7,0.98,7.6,0.34,0
STU_13194,LGS,8,Yarıda Bırakan,337,18.3,1,0.26,47.8,0.55,6.6,0.7,1
STU_13195,YKS_TYT_AYT,12,Telefonla Dağılan,357,22.4,8,0.8,72.6,0.38,2.4,0.68,1
STU_13196,YKS_TYT_AYT,Mezun,Yarıda Bırakan,161,25.6,4,0.31,54.9,0.54,3.7,0.3,0
STU_13197,YKS_TYT_AYT,12,Telefonla Dağılan,536,17.0,6,0.62,56.1,0.44,5.8,0.52,0
STU_13198,LGS,8,Telefonla Dağılan,582,25.2,7,0.68,73.7,0.36,4.5,0.61,0
STU_13199,LGS,8,Kaygıyla Erteleyen,426,19.8,3,0.56,66.2,0.89,9.5,0.48,1
STU_13200,YKS_TYT_AYT,Mezun,Kaygıyla Erteleyen,423,23.4,2,0.63,56.9,0.88,7.9,0.5,0
STU_13201,YKS_TYT_AYT,Mezun,Başlayamayan,100,7.3,3,0.38,41.5,0.72,5.4,0.4,0
STU_13202,LGS,8,Telefonla Dağılan,339,36.5,10,0.9,77.0,0.54,2.9,0.72,1
STU_13203,YKS_TYT_AYT,12,Kaygıyla Erteleyen,378,34.2,0,0.96,72.9,0.51,8.2,0.72,0
STU_13204,YKS_TYT_AYT,Mezun,Yarıda Bırakan,264,11.8,3,0.36,44.4,0.53,4.2,0.13,0
STU_13205,YKS_TYT_AYT,11,Başlayamayan,85,14.3,2,0.46,68.1,0.94,3.8,0.67,0
STU_13206,YKS_TYT_AYT,12,Başlayamayan,55,15.9,3,0.66,61.4,0.88,3.7,0.47,1
STU_13207,YKS_TYT_AYT,12,Yarıda Bırakan,151,26.0,5,0.55,70.0,0.87,3.8,0.16,1
STU_13208,YKS_TYT_AYT,11,Yarıda Bırakan,218,17.4,1,0.38,51.3,0.51,6.3,0.21,1
STU_13209,YKS_TYT_AYT,12,Telefonla Dağılan,531,17.1,8,0.68,60.5,0.32,3.7,0.2,0
STU_13210,LGS,8,Başlayamayan,212,14.9,0,0.23,64.8,0.56,9.0,0.12,1
STU_13211,YKS_TYT_AYT,12,Kaygıyla Erteleyen,441,39.8,2,0.73,63.6,0.6,9.7,0.19,0
STU_13212,LGS,8,Yarıda Bırakan,191,18.9,3,0.18,30.7,0.25,5.0,0.54,1
STU_13213,YKS_TYT_AYT,12,Yarıda Bırakan,200,22.0,2,0.33,40.3,0.29,4.7,0.27,0
STU_13214,LGS,8,Telefonla Dağılan,374,17.5,6,0.36,62.4,0.63,4.6,0.58,1
STU_13215,LGS,8,Telefonla Dağılan,509,24.6,6,0.42,60.7,0.79,5.7,0.6,1
STU_13216,LGS,8,Başlayamayan,153,9.2,2,0.5,32.9,0.43,7.5,0.05,1
STU_13217,LGS,8,Yarıda Bırakan,181,18.3,6,0.11,39.3,0.34,4.5,0.42,1
STU_13218,YKS_TYT_AYT,Mezun,Başlayamayan,163,14.6,3,0.34,49.2,0.77,3.4,0.28,1
STU_13219,YKS_TYT_AYT,12,Telefonla Dağılan,429,16.7,9,0.71,44.4,0.64,4.8,0.4,0
STU_13220,YKS_TYT_AYT,12,Kaygıyla Erteleyen,213,36.8,3,0.81,57.3,0.56,9.2,0.38,0
STU_13221,LGS,8,Yarıda Bırakan,173,19.1,0,0.27,60.6,0.22,5.1,0.18,0
STU_13222,LGS,8,Telefonla Dağılan,472,23.2,7,0.18,70.0,0.39,6.8,0.51,0
STU_13223,LGS,8,Telefonla Dağılan,574,30.3,6,0.24,55.9,0.38,5.3,0.74,1
STU_13224,LGS,8,Başlayamayan,70,11.0,2,0.52,46.9,0.67,7.7,0.21,1
STU_13225,YKS_TYT_AYT,Mezun,Geceye Kayan,585,43.6,4,0.67,65.5,0.29,3.5,0.95,1
STU_13226,LGS,8,Kaygıyla Erteleyen,320,35.7,1,0.8,46.9,0.71,9.6,0.37,0
STU_13227,LGS,8,Başlayamayan,104,19.4,0,0.41,44.0,0.31,7.2,0.09,0
STU_13228,LGS,8,Başlayamayan,137,8.1,2,0.53,58.8,0.65,7.1,0.51,1
STU_13229,LGS,8,Başlayamayan,158,13.2,0,0.32,40.7,0.72,6.4,0.2,1
STU_13230,YKS_TYT_AYT,12,Başlayamayan,148,9.7,5,0.41,60.6,0.76,7.3,0.46,1
STU_13231,YKS_TYT_AYT,12,Telefonla Dağılan,566,20.1,6,0.77,43.8,0.24,3.5,0.52,0
STU_13232,LGS,8,Yarıda Bırakan,272,11.2,3,0.21,65.0,0.84,6.8,0.21,1
STU_13233,LGS,8,Kaygıyla Erteleyen,265,23.3,0,0.34,73.2,0.82,7.8,0.31,0
STU_13234,LGS,8,Telefonla Dağılan,491,19.3,7,0.81,37.9,0.23,4.6,0.57,0
STU_13235,LGS,8,Telefonla Dağılan,484,27.7,8,0.42,64.1,0.17,4.8,0.6,0
STU_13236,LGS,8,Telefonla Dağılan,822,18.1,13,0.55,53.4,0.31,4.9,0.48,0
STU_13237,YKS_TYT_AYT,12,Başlayamayan,85,10.1,2,0.24,46.4,0.81,7.7,0.28,1
STU_13238,YKS_TYT_AYT,12,Yarıda Bırakan,182,15.4,4,0.27,63.9,0.83,3.7,0.11,1
STU_13239,YKS_TYT_AYT,12,Telefonla Dağılan,703,22.1,14,0.68,44.9,0.72,5.4,0.37,1
STU_13240,LGS,8,Başlayamayan,133,9.8,1,0.39,41.1,0.69,5.9,0.3,1
STU_13241,YKS_TYT_AYT,12,Başlayamayan,160,10.2,2,0.63,33.0,0.77,6.7,0.42,1
STU_13242,YKS_TYT_AYT,12,Kaygıyla Erteleyen,328,25.3,3,0.55,65.3,0.85,9.2,0.28,1
STU_13243,YKS_TYT_AYT,11,Telefonla Dağılan,551,31.7,5,0.51,44.3,0.45,3.1,0.5,1
STU_13244,YKS_TYT_AYT,Mezun,Yarıda Bırakan,156,18.3,2,0.47,63.6,0.31,6.1,0.3,0
STU_13245,LGS,8,Telefonla Dağılan,363,19.2,4,0.53,59.2,0.77,3.2,0.4,1
STU_13246,YKS_TYT_AYT,12,Kaygıyla Erteleyen,247,40.0,0,0.89,96.9,0.93,8.9,0.2,0
STU_13247,LGS,8,Yarıda Bırakan,235,14.4,1,0.52,41.2,0.62,6.3,0.16,1
STU_13248,YKS_TYT_AYT,11,Başlayamayan,88,11.4,0,0.3,58.5,0.48,4.4,0.4,1
STU_13249,YKS_TYT_AYT,12,Geceye Kayan,795,32.4,5,0.33,93.1,0.35,3.0,0.99,0
